geoid,2011 median income,2011 median income margin of error,2011 race: total households,2011 race: total households margin of error,2011 race: White,2011 race: Black,2011 race: Asian,2011 race: Other,2011 race: 2 or more races,2012 median income,2012 median income margin of error,2012 race: total households,2012 race: total households margin of error,2012 race: White,2012 race: Black,2012 race: Asian,2012 race: Other,2012 race: 2 or more races,2013 median income,2013 median income margin of error,2013 race: total households,2013 race: total households margin of error,2013 race: White,2013 race: Black,2013 race: Asian,2013 race: Other,2013 race: 2 or more races,2014 median income,2014 median income margin of error,2014 race: total households,2014 race: total households margin of error,2014 race: White,2014 race: Black,2014 race: Asian,2014 race: Other,2014 race: 2 or more races,2015 median income,2015 median income margin of error,2015 race: total households,2015 race: total households margin of error,2015 race: White,2015 race: Black,2015 race: Asian,2015 race: Other,2015 race: 2 or more races,2016 median income,2016 median income margin of error,2016 race: total households,2016 race: total households margin of error,2016 race: White,2016 race: Black,2016 race: Asian,2016 race: Other,2016 race: 2 or more races
42101000100,80813,11379,3027,345,2610,175,160,37,45,75505,6605,3183,381,2773,147,155,52,56,81987,10444,3399,429,2774,331,229,22,43,90225,15953,3527,403,2723,369,303,65,67,92207,16328,3608,389,2807,361,317,33,90,103772,11761,4012,476,3020,500,358,36,98
42101000200,37483,13839,1897,278,406,23,1443,16,9,49928,9068,2009,351,706,44,1231,19,9,51585,16827,2215,381,673,83,1420,18,21,46375,25827,2285,386,780,134,1277,23,71,59891,18665,2331,381,911,141,1183,32,64,50455,22642,2563,457,825,156,1389,59,134
42101000300,73556,11449,3365,362,2367,268,578,13,139,71250,11758,3509,423,2595,271,509,32,102,73357,5549,3398,431,2628,215,392,55,108,79968,17265,3438,360,2809,179,333,30,87,81950,17284,3405,297,2710,179,410,29,77,93036,15233,3530,300,2740,150,447,46,147
42101000401,26547,6585,2034,263,1172,180,544,12,126,30000,7215,2287,298,1319,261,564,13,130,44943,21226,2458,275,1399,293,612,22,132,45949,16397,2566,235,1529,331,672,8,26,46228,13326,2836,240,1664,365,762,8,37,57604,10786,2666,245,1605,346,663,8,44
42101000402,43838,10204,3198,264,2882,114,126,0,76,44805,6432,3021,241,2715,61,184,0,61,46088,10390,2892,276,2610,39,228,0,15,51559,7287,3067,269,2761,62,232,0,12,52813,9622,3049,284,2581,135,288,0,45,70038,14655,3202,367,2721,178,249,0,54
42101000500,47039,8532,2113,300,876,627,307,238,65,45734,11289,2194,367,867,679,400,175,73,48718,13364,2267,678,841,782,400,164,80,46563,20782,2388,563,1040,763,390,143,52,40673,15486,2316,602,999,800,374,89,54,40568,13811,2451,645,1126,851,361,43,70
42101000600,56250,19779,1641,425,926,340,311,19,45,62806,14920,1565,208,983,298,247,8,29,75313,19310,1534,316,1051,168,254,30,31,68056,22264,1455,460,1077,150,197,22,9,67969,16562,1341,172,898,214,187,27,15,71250,17493,1301,171,991,141,140,20,9
42101000700,36614,11856,2589,330,1889,270,373,13,44,38654,16277,2650,307,1975,254,371,14,36,31298,20602,2697,310,1812,334,536,0,15,43108,14194,3097,441,2037,342,680,0,38,51842,5137,3241,454,2078,357,749,0,57,51279,5359,3254,452,2138,411,621,10,74
42101000801,64286,30077,1515,217,1188,52,202,0,73,83125,32031,1713,281,1301,66,179,111,56,77704,30706,1729,195,1321,122,210,58,18,81667,17459,1764,255,1327,224,129,67,17,81620,24587,1692,230,1355,180,69,64,24,91453,30871,1588,180,1223,148,113,86,18
42101000803,76641,30479,3764,351,3276,32,385,71,0,75219,19443,3680,352,3307,17,294,62,0,63051,21155,3556,330,3125,16,265,106,44,56815,11954,3688,361,3343,17,186,88,54,57099,14667,3532,335,3202,17,226,6,81,60915,12153,3569,383,3015,17,426,12,99
42101000804,70762,18028,3054,394,2623,0,336,43,52,75357,11875,3224,411,2765,73,298,41,47,95000,30292,3560,411,3004,80,383,42,51,97861,33463,3785,369,3195,99,407,42,42,96250,25071,3746,456,3035,169,509,26,7,96103,17947,4082,381,3469,134,452,27,0
42101000901,36181,16525,1848,378,1359,197,292,0,0,30781,12733,1910,326,1447,211,247,5,0,37857,8947,1976,238,1415,147,388,26,0,35485,6650,1853,202,1263,158,388,35,9,39539,7611,2081,202,1424,148,420,43,46,41926,2890,2159,207,1521,178,365,46,49
42101000902,21250,17877,2033,414,1455,112,450,0,16,35425,16480,2367,330,1691,90,562,0,24,36120,9353,2457,333,1773,161,474,13,36,42875,11700,2599,282,1898,127,515,11,48,50179,13864,2639,232,1926,126,512,14,61,51029,7648,2663,321,1912,152,501,15,83
42101001001,112679,37901,2295,241,2146,31,118,0,0,89659,25699,2392,265,2142,49,111,0,90,86910,21449,2594,329,2296,69,122,0,107,90000,21095,2400,277,2083,27,138,0,152,96397,29056,2626,290,2224,70,150,0,182,87813,12884,2664,258,2296,64,124,0,180
42101001002,91319,24494,3281,301,3028,66,150,0,37,94044,16940,3311,319,3075,33,171,2,30,92300,19418,3450,304,3139,30,232,3,46,103864,14990,3340,242,3063,23,213,3,38,112599,16145,3541,310,3235,47,218,30,11,109850,12383,3392,282,3144,76,108,48,16
42101001101,50199,14200,3095,336,2679,186,168,21,41,53409,16204,3123,383,2735,180,155,25,28,60929,18331,3336,438,2893,204,180,5,54,66105,8179,3198,422,2830,155,160,5,48,77568,15522,3319,373,2924,138,203,6,48,74545,13904,3666,410,3038,251,224,56,97
42101001102,66226,19504,2448,289,2056,57,213,64,58,65214,22966,2483,240,2194,9,198,72,10,64853,17563,2540,263,2364,31,81,53,11,54821,8934,2433,296,2160,98,83,72,20,53621,11876,2559,267,2037,216,209,59,38,81719,19910,2566,216,2045,186,264,9,62
42101001201,101081,23122,3684,381,3231,62,223,87,81,104093,12827,3636,417,3121,57,215,85,158,112570,17314,3842,428,3382,65,211,52,132,106125,8630,4012,400,3583,43,202,25,159,109643,13131,4167,316,3689,39,262,45,132,100463,17753,4134,337,3559,35,311,60,169
42101001202,60873,11170,4867,500,3930,291,371,191,84,65725,9709,5050,630,4127,393,291,127,112,68879,4387,4899,468,4058,310,315,98,118,71291,5864,5046,474,4283,331,278,101,53,71436,7913,5249,523,4471,343,224,141,70,76358,10994,5111,385,4339,322,302,26,122
42101001300,58341,7162,5029,472,2955,1829,92,56,97,61143,10369,5413,441,3203,1733,259,33,185,73281,12210,5232,413,3131,1481,397,42,181,73472,18292,5562,356,3038,1666,443,118,297,81250,18169,5890,524,3608,1412,445,183,242,90074,21481,6108,460,3661,1549,438,196,264
42101001400,53894,23268,4186,469,2659,871,181,48,427,55273,12592,4400,518,2762,842,325,50,421,61250,11138,4169,498,2672,731,265,41,460,62475,8201,4374,558,2840,775,277,79,403,65471,8853,4482,594,3025,861,271,66,259,65994,14748,3936,361,2576,869,266,118,107
42101001500,75038,10173,2695,305,2036,407,145,27,80,73571,18316,2741,367,2054,379,159,56,93,81500,17403,2810,329,2097,337,303,35,38,72237,14752,2758,304,1866,406,354,106,26,71500,12457,2861,238,1889,424,406,109,33,62930,12569,2868,223,1913,469,341,100,45
42101001600,62425,15342,2142,285,1929,131,0,0,82,63694,9495,2025,255,1829,101,0,0,95,63341,2623,1960,263,1750,71,13,32,94,65293,8029,1942,259,1743,76,34,24,65,73879,9014,2017,186,1866,19,50,29,53,75217,10107,2173,182,1984,21,72,25,71
42101001700,76250,13856,2753,284,2337,316,100,0,0,86144,13664,2949,293,2411,356,166,0,16,88105,10948,2997,234,2384,290,184,102,37,101528,14763,2820,239,2242,199,184,102,93,104549,11514,2813,262,2356,179,98,93,87,94861,17508,2948,261,2392,239,70,104,143
42101001800,70167,23153,2887,355,2151,498,179,14,45,67750,18750,2797,275,2010,399,294,0,94,88309,25253,2879,269,2101,467,196,18,97,75000,13501,3007,334,2076,529,259,36,107,76750,19494,3206,300,2315,479,272,32,108,88125,20229,3263,360,2294,516,333,44,76
42101001900,51232,6389,2494,430,1220,1171,29,11,63,58589,10696,2752,372,1509,1092,67,32,52,59375,10295,2919,307,1583,1182,85,22,47,61250,9786,2641,369,1449,1009,96,17,70,70000,11852,2827,260,1874,704,166,20,63,80272,12243,3159,368,1992,933,138,21,75
42101002000,17792,8325,1950,421,81,1768,0,1,100,20272,8230,1778,355,91,1577,0,1,109,30854,7553,2252,364,241,1951,0,2,58,29688,7792,2119,316,378,1665,6,1,69,34972,3746,2111,290,439,1562,19,4,87,39318,6585,2039,247,494,1403,38,12,92
42101002100,31559,2558,1779,246,199,1487,36,4,53,31103,4391,1809,245,257,1450,36,5,61,33984,5203,1897,259,410,1398,10,5,74,43269,11867,2147,229,507,1550,27,4,59,49229,3919,2289,257,584,1643,27,3,32,49911,7500,2294,257,712,1527,30,0,25
42101002200,23173,16057,1977,356,492,1341,80,0,64,31277,14327,1992,255,396,1336,105,9,146,33523,6728,2167,297,503,1348,162,6,148,33897,6421,2320,369,581,1455,170,6,108,48553,18596,2219,287,675,1213,177,5,149,48906,11122,2309,345,895,1091,196,5,122
42101002300,28600,10909,2460,323,1875,60,481,0,44,33681,10564,2464,294,1876,85,410,12,81,35668,6726,2568,277,2039,37,379,28,85,46136,7286,2721,267,2226,53,295,32,115,50335,8449,2819,279,2057,100,477,31,154,51167,10187,2836,289,2155,146,366,48,121
42101002400,39216,3562,3995,495,2833,382,569,169,42,43462,11497,4197,541,3426,185,453,42,91,49345,16334,4528,590,3588,229,569,55,87,53917,14265,5361,597,3871,498,775,67,150,57193,11585,5163,568,3709,494,768,44,148,61162,7577,5319,689,3889,455,759,74,142
42101002500,30257,6974,3640,390,1971,1094,281,183,111,32554,11447,3568,382,2065,1066,219,71,147,42776,5196,3582,393,2086,1139,126,80,151,44306,10967,3542,384,2125,1046,165,85,121,52786,16894,4022,345,2292,1239,194,103,194,60795,11667,3914,320,2486,963,192,121,152
42101002701,28435,6228,3821,478,1179,1167,1254,68,153,33779,3604,3815,453,1463,943,1218,26,165,39219,12673,3885,470,1735,921,1151,42,36,42350,12653,3766,547,1687,1059,921,42,57,44333,14150,4372,862,2131,1021,1051,131,38,47806,14426,4177,634,2292,916,852,47,70
42101002702,60779,6540,3487,391,3315,20,152,0,0,55764,6718,3337,388,3143,27,160,7,0,58188,6681,3562,408,3104,180,270,8,0,61366,5628,3828,326,3386,178,231,7,26,62171,8918,3991,307,3590,172,205,7,17,60500,12112,4273,302,3734,159,184,168,28
42101002801,30699,5100,4196,695,2133,375,1656,32,0,30842,4137,3937,578,1940,297,1662,38,0,36927,13611,4356,655,2005,289,1894,168,0,36518,9169,4572,667,2250,255,1798,204,65,40148,6588,4386,627,2100,227,1575,396,88,43894,7150,4817,623,2328,440,1384,564,101
42101002802,42037,4099,4776,538,3801,87,762,56,70,44364,3791,4760,572,3571,109,965,36,79,37045,15870,4842,614,3517,17,991,262,55,49635,11253,5532,601,3851,18,1332,275,56,53977,8380,5803,574,3950,36,1470,295,52,54214,9107,5903,635,4087,30,1333,320,133
42101002900,43418,7304,3855,321,3545,74,86,68,82,44524,5953,4081,340,3363,77,445,120,76,51235,5992,4387,394,3599,83,551,104,50,50813,7141,4240,391,3473,17,549,102,99,50921,8769,4533,539,3352,35,746,306,94,51233,11436,4167,718,3152,41,601,312,61
42101003001,35461,6538,4009,544,816,933,1787,158,315,33951,3912,4153,486,965,725,2043,175,245,35750,5379,4445,458,1124,758,2172,206,185,36987,5711,4557,528,1245,966,1970,180,196,40547,7418,4416,507,1603,848,1767,101,97,42903,6775,4431,498,1609,835,1887,14,86
42101003002,22014,4806,2969,505,555,2083,265,41,25,23145,4093,3224,465,821,1974,365,49,15,25205,3134,3241,476,608,2109,432,44,48,25517,4088,3295,455,675,2332,188,54,46,25057,7346,3122,465,660,2164,156,54,88,29942,9748,2988,370,707,2004,176,19,82
42101003100,21473,11294,4024,738,187,3820,0,0,17,26681,8024,3627,563,213,3220,93,0,101,27110,3020,3802,505,283,3186,211,0,122,25588,6664,3852,505,365,3108,201,11,167,26532,3349,4193,539,452,3296,171,124,150,28443,2591,4064,600,477,3032,174,240,141
42101003200,23159,10489,4982,833,361,4530,0,91,0,25347,8808,4620,677,311,4241,0,68,0,24080,7142,4397,648,392,3951,0,54,0,23675,7508,4745,709,526,4121,0,28,70,24965,7260,5079,799,563,4304,30,88,94,27256,3909,4631,704,392,4033,81,38,87
42101003300,25262,4179,6131,979,1178,4427,367,28,131,24312,3717,6209,894,1506,4001,421,22,259,23352,5167,5923,1010,1344,3900,362,18,299,27793,6809,6562,849,1546,4602,184,25,205,24223,7661,6121,813,1424,4239,211,61,186,28006,9196,5970,706,1373,4209,196,25,167
42101003600,18576,2622,6922,920,1779,3928,772,107,336,20326,5245,7738,753,1382,4575,1110,105,566,18179,4452,7433,878,1311,4564,825,103,630,18019,4422,7375,970,1355,4435,867,109,609,17683,2805,6916,818,1243,4493,858,94,228,18969,1797,7379,809,1069,4617,1385,105,203
42101003701,33036,6494,6785,824,305,4744,1354,120,262,34391,7048,6683,874,315,4977,1066,138,187,36724,3985,6399,945,523,4785,794,74,223,35892,4487,5867,682,563,4303,696,76,229,36138,2575,6186,707,648,4555,669,66,248,33887,9782,6255,833,806,4731,633,13,72
42101003702,35236,8260,3337,275,1038,1771,501,0,27,34885,6108,3248,335,1049,1583,476,0,140,33963,4049,3599,379,1324,1542,525,25,183,36362,4372,3729,441,1296,1602,614,16,201,33903,3304,3945,404,1275,1635,814,19,202,33324,2210,3998,449,1229,1718,797,36,218
42101003800,52258,10262,3862,320,3679,0,166,0,17,54063,9080,3668,346,3640,1,7,0,20,54561,12515,3734,361,3701,1,5,0,27,52238,16492,3805,391,3737,37,7,0,24,49574,7672,4007,399,3804,37,74,26,66,51078,8236,3903,423,3722,42,81,18,40
42101003901,40326,7002,6690,751,4293,844,1285,230,38,34728,7395,6857,576,4327,791,1525,166,48,35323,7712,6998,837,4989,544,1208,225,32,37064,7245,6677,818,4606,464,1263,222,122,34234,7948,6076,860,4235,592,1092,30,127,34759,6124,6234,754,4112,689,1301,25,107
42101003902,55078,6758,5561,397,5301,104,48,28,80,57449,5140,6233,526,5713,70,109,27,314,58011,4814,5920,546,5600,19,125,26,150,59625,5108,6020,395,5498,66,102,0,354,60784,3070,5651,447,5399,49,70,0,133,62587,5475,5894,569,5620,53,71,18,132
42101004001,34986,6967,4051,381,3406,33,465,35,112,37070,8560,4029,386,3363,102,409,34,121,38237,6692,4054,445,3361,144,424,18,107,46309,7863,4290,423,3559,138,542,22,29,43571,7874,4071,387,3232,212,546,36,45,45396,8001,4035,376,3207,220,543,28,37
42101004002,42520,8306,4638,441,4433,0,155,31,19,37205,13091,4377,334,4116,0,210,33,18,39685,5216,4560,420,4188,0,186,57,129,44386,10135,4785,445,4378,0,150,51,206,50658,9062,4814,467,4421,15,138,0,240,52732,8854,4992,504,4602,16,167,0,207
42101004101,22330,3166,5335,752,2148,1166,1658,240,123,22344,3978,5670,720,2207,1252,1714,310,187,25703,6168,6355,947,2467,1372,1949,320,247,26674,9891,6533,870,2301,1249,2295,338,350,27097,5904,6807,869,2460,1287,2342,314,404,28503,5377,6410,856,2112,1095,2480,198,525
42101004102,35178,4166,7978,839,3435,1149,2827,46,521,34676,3929,8105,919,3735,929,2959,52,430,34102,4003,8751,1039,3644,1478,2782,178,669,32895,3723,9422,1231,4670,1157,2992,178,425,34102,4092,9288,1020,4532,1173,3091,234,258,38808,11481,9485,1042,4092,1199,3300,574,320
42101004201,43477,10509,5837,446,4601,362,576,0,298,47110,4598,5929,564,4512,548,663,0,206,45954,9811,5745,439,4409,483,679,0,174,45989,12313,5659,457,4248,390,884,0,137,48044,7401,5625,498,4611,372,596,0,46,46033,11109,5354,400,4317,348,670,0,19
42101004202,37476,11617,4742,474,3810,391,478,0,63,43000,10261,5106,470,4229,325,485,0,67,45748,7621,5189,585,4195,313,625,0,56,43850,10716,5365,497,4072,359,819,63,52,42955,8956,5580,495,3941,227,1241,78,93,45341,11830,5828,479,4225,166,1206,101,130
42101005000,-,**,0,81,0,0,0,0,0,-,**,0,10,0,0,0,0,0,-,**,0,10,0,0,0,0,0,-,**,0,10,0,0,0,0,0,-,**,0,10,0,0,0,0,0,-,**,0,10,0,0,0,0,0
42101005400,52016,9023,1318,192,268,892,125,15,18,53200,12080,1089,128,296,627,125,10,31,55156,17232,1141,141,216,759,105,7,54,49891,14087,1230,173,218,844,105,7,56,49293,11147,1303,151,247,939,70,0,47,51550,13491,1410,173,167,1064,92,32,55
42101005500,53917,8822,6663,679,722,5119,590,32,200,48323,6813,6508,771,763,4974,582,20,169,48906,9486,6871,689,780,5341,691,45,14,46655,5923,6437,798,701,5478,209,17,32,46129,12108,6385,900,807,5311,107,77,83,44333,9704,6532,852,940,5320,103,66,103
42101005600,34879,37365,1134,273,79,959,93,0,3,41447,20975,1348,222,89,1161,64,1,33,40577,15909,1188,185,116,997,49,1,25,24167,16124,1116,156,75,963,40,1,37,19972,14728,991,172,74,856,15,1,45,25966,13954,1032,170,83,892,9,1,47
42101006000,42736,6491,6553,611,1419,4773,196,99,66,40496,8867,5820,563,1349,4149,245,31,46,34018,11809,5740,620,1120,4188,372,27,33,31751,7525,6436,742,1145,4808,384,40,59,38640,9846,6055,584,1165,4364,426,48,52,35053,9158,6137,672,1191,4417,450,24,55
42101006100,42039,15006,3519,341,477,2709,274,59,0,39715,7090,3609,388,482,2520,534,47,26,38180,5682,3603,386,312,2650,554,57,30,32074,7313,3514,374,454,2579,444,8,29,32416,15258,3366,346,477,2400,455,9,25,31500,7017,3316,369,398,2366,516,11,25
42101006200,32422,5401,4472,559,650,3428,291,37,66,30833,6262,4693,623,660,3694,291,27,21,30917,5288,4709,597,558,3935,174,21,21,32972,7461,4782,564,440,4161,139,17,25,39312,4231,4882,570,436,4247,154,16,29,32368,9595,5186,554,189,4848,95,36,18
42101006300,20788,7813,3982,542,343,2871,497,168,103,23214,9776,3823,635,398,2678,554,50,143,20588,6291,3920,632,409,2935,431,40,105,24640,4170,3844,585,510,2751,452,47,84,24922,4374,4025,531,426,2832,537,139,91,25871,7342,4264,637,397,3188,482,101,96
42101006400,30985,7069,4674,596,520,3617,402,36,99,32125,3708,4340,613,492,3227,512,17,92,34375,2058,3733,557,345,2953,311,22,102,34153,3481,3544,509,269,2767,408,12,88,33004,4904,3443,498,316,2470,427,102,128,32256,5647,3682,551,291,2758,501,83,49
42101006500,25659,6893,4826,518,115,4403,72,21,215,25833,7214,4735,487,106,4345,54,33,197,24692,2436,4372,447,79,4029,32,32,200,24350,1797,4214,431,91,3906,60,28,129,23833,3262,4107,364,57,3951,53,27,19,26435,7549,4207,538,57,4061,45,26,18
42101006600,26067,2273,4243,676,65,3578,551,22,27,25158,3033,3783,530,159,3118,441,25,40,23205,8448,3598,498,112,2981,441,24,40,23909,7989,3418,478,106,2769,479,22,42,23391,5583,3487,519,208,2730,514,0,35,16560,5316,3368,479,281,2601,433,0,53
42101006700,24519,5542,6814,703,1057,4472,811,343,131,23815,6152,6702,661,1050,4533,595,376,148,24303,5881,7216,781,1123,4976,690,287,140,28828,10109,6536,978,885,4842,435,228,146,32044,8349,6777,921,861,5112,590,46,168,32727,7086,6512,859,496,5329,536,67,84
42101006900,16719,8329,2679,431,147,2511,0,0,21,18125,4863,2760,410,149,2593,0,0,18,16250,3419,2619,535,125,2488,0,6,0,18077,3661,2253,329,30,2149,0,74,0,16796,2894,2321,401,28,2160,0,76,57,15899,3155,2542,390,104,2318,0,73,47
42101007000,30721,4969,4890,754,105,4517,51,0,217,28819,3845,4910,713,100,4599,50,0,161,27941,5395,4595,705,115,4286,0,0,194,26685,5350,3760,476,117,3451,0,0,192,24818,5361,3528,510,114,3270,0,0,144,26776,5001,3530,425,91,3374,65,0,0
42101007101,33438,13854,2570,476,132,2396,0,42,0,32697,10094,2953,510,121,2794,6,32,0,35183,11402,3145,379,149,2948,6,42,0,34702,10006,2985,337,150,2777,6,52,0,26392,4196,2607,372,121,2445,10,31,0,25000,4494,2546,329,86,2433,27,0,0
42101007102,25320,3528,4616,697,45,4523,48,0,0,25444,3472,4834,548,70,4717,47,0,0,26609,1950,4720,614,6,4682,32,0,0,28286,4125,4773,648,58,4656,51,0,8,25662,3559,4815,605,65,4665,0,34,51,30329,6377,4610,621,69,4287,0,204,50
42101007200,29288,5759,4590,644,54,4445,60,13,18,29698,6674,4472,600,113,4275,26,14,44,29516,11103,4597,713,116,4413,29,0,39,25663,9278,4388,608,125,4234,4,0,25,29700,10236,4335,549,131,4034,73,0,97,31852,7273,5046,556,145,4608,142,1,150
42101007300,30558,9109,3341,510,194,3134,0,0,13,25662,5408,3089,415,169,2916,0,0,4,28866,9435,3238,384,103,3082,0,0,53,24611,5541,2633,399,82,2496,0,0,55,26896,6573,2450,291,54,2270,0,28,98,25369,8100,2529,382,124,2309,0,18,78
42101007400,25433,8522,4453,577,436,3853,96,24,44,22058,6111,4173,619,396,3669,50,15,43,22712,4857,4283,706,369,3819,43,14,38,20317,3938,4454,530,420,3914,70,17,33,20268,4448,4467,576,419,3863,58,0,127,21502,2976,4377,537,521,3612,51,22,171
42101007700,24357,8784,2209,446,905,692,445,13,154,30536,13146,2376,324,1025,709,520,26,96,27083,8650,2345,313,1061,643,537,23,81,24279,5050,2076,404,1004,484,468,16,104,25021,3387,2047,282,1015,507,435,13,77,27159,5748,2102,248,1005,539,463,11,84
42101007800,38038,9792,4024,414,2308,1302,154,58,202,38849,10443,3936,460,2468,1076,130,19,243,47969,15189,3967,453,2607,873,214,33,240,38214,18234,3861,447,2180,1046,202,89,344,41528,12561,4215,451,2487,1123,236,77,292,36069,11476,4276,542,2586,1128,194,65,303
42101007900,41742,5404,4779,490,2351,1977,265,158,28,41343,5131,4737,456,2580,1737,315,51,54,41360,5631,4360,458,2346,1507,366,71,70,41440,3573,4574,482,2352,1556,297,81,288,50640,14983,4762,617,2457,1439,304,13,549,56944,12681,4443,570,2649,1141,202,2,449
42101008000,32830,14326,3447,659,453,2913,0,56,25,30797,11184,3519,529,397,3055,0,30,37,33654,7841,3851,598,614,3065,43,103,26,31337,5447,3955,399,583,2966,113,116,177,31311,5423,3683,514,578,2582,157,120,246,36886,8491,3889,478,734,2625,165,86,279
42101008101,29972,25707,2512,412,29,2438,28,0,17,26083,14823,2296,374,26,2254,0,0,16,21630,3768,2141,345,7,2083,0,8,43,24759,22074,2448,486,8,2380,0,9,51,22652,9848,2632,421,7,2460,0,7,158,17433,9258,2343,526,7,2190,0,9,137
42101008102,31266,3675,5480,663,36,5309,23,22,90,31763,11188,5124,603,10,4989,27,31,67,32596,7811,5780,609,6,5639,0,76,59,32478,5637,5512,548,5,5339,0,67,101,28361,4679,5442,561,26,5284,0,36,96,29350,5533,5497,727,50,5366,0,42,39
42101008200,40127,8297,8267,1071,15,8146,0,53,53,37500,6642,8382,980,26,8176,0,48,132,39327,5959,7548,918,26,7398,0,0,124,38617,2980,7290,809,17,7185,0,0,88,35778,5156,6896,958,3,6756,84,0,53,36239,6457,6413,817,49,6147,68,15,134
42101008301,25867,5360,4109,501,97,3923,47,7,35,25846,2700,4362,493,149,4129,46,7,31,25417,2766,4399,459,151,4105,57,37,49,25878,4621,4479,546,72,4270,53,47,37,27957,5843,4740,496,86,4463,71,76,44,29770,6061,4809,606,113,4455,66,93,82
42101008302,24583,6262,3952,530,22,3843,0,52,35,28000,5126,4257,490,14,4145,77,0,21,23654,4335,4136,472,16,3996,82,0,42,30075,7990,4055,553,13,3827,86,11,118,30019,4269,4470,487,2,4219,165,10,74,31202,4228,4334,516,89,3991,160,10,84
42101008400,26399,4416,4972,661,114,4788,10,0,60,25911,4611,5157,586,89,4906,8,22,132,28771,4117,5133,639,170,4757,11,34,161,27868,5605,5213,702,146,4873,15,44,135,29904,6210,4971,738,212,4465,25,55,214,31122,5114,4803,715,160,4345,7,49,242
42101008500,29839,7510,6591,759,261,6300,0,12,18,28059,9364,6731,793,217,6486,0,15,13,33179,10267,6755,776,241,6489,0,16,9,32788,7265,6992,907,314,6652,0,17,9,29297,7731,7296,745,336,6806,117,37,0,28201,8161,7415,794,463,6746,169,22,15
42101008601,45910,8852,2932,498,1240,1290,162,162,78,37449,16514,2930,552,1355,1334,91,96,54,35703,15100,3101,522,1418,1356,150,60,117,35341,11398,2852,327,1556,978,146,60,112,38125,13624,2863,274,1519,932,313,22,77,39115,13856,2860,248,1535,749,401,34,141
42101008602,29766,6956,3374,723,602,2354,209,163,46,29472,7476,3171,588,506,2339,149,147,30,30194,9322,3208,701,566,2383,95,164,0,31276,8839,2893,724,503,2179,59,152,0,33268,7345,2840,744,475,2301,52,9,3,36397,5295,2241,304,484,1628,66,21,42
42101008701,38444,14531,5029,1049,2780,659,1351,207,32,33880,5512,5524,952,2978,584,1540,159,263,34510,5737,5244,914,2891,601,1044,270,438,34573,6118,5292,793,2806,556,1213,279,438,35786,7327,5233,787,2888,757,928,204,456,39821,6613,4841,601,2580,706,931,124,500
42101008702,30493,5885,4095,934,2209,921,738,105,122,24808,7433,3792,809,2045,886,672,104,85,25216,9557,3428,724,1689,786,725,107,121,26837,4721,3488,918,1705,669,867,68,179,30951,9611,3326,619,1493,713,851,70,199,31212,5126,2628,269,1286,283,821,34,204
42101008801,15518,5258,1446,466,951,73,296,44,82,20543,7995,1357,339,857,113,227,35,125,12250,22280,1745,408,1108,124,364,62,87,11944,18250,2001,326,1253,181,420,66,81,11196,5584,2302,274,1452,220,465,87,78,11473,771,2272,317,1473,255,415,89,40
42101008802,12892,3829,6632,1670,4327,665,1522,58,60,10584,4757,7397,1541,4955,699,1524,120,99,8207,3683,7255,1436,4770,724,1433,159,169,8993,5011,7489,1471,4848,606,1505,379,151,11652,5646,6881,799,4216,716,1619,146,184,17105,5528,6680,745,3961,826,1547,150,196
42101009000,21912,4028,4771,962,3206,433,994,85,53,20635,5982,5022,663,3467,424,941,127,63,18036,10062,5428,563,3637,382,1080,174,155,10807,5912,5774,514,3740,381,1269,110,274,14942,7153,6124,551,4067,430,1228,95,304,16895,7959,6173,518,4047,404,1235,110,377
42101009100,14693,3121,2430,363,1089,990,270,31,50,15119,4593,2283,295,840,996,351,35,61,14784,4823,2419,234,865,1006,451,35,62,19732,9072,2675,309,838,1243,543,4,47,20084,7123,2866,399,876,1291,593,31,75,16688,6235,2793,393,808,1252,622,39,72
42101009200,23365,11027,3544,511,489,2614,326,46,69,22264,9323,3521,526,447,2777,234,0,63,21442,10390,3354,450,416,2388,449,0,101,20357,7943,3316,461,512,2299,443,0,62,20524,9258,3389,387,528,2367,404,40,50,19028,5763,3568,431,558,2476,415,46,73
42101009300,22326,8671,3868,436,117,3692,22,37,0,23264,8712,3717,497,85,3582,20,21,9,21645,5790,3846,459,92,3715,21,10,8,23185,5604,3936,527,105,3758,20,9,44,25591,6194,4215,561,114,4054,0,5,42,26814,3954,4109,607,35,4032,0,0,42
42101009400,19801,2734,3850,443,50,3696,21,0,83,19433,2756,4027,480,34,3878,21,0,94,17939,3010,4139,361,62,3975,19,0,83,16753,3010,4106,366,41,3929,12,28,96,16496,2708,4270,396,58,4079,0,32,101,18408,2838,4123,462,29,3912,0,57,125
42101009500,16786,2710,3339,471,15,3261,0,63,0,17384,6328,3503,534,19,3416,0,68,0,17027,8927,3488,607,30,3350,0,70,38,16383,6444,3205,443,20,3116,0,36,33,21000,7746,3229,559,129,3014,0,55,31,27708,12239,3065,458,164,2819,0,59,23
42101009600,26940,5434,4813,1013,52,4491,41,207,22,20777,4276,4348,760,48,4095,49,138,18,22360,7064,4472,676,50,4297,40,43,42,23125,4080,4319,612,78,4124,52,37,28,23528,3399,4202,555,96,3961,34,79,32,24402,2987,4311,591,83,4078,31,85,34
42101009801,37667,15555,2122,266,534,1566,22,0,0,37361,25736,2232,286,411,1754,28,11,28,41786,11338,2600,269,522,1957,90,6,25,37875,5974,2356,291,409,1813,80,11,43,40897,4906,2430,308,379,1861,80,20,90,42906,5044,2417,298,254,1978,90,18,77
42101009802,48404,7436,5753,474,655,4821,105,47,125,50769,8758,5880,502,645,5001,120,37,77,52583,6218,6132,566,529,5486,62,36,19,53125,7170,5945,505,653,5145,68,0,79,54660,6237,6528,557,611,5775,46,0,96,51646,10770,6445,722,503,5825,27,0,90
42101010000,40536,5842,5067,529,643,4330,57,15,22,39474,6788,5040,572,658,4346,6,0,30,39676,7379,4886,474,546,4258,33,0,49,32011,7967,4810,442,512,4222,34,0,42,31836,7175,4481,426,587,3700,79,57,58,39225,5497,4610,433,590,3842,75,51,52
42101010100,22813,11498,5021,800,32,4890,0,72,27,25764,12023,5173,843,52,4935,0,100,86,27760,12197,5028,889,45,4750,0,125,108,30601,3939,5377,924,509,4616,0,119,133,31149,1516,6569,1025,563,5716,0,87,203,32064,5733,7051,1030,594,6088,0,172,197
42101010200,18669,5274,2734,499,11,2669,0,19,35,16622,5325,2942,495,11,2877,0,24,30,13673,1861,2887,591,13,2835,0,24,15,13183,2890,3037,571,18,2995,0,8,16,15357,3380,2866,382,0,2841,0,9,16,16071,3391,3008,408,0,2975,0,24,9
42101010300,23659,4713,2436,371,24,2412,0,0,0,27321,5788,2503,301,7,2496,0,0,0,28611,4978,2470,376,7,2357,0,106,0,26875,7886,2492,285,7,2320,0,108,57,28486,4866,2538,333,7,2325,39,115,52,24559,5564,2662,367,7,2363,39,174,79
42101010400,33333,13144,3001,502,46,2947,8,0,0,34432,14337,3158,496,67,3085,6,0,0,35978,13144,3065,576,56,2975,6,3,25,28750,8915,3467,617,95,3339,4,4,25,32703,10845,3690,563,177,3458,4,20,31,26731,11462,4058,637,147,3828,0,29,54
42101010500,18291,4065,3677,554,176,3384,0,29,88,16445,5754,3624,495,253,3282,0,3,86,16324,5759,3618,438,243,3283,0,2,90,20967,6513,3989,482,247,3655,0,0,87,14659,5944,4298,407,231,3959,8,8,92,15726,6047,4472,417,259,4029,9,65,110
42101010600,24375,18375,1299,275,49,1202,17,0,31,19770,14347,1411,301,34,1322,31,0,24,16250,4335,1468,271,35,1349,65,0,19,13342,3736,1398,312,74,1273,33,0,18,13482,3303,1466,280,95,1301,70,0,0,14375,3483,1587,307,110,1389,51,0,37
42101010700,18727,4501,3815,622,169,3618,15,13,0,20292,5487,4074,659,230,3653,15,26,150,17684,6679,3803,620,154,3463,5,38,143,16105,6378,3376,453,108,3048,13,67,140,14836,6792,3298,472,66,3059,11,0,162,20840,11924,3738,583,160,3410,11,0,157
42101010800,18503,3914,3543,557,162,3341,17,13,10,14924,3646,3448,593,157,3242,16,14,19,15755,5968,3616,532,191,3392,0,14,19,15392,4829,3627,528,211,3328,0,12,76,14328,4217,3959,445,319,3531,0,18,91,20861,4857,3846,448,329,3388,21,33,75
42101010900,18788,5378,2060,346,169,1833,43,15,0,18411,3198,2135,273,136,1947,28,0,24,18419,4057,1978,313,122,1812,27,0,17,19044,5563,2247,357,287,1852,63,4,41,19152,5467,2492,270,430,1882,86,4,90,20682,5660,2599,257,480,1936,76,5,102
42101011000,24663,2988,3410,508,64,3326,0,20,0,20926,5779,3458,432,69,3342,8,30,9,21452,4464,3571,499,212,3264,8,77,10,18780,3914,3278,521,222,2985,8,53,10,18147,4219,3545,574,228,3139,69,67,42,16627,3982,3936,764,200,3491,76,73,96
42101011100,18835,5415,3540,471,49,3395,43,0,53,18489,3024,3488,453,67,3328,41,0,52,17383,2875,3195,518,63,3081,8,0,43,18094,2827,3279,459,130,3095,9,0,45,19105,4447,3264,408,180,3074,10,0,0,19098,4584,3083,403,177,2887,19,0,0
42101011200,24548,5293,5689,1012,51,5113,1,337,187,24290,4423,5447,872,40,5255,2,36,114,23862,4153,4718,759,44,4652,2,0,20,23936,7705,4921,890,31,4843,2,0,45,24575,8002,4715,736,28,4584,2,61,40,26531,5583,4966,701,35,4792,1,77,61
42101011300,37996,4592,3275,510,30,3245,0,0,0,40435,5033,2868,458,0,2868,0,0,0,38398,7047,3127,556,0,3119,0,0,8,31553,7826,3016,493,0,3007,0,0,9,25581,7293,2912,499,0,2899,0,0,13,34495,9117,2744,423,0,2736,0,0,8
42101011400,29292,9115,7386,752,43,7203,76,25,39,31716,11162,7588,650,63,7371,82,27,45,27481,14699,7708,694,90,7380,95,77,66,41779,6435,7503,816,112,7144,165,60,22,37963,13816,7325,949,99,7163,0,44,19,47271,8882,7219,862,83,7061,0,54,21
42101011500,49734,7267,4305,437,611,3535,90,0,69,52083,8879,4482,410,417,3914,81,0,70,50647,7197,4473,407,541,3767,66,0,99,45156,6772,4681,351,453,4055,66,0,107,46288,4684,4686,384,346,4216,43,0,81,47349,7638,4766,419,252,4411,0,30,73
42101011700,62011,46285,2430,655,1556,643,136,77,18,50417,6661,2327,523,1560,575,113,67,12,50536,10832,2027,347,1327,507,118,57,18,60156,12920,1948,475,1257,508,60,86,37,63523,16980,1820,346,949,644,150,51,26,63333,13630,1899,402,982,675,191,15,36
42101011800,44638,8543,6532,592,96,5969,240,75,152,43396,7335,5794,620,75,5098,238,76,307,42510,8522,5879,646,62,5230,222,107,258,41706,7898,6197,626,151,5550,106,135,255,40557,7101,5909,696,65,5419,24,195,206,37390,4350,5856,716,70,5506,23,109,148
42101011900,35404,3494,5417,819,149,4843,21,112,292,36467,4533,5328,767,105,4831,109,105,178,34613,4261,5224,634,50,4865,129,0,180,30461,7010,4909,721,17,4600,110,86,96,24925,6430,4260,549,48,4013,127,29,43,30854,6472,4738,536,47,4418,110,68,95
42101012000,33194,16224,1811,258,622,1044,40,41,64,43750,7771,1835,202,607,1052,31,72,73,44231,4073,1906,187,597,1138,31,57,83,44961,7328,1916,232,678,1044,59,49,86,50625,5860,1883,207,809,931,86,11,46,53182,10495,1749,192,695,908,102,6,38
42101012100,34912,4536,2927,341,622,2058,82,155,10,34837,3484,3017,340,609,2122,75,175,36,33434,3774,2952,305,684,1938,126,171,33,31108,9809,2869,310,637,1986,149,38,59,32428,3429,2968,321,655,2068,143,44,58,35380,8742,2933,352,588,2063,160,39,83
42101012201,16351,4955,2924,341,1138,1049,464,29,244,14939,4341,2888,365,1257,924,454,30,223,14790,4906,3014,393,1085,1188,538,25,178,16107,5453,3151,359,1067,1131,756,31,166,16605,6329,3157,390,1037,1148,699,137,136,20726,7223,3077,370,1084,1206,537,196,54
42101012203,21686,7286,1326,232,735,352,188,13,38,22036,5884,1275,213,588,409,191,46,41,23958,8485,1272,234,581,399,183,75,34,24278,9396,1070,175,489,370,93,85,33,34706,13569,777,198,349,232,93,69,34,38438,8132,643,163,312,81,116,100,34
42101012204,43187,7810,3667,537,946,2419,234,15,53,41528,8411,3258,361,1038,1890,261,17,52,38504,10926,2944,313,1068,1618,201,22,35,40938,8400,3291,339,943,2092,204,0,52,40880,7765,3405,317,774,2446,109,22,54,44233,9455,3753,339,745,2735,173,69,31
42101012500,52193,7561,4154,419,2811,406,781,82,74,52182,6613,4200,449,2754,367,892,77,110,59924,8912,4905,442,3681,326,743,61,94,62381,12007,5197,519,4384,307,334,68,104,69737,9467,5275,512,4338,355,467,36,79,70192,12757,5191,642,3947,561,605,48,30
42101013100,24514,10250,1446,186,274,1069,42,0,61,29458,4444,1471,236,260,1088,61,11,51,30473,4134,1596,204,292,1145,83,11,65,39868,14102,1500,199,376,936,143,10,35,33889,7820,1492,149,354,951,145,7,35,33164,4996,1710,154,323,1191,90,6,100
42101013200,17344,4821,2722,612,300,2269,139,14,0,18607,6058,2674,489,224,2198,232,20,0,19604,5546,2861,468,314,2409,108,25,5,18750,5331,2836,465,251,2457,106,18,4,17778,4123,2905,334,350,2413,89,28,25,18472,8100,2757,339,671,1833,129,69,55
42101013300,42733,8378,2761,493,1542,952,101,89,77,48647,4473,2927,386,1463,1247,71,81,65,46342,6516,3183,415,1548,1445,87,32,71,47045,8243,3696,680,1550,1717,163,179,87,53227,4521,3546,360,1567,1408,257,220,94,55063,2850,3763,357,1516,1706,247,206,88
42101013401,62371,17598,2254,193,2067,77,71,39,0,68641,15246,2346,212,2143,71,90,42,0,78086,7561,2460,240,2279,63,66,52,0,80060,9255,2390,207,2180,71,81,58,0,78616,11639,2272,203,2072,96,53,51,0,83423,11367,2327,191,2130,97,74,26,0
42101013402,77438,7703,2966,360,2156,475,221,95,19,72083,22050,3010,312,2157,396,272,72,113,71691,19517,2751,268,2075,332,237,63,44,76172,16402,2877,348,2279,305,211,20,62,77734,12716,2763,288,2328,214,122,23,76,76220,18911,2786,309,2384,158,128,38,78
42101013500,48923,8239,3553,363,1704,1653,84,41,71,58295,8919,3345,341,1593,1564,76,48,64,55375,12126,3218,370,1768,1258,83,98,11,57530,12995,3370,348,1709,1138,94,395,34,55375,15056,3658,391,1949,1099,174,388,48,55313,14659,3781,478,1979,1210,155,382,55
42101013601,94583,20825,2250,274,1894,217,96,0,43,98452,20772,2676,451,2054,285,288,0,49,107833,31177,2694,472,2069,286,270,0,69,117000,14838,2761,321,2130,295,273,0,63,107222,18725,2827,353,2196,222,308,12,89,101213,10335,2864,311,2244,145,370,10,95
42101013602,73571,19713,3790,460,3557,31,84,61,57,76186,19904,3661,405,3207,278,68,40,68,71161,16199,3985,455,3160,611,94,16,104,76178,12954,3957,452,3051,642,142,13,109,84196,12246,3826,385,2790,653,207,20,156,78250,9874,3667,397,2639,669,212,20,127
42101013700,20431,9291,4462,622,550,3869,0,0,43,25582,4560,4380,585,949,3373,0,0,58,28339,5114,4362,529,1162,3097,46,0,57,31370,4637,4412,600,1030,3264,39,14,65,35033,4377,4863,620,1231,3395,47,99,91,39696,6549,4805,760,1033,3577,47,88,60
42101013800,23177,5251,1840,217,74,1662,0,9,95,26500,4907,2026,363,224,1674,0,21,107,25019,6962,2004,458,331,1605,0,31,37,26910,5679,2240,405,411,1729,0,23,77,27418,5103,2271,303,332,1774,0,78,87,28534,7424,2118,254,315,1671,0,72,60
42101013900,14985,6491,3333,676,285,2895,7,83,63,15542,5459,3323,609,296,2885,3,78,61,12612,2968,3236,589,291,2746,5,142,52,12865,2864,3337,708,403,2805,26,103,0,14975,2882,3242,492,362,2814,11,43,12,14314,2676,2960,424,466,2421,10,53,10
42101014000,19688,9394,2791,501,793,1914,18,66,0,31684,8111,2460,445,843,1524,3,44,46,23679,4215,2936,399,711,2122,4,49,50,20136,8277,2809,420,805,1887,30,32,55,23026,8135,2940,394,723,1962,163,32,60,24474,11897,3042,359,829,1771,203,185,54
42101014100,14491,5788,1806,372,375,1271,56,20,84,19808,6146,1947,357,378,1417,49,13,90,18068,4933,2098,316,342,1428,60,13,255,18086,6328,2181,376,462,1355,72,12,280,14951,5598,2153,294,488,1237,126,0,302,19167,6152,2510,297,502,1470,178,0,360
42101014200,67242,6989,3182,292,2472,327,118,127,138,68529,9154,3243,270,2618,260,93,133,139,75033,11189,3579,334,2782,349,133,140,175,80154,10852,3615,331,2768,336,134,191,186,83924,4648,3800,388,2974,403,144,141,138,85765,10136,3923,438,3028,349,289,103,154
42101014300,62455,12241,1420,167,1265,71,21,22,41,57024,13361,1466,161,1303,58,26,37,42,55368,16337,1622,187,1376,39,61,49,97,57568,13402,1612,176,1329,31,142,35,75,59787,9362,1454,162,1223,29,127,37,38,64167,10896,1709,182,1430,28,180,19,52
42101014400,28190,15942,2661,465,1566,294,234,385,182,34091,18097,3151,453,1724,386,308,515,218,29670,6766,3054,436,1691,597,50,466,250,42802,11889,3323,529,1750,441,122,680,330,43370,11434,3540,529,1888,496,168,640,348,54393,15220,3774,507,2205,454,174,670,271
42101014500,13807,4174,1719,298,182,1310,11,212,4,14286,7240,1603,242,181,1203,6,212,1,20172,4242,1653,259,179,1091,13,230,140,23664,6378,1615,257,166,1083,25,231,110,18125,7249,1682,166,187,1160,34,151,150,20859,8515,1774,195,223,1254,20,190,87
42101014600,22411,9475,2751,948,633,1899,110,59,50,22526,6177,3289,541,976,2126,130,43,14,22635,6452,3332,420,1082,2011,144,86,9,24833,7266,3615,474,1325,2069,139,22,60,28452,6881,3870,537,1541,1975,216,22,116,28558,6612,4097,673,1669,1929,386,19,94
42101014700,11658,5756,3490,601,1257,2091,106,36,0,8980,2209,3747,613,1578,2001,118,50,0,8979,2318,3584,520,1757,1624,150,53,0,11578,3180,3595,552,1450,1742,366,37,0,11352,4514,3092,449,1193,1544,342,3,10,12460,8129,2952,449,1087,1487,336,2,40
42101014800,17634,11312,578,168,148,401,0,25,4,11450,5127,730,208,87,613,12,14,4,14375,11504,805,235,91,669,9,27,9,11989,5179,1014,152,97,899,8,0,10,21250,13928,1043,179,73,948,10,0,12,25000,9544,1003,247,3,982,10,2,6
42101014900,16528,8038,2660,522,121,2446,52,26,15,21277,10003,3207,510,137,2681,154,0,235,26967,8302,3026,508,124,2432,181,0,289,25685,4258,3230,579,106,2697,111,0,316,22375,10446,3436,471,77,2972,209,31,147,16933,8011,3387,563,121,3013,53,20,180
42101015101,18839,16856,2398,607,88,2198,0,32,80,17146,12337,2323,448,45,2231,0,17,30,21250,17209,2071,436,49,1959,0,20,43,21000,13943,2015,395,84,1858,0,25,48,27375,13847,2092,398,68,1892,0,125,7,30051,3598,2317,355,74,2080,0,152,11
42101015102,12170,5503,4858,547,44,4780,0,34,0,12316,4569,4375,569,25,4275,0,63,12,13485,6452,4072,511,28,3920,8,49,67,12241,3241,3530,508,30,3297,26,50,127,13966,5346,3324,412,36,3052,93,21,122,13750,4444,3507,409,32,3232,110,25,108
42101015200,13265,3267,6444,870,507,5823,0,30,84,15394,3716,6284,982,426,5628,0,183,47,12330,3605,6202,861,413,5517,0,219,53,16195,3977,6098,871,307,5560,0,187,44,16959,3571,5824,833,177,5312,0,263,72,19105,5984,5769,954,107,5340,0,219,103
42101015300,13843,6375,3905,553,1771,1942,110,2,80,10375,5042,4200,682,2035,1997,45,3,120,12931,4551,4421,654,2411,1714,110,5,181,15609,3517,3860,531,2174,1385,161,7,133,16691,2220,4135,549,2201,1531,217,72,114,16075,2353,4074,470,2199,1422,253,70,130
42101015600,16902,15175,1784,362,681,374,0,645,84,16875,11147,1844,311,790,225,0,701,128,19423,8061,1925,320,661,322,0,884,58,20592,7524,1981,311,648,304,7,895,127,19375,6026,1986,263,608,367,36,831,144,23031,3869,2048,324,551,382,48,893,174
42101015700,27043,11459,3191,476,1683,423,170,891,24,26445,12927,2800,433,1491,106,113,1020,70,32820,8317,2749,392,1263,97,116,1149,124,36767,6197,2668,321,1368,96,117,978,109,37664,7930,2599,349,1318,263,11,835,172,38991,3784,2688,391,1485,323,22,638,220
42101015800,47326,8517,5473,598,5210,70,103,50,40,44222,12491,5603,619,5324,97,106,29,47,44630,5208,5542,511,5274,125,61,28,54,52931,8478,5872,550,5631,99,57,33,52,55458,8579,5937,622,5614,110,157,0,56,56989,11597,6183,679,5896,83,115,44,45
42101016000,43886,11233,6682,626,6289,25,236,113,19,42994,8897,7125,743,6456,45,426,130,68,49286,7980,6963,754,6386,62,333,109,73,45265,7792,6435,737,5667,124,299,106,239,45030,8727,6711,814,5940,115,285,87,284,50906,11143,6721,811,6014,112,258,77,260
42101016100,26524,4020,5107,542,2239,785,920,1143,20,24091,5646,5037,588,2215,667,861,1269,25,25441,6538,5041,650,2844,488,795,905,9,25223,8560,4791,644,2614,415,848,897,17,35000,12245,5152,671,2975,329,781,975,92,46174,12074,5964,698,3589,268,790,1104,213
42101016200,16016,9902,1877,271,656,859,0,218,144,17314,7192,1794,235,701,600,0,359,134,17794,6597,2049,267,788,563,0,562,136,20040,5306,2206,337,644,482,0,979,101,19018,3663,2278,358,724,492,0,1043,19,21765,4813,2441,391,739,499,84,1065,54
42101016300,14042,3370,3084,584,890,822,220,1112,40,12232,2887,3622,641,964,1229,340,1061,28,12381,2938,4093,615,1229,677,543,1609,35,12343,2331,3935,529,1249,455,496,1664,71,12846,2692,3574,459,1054,363,363,1714,80,14017,4056,3710,473,1605,288,339,1393,85
42101016400,13500,4145,4669,703,1146,2185,40,1045,253,13364,2809,4718,660,725,2129,59,1515,290,12569,2413,4405,556,664,2218,74,1258,191,12436,2406,4543,612,647,2578,0,1190,128,17270,5192,4567,571,774,2418,0,1229,146,16222,4462,4338,499,984,1970,0,1181,203
42101016500,14127,5245,2099,354,81,1830,0,36,152,13649,5422,1911,372,38,1616,0,141,116,12121,7268,2170,389,58,1669,0,379,64,14894,4872,2065,359,96,1543,0,360,66,15401,3445,2251,448,97,1773,27,289,65,14760,7648,2687,490,288,1677,128,588,6
42101016600,22713,13303,1433,305,121,1277,0,8,27,13750,17577,1459,302,122,1306,0,8,23,24479,7094,1567,255,279,1238,0,35,15,15855,13364,1624,232,324,1241,9,37,13,(X),(X),1652,300,304,1190,5,103,50,13807,13733,1627,285,345,1139,6,98,39
42101016701,20617,5010,2372,373,25,2336,0,11,0,21987,12161,2778,481,19,2750,0,9,0,20079,6739,2635,472,23,2592,0,11,9,18955,5470,2932,541,24,2859,28,14,7,20000,7355,3021,472,43,2852,40,18,68,19647,8035,2871,496,17,2765,26,0,63
42101016702,17994,5845,3315,849,215,3100,0,0,0,17076,7051,3046,674,401,2645,0,0,0,25996,7141,3165,603,251,2866,0,27,21,20565,7961,2930,467,239,2622,0,42,27,25448,8336,3129,555,308,2745,8,44,24,20230,7234,2796,378,161,2552,9,48,26
42101016800,31621,4852,4034,396,211,3768,0,0,55,29375,7425,4284,608,101,4069,0,0,114,26989,5007,4457,585,118,4201,0,0,138,27574,4614,4206,439,174,3942,0,16,74,23569,4519,3942,548,153,3734,0,18,37,17250,4760,3605,561,154,3419,0,21,11
42101016901,21711,3542,3664,578,117,3508,39,0,0,24313,3511,3789,729,92,3559,44,0,94,27070,5463,3622,548,75,3464,8,0,75,25292,3414,3356,493,58,3221,7,0,70,28125,5802,3495,488,59,3330,11,0,95,29202,4833,3430,526,6,3303,11,0,110
42101016902,20909,5208,5248,613,140,4757,0,1,350,23427,3955,5587,712,136,5055,0,2,394,25382,4057,5500,826,100,5062,0,0,338,21035,5254,5798,868,159,5629,0,0,10,22525,4683,5909,958,65,5832,0,0,12,24802,6662,5797,961,88,5664,0,45,0
42101017000,22410,9535,2766,444,620,2028,68,47,3,22413,13655,2926,409,745,1981,115,69,16,30694,14685,3239,301,625,2368,160,71,15,25299,9130,3050,373,566,2325,102,35,22,31354,13129,3086,394,621,2332,70,35,28,36275,15863,3114,369,522,2423,90,47,32
42101017100,18800,8415,4058,494,181,3779,0,65,33,25551,5739,3606,512,210,3303,0,61,32,27244,5091,3902,486,162,3615,0,69,56,28811,5848,4078,494,91,3854,0,67,66,30119,9455,4269,402,67,4059,0,64,79,30647,8274,3997,437,113,3812,0,15,57
42101017201,19531,6921,3456,608,0,3408,0,35,13,19816,5779,3549,605,0,3476,0,49,24,20357,6394,3411,482,23,3258,0,19,111,21096,5244,3375,417,70,3205,0,5,95,24207,5150,3516,441,83,3129,0,68,236,27217,6639,3194,438,85,2667,125,71,246
42101017202,19161,3173,3762,710,12,3735,0,0,15,19967,3351,3469,532,124,3331,0,0,14,22038,6441,3363,551,159,3191,0,0,13,21875,7591,3341,538,158,3122,48,0,13,20536,6618,3374,507,191,3031,137,0,15,15731,7158,2991,418,178,2695,118,0,0
42101017300,18090,3060,3472,558,47,3349,0,29,47,20036,5491,3469,547,41,3359,0,35,34,21314,3095,3273,460,45,3173,0,17,38,20430,4946,3178,455,66,3073,6,15,18,22279,4466,3202,474,123,3034,6,19,20,23479,4295,2607,389,127,2460,6,5,9
42101017400,20868,6860,2194,394,19,2059,0,0,116,19750,4475,2105,386,23,1923,0,125,34,16414,5679,1992,272,13,1857,0,122,0,18319,5171,2268,338,30,2117,0,121,0,20461,5654,2118,269,82,1924,0,112,0,22625,3760,2204,329,193,1879,0,132,0
42101017500,14972,3865,7057,783,1972,2619,0,2338,128,14768,3666,6763,869,1246,2704,0,2766,47,14340,2663,7431,1010,1229,2715,0,3454,33,15743,5079,7214,959,1693,2491,0,2866,164,16978,4647,7097,760,1798,2645,44,2473,137,17708,3316,6850,847,2251,1805,39,2559,196
42101017601,11122,1806,5434,721,1551,1158,0,2545,180,12039,2590,5198,794,1581,985,0,2536,96,14121,2920,5588,748,1518,969,0,2992,109,16531,2688,5922,625,1816,721,0,3208,177,17192,3575,6044,682,1735,474,2,3680,153,17855,4507,5728,722,1855,497,2,3216,158
42101017602,18741,1900,3874,537,1097,446,37,2161,133,17535,2834,3729,479,1034,711,8,1827,149,17296,2991,3766,467,1159,660,11,1746,190,17729,2847,3906,460,1359,546,17,1783,201,18086,2359,4320,431,1801,595,62,1667,195,18329,3212,4267,496,2075,605,43,1337,207
42101017701,21393,10320,3666,605,955,859,241,1442,169,19796,6520,3288,590,988,1181,50,883,186,18459,6864,3831,556,938,1038,37,1532,286,23385,6792,3937,677,1032,1236,54,1403,212,25292,5114,3919,741,1189,1075,60,1433,162,21589,4138,4012,689,1249,1300,22,1084,357
42101017702,16356,3804,6413,880,1597,1344,65,2737,670,16036,1283,6310,1087,1752,1304,44,2424,786,15392,1813,6171,897,1940,1313,76,2279,563,14907,2295,6371,884,1885,1481,67,2493,445,14587,2725,5806,705,1966,1408,73,1935,424,16604,3048,5441,633,1706,1445,12,1874,404
42101017800,20093,3734,6579,871,1877,1607,341,2317,437,20586,3486,6531,805,2007,1851,374,1975,324,22458,4479,7100,763,2305,1803,310,2356,326,20484,7150,6775,794,1985,1766,441,2326,257,22283,9769,5725,638,2280,1584,278,1479,104,24975,9170,6224,733,2556,1912,282,1427,47
42101017900,26652,11370,5456,796,3271,1345,58,566,216,23516,8064,6290,1115,3524,1415,67,937,347,22050,5708,6442,1286,3063,2352,61,675,291,25603,6315,7236,1521,3184,2977,37,727,311,27607,4139,6885,1061,3912,1777,45,974,177,31197,2567,7283,817,3629,1969,0,1543,142
42101018001,36121,4157,2181,538,2181,0,0,0,0,33611,13068,2161,304,2117,0,41,0,3,32031,11183,2610,415,2448,3,44,0,115,35962,13798,2372,364,2216,36,31,0,89,47308,19378,2567,312,2315,33,89,0,130,57981,12510,2662,307,2408,53,85,0,116
42101018002,34124,4698,5139,631,4639,8,41,27,424,34966,4907,4888,557,4474,0,21,29,364,38051,6878,5341,620,5035,0,0,45,261,40911,5259,5502,610,5221,1,0,54,226,40891,10513,5430,635,5339,4,34,53,0,39479,9371,5740,587,5471,3,105,91,70
42101018300,41338,4279,4297,391,4008,278,11,0,0,44742,5900,4074,284,4051,12,11,0,0,44104,8128,4086,324,4064,12,10,0,0,47578,14856,3792,338,3764,15,12,1,0,52288,11799,3818,288,3762,35,11,1,9,59063,10122,4004,316,3961,33,0,1,9
42101018400,43036,9829,2052,205,1962,1,0,32,57,42639,6661,2214,246,2079,1,26,27,81,47892,6029,2379,257,2229,1,58,20,71,48884,3763,2497,335,2348,2,46,23,78,48715,4310,2471,340,2369,1,77,16,8,50321,4094,2434,247,2352,1,62,4,15
42101018800,21672,8608,8165,1158,3259,2223,100,2262,321,23237,9703,8285,975,3369,2694,78,1784,360,22263,8185,8877,908,3589,3083,82,1614,509,20864,6360,8698,1111,3850,2738,113,1514,483,21949,5375,9146,1005,3996,2845,150,1444,711,23705,3928,9162,965,3791,3101,149,1388,733
42101019000,30488,5302,7876,911,2410,2427,697,1914,428,27955,2418,7848,885,2635,1824,283,2793,313,28056,3873,8032,1004,2767,1870,355,2616,424,30702,4027,7996,804,2722,1649,371,2455,799,31485,5055,7949,846,2609,1742,316,2539,743,32963,4859,8371,794,3198,1563,379,2601,630
42101019100,28365,6710,7540,822,2485,1001,994,2918,142,29583,8142,7574,659,3092,1097,851,2433,101,29625,6849,8329,772,3396,912,1211,2717,93,29196,4411,8397,766,3555,1167,1058,2524,93,29097,4734,8440,979,3707,1225,1128,2292,88,31565,5517,8857,772,4134,1452,1127,2101,43
42101019200,21090,8121,9012,1077,2619,2025,218,3746,404,21816,7815,9285,1257,2679,2827,0,3356,423,23608,4950,8105,886,2981,2342,188,2324,270,23359,4035,9150,865,2712,3444,129,2570,295,25218,6763,9510,1078,4319,2515,114,2380,182,24864,5562,9019,1014,4337,2353,21,2188,120
42101019501,14074,2674,4189,644,913,514,0,2536,226,13400,2472,4305,677,913,541,0,2722,129,13477,2094,4361,800,1058,686,0,2350,267,12791,2239,4554,712,1632,610,0,2088,224,11648,1720,4697,795,1874,488,0,2109,226,14451,3619,4437,703,1993,411,0,1860,173
42101019502,16402,6352,3596,588,1575,601,0,1395,25,17679,8245,3711,706,1663,540,0,1457,51,14259,5713,3604,635,1852,633,0,1086,33,18196,7875,3767,768,1898,684,0,1123,62,21375,9689,3266,575,1522,289,0,1345,110,23233,10909,3649,633,1825,510,0,1173,141
42101019700,22107,5942,7812,953,964,3070,116,3449,213,21219,4615,6659,826,745,2596,136,2952,230,20371,3573,6570,808,1330,2647,127,2307,159,17457,2853,6905,777,1264,3298,87,2092,164,19032,4210,7096,749,1287,3652,102,1967,88,19685,4028,6843,864,1326,3464,10,1920,123
42101019800,22997,2318,5681,555,670,1870,169,2812,160,21273,1759,5867,574,889,1392,119,3096,371,21497,1456,6615,732,1182,2401,198,2396,438,22607,2643,6577,677,1188,2337,181,2402,469,23439,1454,6992,807,1228,2713,218,2446,387,23419,1740,6970,697,1269,2860,170,2259,412
42101019900,18557,2600,4756,666,768,1800,13,2081,94,19697,3221,4674,617,969,1559,7,2010,129,22619,7540,4466,636,835,1728,0,1752,151,20896,3078,4886,719,1096,1894,0,1686,210,19498,2265,4411,695,1218,1857,0,1188,148,18576,1920,4080,647,1038,1646,0,1257,139
42101020000,31620,11473,1271,222,149,992,95,19,16,28646,9828,1369,247,144,1095,90,27,13,28696,9998,1353,261,115,1049,71,107,11,25917,6685,1276,261,170,991,60,31,24,24850,6732,1273,190,139,1022,54,34,24,25066,7353,1327,222,50,1186,25,42,24
42101020101,26144,8008,4050,792,45,3999,0,6,0,25034,9374,3953,602,41,3907,0,5,0,21917,9018,4182,604,48,4129,0,5,0,20528,5187,3871,603,41,3756,74,0,0,19235,4553,3908,576,32,3768,78,0,30,17052,3729,4025,526,127,3800,78,0,20
42101020102,31425,2617,2986,454,172,2814,0,0,0,31149,4644,3476,686,161,3159,0,0,156,31503,2769,3444,639,146,3263,0,0,35,32748,4732,3350,588,136,3095,0,22,97,31297,4426,3259,475,9,3092,0,24,134,32066,5882,3083,579,8,2916,0,32,127
42101020200,21521,3565,4965,604,163,4747,17,38,0,21068,4234,5132,782,219,4902,0,10,1,24768,4401,5197,789,213,4973,0,10,1,23681,4940,4782,639,146,4625,0,10,1,20465,8743,4696,897,289,4386,0,10,11,18550,5064,4358,752,216,4126,8,0,8
42101020300,26773,4999,2877,463,88,2659,1,94,35,26071,5864,2830,380,76,2652,1,59,42,24891,4796,2808,379,73,2690,1,7,37,20435,8278,2889,425,43,2801,0,18,27,22277,7314,2779,405,27,2619,0,89,44,26397,8399,2906,498,62,2598,0,203,43
42101020400,31294,3924,2821,514,23,2694,0,104,0,30740,5503,2867,519,26,2762,0,52,27,28564,6276,2733,421,27,2563,1,122,20,24261,4957,2538,420,13,2404,1,81,39,23101,6410,2497,466,13,2369,1,68,46,21977,6315,2631,483,37,2478,1,64,51
42101020500,20693,5656,3120,487,64,2811,146,87,12,20286,4422,3036,400,81,2866,41,35,13,21600,5427,2562,463,200,2290,0,61,11,27620,7926,2554,251,241,2090,61,89,73,20000,8836,2774,323,201,2312,88,65,108,25063,13228,2759,336,131,2435,72,34,87
42101020600,45192,23052,1985,258,1117,697,89,53,29,48875,14623,2068,253,1054,781,126,60,47,47235,12672,2089,282,976,827,147,85,54,33854,16398,1877,384,949,659,146,67,56,43750,16399,1724,229,793,638,175,66,52,34688,14406,1664,246,772,570,194,66,62
42101020700,74076,6708,6031,582,4996,700,223,55,57,66373,6379,5672,571,4761,659,193,59,0,63243,12730,5825,511,4899,583,239,76,28,56646,13033,5787,520,4587,749,271,111,69,51268,8987,5810,561,4380,875,296,112,147,52816,6874,5675,567,4226,761,340,87,261
42101020800,37069,6351,2291,343,1159,725,243,124,40,36218,6670,2303,264,1180,708,254,111,50,37727,9606,2352,291,1216,731,240,113,52,39558,10216,2177,244,1106,711,286,40,34,40000,9509,2155,227,1073,735,300,8,39,43646,13477,2196,272,1095,758,300,10,33
42101020900,63090,25416,3029,492,2635,184,158,10,42,61625,18815,2949,392,2641,171,66,0,71,54667,16889,3065,473,2829,106,76,0,54,61607,13802,2962,437,2708,94,97,0,63,54848,14827,2926,315,2627,70,75,87,67,58750,10947,2932,319,2583,137,49,133,30
42101021000,60063,14047,4457,663,4061,280,33,0,83,67132,14954,4944,599,4462,365,52,0,65,59880,14302,5119,610,4616,362,53,0,88,60820,18216,5085,571,4649,288,60,0,88,73607,21157,5094,545,4685,254,65,25,65,73723,28957,4990,517,4362,433,26,60,109
42101021100,61318,5505,2285,292,2180,76,28,1,0,66964,13317,2289,360,2101,92,60,0,36,65925,8762,2273,270,2033,91,111,0,38,63750,12004,2409,184,2018,162,124,9,96,61641,13153,2507,163,2201,123,83,9,91,69453,19248,2496,212,2074,153,113,56,100
42101021200,61181,9976,2326,344,1931,102,92,141,60,62547,12043,2141,280,1776,105,69,145,46,61932,11900,2357,270,2007,129,55,130,36,63827,7074,2586,251,2059,188,147,130,62,64212,4938,2553,261,1992,247,180,121,13,65560,11917,2440,204,1930,251,223,11,25
42101021300,56949,4486,3083,335,2801,218,15,35,14,58386,4476,3197,302,2909,192,62,10,24,61944,5086,3263,369,2973,182,76,0,32,60278,6336,3436,356,3164,140,55,0,77,59137,2982,3753,413,3426,137,56,19,115,63117,4130,3814,396,3448,140,65,19,142
42101021400,57010,5498,3118,435,2730,360,0,15,13,59167,6609,3229,389,2867,334,0,8,20,63912,5278,3618,519,3109,491,0,0,18,64036,11782,3985,677,3464,501,0,0,20,64260,12206,4279,532,3691,459,0,36,93,71125,13070,4475,593,3709,626,32,22,86
42101021500,60263,8393,3431,311,3002,100,196,52,81,69855,5851,3541,339,3081,122,228,43,67,70512,6331,3619,388,3176,63,294,13,73,71792,6005,3873,343,3455,82,230,20,86,72894,5269,3912,398,3402,130,181,21,178,72371,7279,3865,358,3334,138,187,33,173
42101021600,38472,15316,1655,156,1495,113,6,9,32,49245,19802,1850,178,1579,150,20,68,33,65197,17156,2081,276,1779,150,60,61,31,63274,16326,2129,245,1871,102,71,27,58,54009,13587,2145,242,1814,125,100,24,82,66719,13581,2174,246,1752,203,107,23,89
42101021700,66463,6915,6099,491,5327,441,160,22,149,65286,6416,6106,448,5226,520,173,23,164,61382,8798,5908,493,5171,402,119,26,190,57341,10966,6578,711,5601,689,162,0,126,57138,10332,6189,609,5657,306,104,0,122,72239,7362,5850,537,5061,413,241,0,135
42101021800,52857,7132,4352,546,3588,417,231,45,71,52663,6825,4194,549,3381,468,225,41,79,42323,7617,3988,456,3230,474,172,41,71,50482,12219,4278,413,2976,622,294,310,76,49044,13782,4164,408,2767,881,189,253,74,50135,12937,4358,395,2754,1169,168,172,95
42101021900,77612,15312,1272,174,1106,146,0,20,0,77644,8391,1421,175,1257,119,28,9,8,81216,1186,1519,159,1310,145,28,21,15,82038,3075,1578,137,1327,165,41,30,15,78145,8564,1563,113,1397,61,52,26,27,75000,10374,1508,97,1335,65,47,38,23
42101022000,105260,37797,1596,183,1226,231,16,66,57,73864,24599,1785,197,1278,235,62,152,58,76250,21338,1828,193,1348,181,78,157,64,85486,11924,1777,161,1331,286,67,79,14,84931,21757,1783,175,1373,249,67,80,14,87292,19240,1772,186,1343,257,82,77,13
42101023100,106638,33989,1177,119,1076,6,81,0,14,106927,31487,1181,85,1077,4,64,14,22,102578,37897,1179,91,1116,14,14,35,0,124625,34279,1269,111,1244,0,14,11,0,134375,24863,1377,124,1335,0,10,22,10,137500,16099,1374,105,1328,0,12,25,9
42101023500,74881,16290,1119,170,540,447,59,1,72,76548,12803,1223,123,647,454,68,1,53,74730,11458,1322,129,662,448,116,5,91,78581,7976,1276,156,641,389,137,9,100,81042,15876,1318,155,771,308,132,4,103,76667,22994,1308,165,758,399,59,7,85
42101023600,74810,24953,2898,356,1757,1001,23,81,36,77356,25240,3099,347,1703,1245,34,76,41,75179,16549,2904,323,1612,1134,37,86,35,69286,15432,3102,445,2078,854,32,130,8,65821,8578,2731,289,1862,795,20,12,42,67147,20418,2450,227,1505,863,32,10,40
42101023700,40256,8997,4861,561,1590,2716,131,80,344,44077,13684,4868,442,1596,2684,155,95,338,50292,14636,4979,487,1527,2908,85,92,367,52305,8106,4896,483,1358,2914,125,53,446,52579,6714,4738,489,1359,2713,142,47,477,54835,15180,5300,603,1508,3119,112,45,516
42101023800,34744,5710,4447,554,1374,2790,49,60,174,33175,7725,4647,581,1245,3131,58,33,180,31328,7872,4368,473,1148,2875,90,37,218,34221,11234,4460,587,1166,2994,78,30,192,41833,7802,4392,588,1175,2943,98,53,123,46607,12753,4153,487,1198,2508,60,51,336
42101023900,29314,6563,1628,205,360,1115,31,64,58,29346,2678,1472,191,349,1018,21,41,43,28508,1255,1484,204,394,1031,13,4,42,27583,3597,1260,190,341,809,17,44,49,20702,4396,1363,163,387,816,83,40,37,20843,2999,1252,206,441,590,107,65,49
42101024000,33417,9856,3827,511,1577,1997,107,89,57,33849,7736,3799,537,1418,2176,84,81,40,34375,9298,3838,494,1334,2157,103,161,83,36442,13163,3711,617,1137,2127,145,142,160,39073,6863,3815,537,1322,2168,88,57,180,43750,7614,3399,493,1237,1739,107,117,199
42101024100,11230,3044,959,187,245,671,7,23,13,11353,1545,1101,204,233,823,6,17,22,12399,3283,1225,221,306,895,0,17,7,16985,4665,1301,249,345,905,0,15,36,14844,4151,1535,227,394,1052,6,24,59,16392,2974,1460,303,346,1027,4,17,66
42101024200,25449,6450,4073,574,444,3574,0,42,13,28234,8451,4230,658,521,3525,0,34,150,22970,5440,4201,643,555,3495,0,36,115,28947,11864,3795,558,481,3080,0,109,125,22773,8058,3383,510,373,2841,0,90,79,22500,9328,3275,438,369,2723,0,94,89
42101024300,34671,5260,4870,826,429,4391,22,18,10,33427,6932,4611,895,501,4064,13,3,30,33220,11763,4164,819,504,3565,58,4,33,24353,3761,3984,737,505,3414,15,16,34,25479,4228,3927,723,506,3358,16,14,33,28823,6575,3275,491,520,2597,30,46,82
42101024400,33878,8991,3543,744,259,3238,0,12,34,33074,4257,3104,1222,135,2937,0,9,23,33733,4490,3143,1074,186,2948,0,0,9,31339,5627,2715,530,140,2538,0,26,11,29153,5875,2598,380,134,2434,0,20,10,26958,6001,2799,414,193,2579,0,22,5
42101024500,26356,7530,3526,573,215,3268,14,10,19,30446,5082,3578,482,222,3296,14,8,38,30255,4644,3443,488,194,3203,15,6,25,27556,7917,3624,468,180,3343,15,58,28,19606,5071,3709,437,281,3340,0,60,28,16474,3105,3615,422,317,3222,0,59,17
42101024600,18881,4109,3124,535,322,2730,3,43,26,19510,5450,2829,480,225,2529,6,44,25,23851,8480,3116,475,237,2819,10,24,26,24268,10046,2947,391,296,2536,0,59,56,23380,13440,3165,355,427,2624,0,58,56,17279,5251,2785,405,271,2403,0,65,46
42101024700,25047,5947,4556,681,411,4086,0,0,59,21765,5969,4589,665,364,4158,0,26,41,20440,4357,4381,638,386,3928,8,25,34,21702,3058,4832,726,337,4266,5,20,204,20755,2748,5020,649,266,4545,8,21,180,19613,2378,4274,646,281,3715,8,20,250
42101024800,36433,10256,2167,390,9,2119,0,21,18,36481,9020,2177,286,16,2110,0,35,16,36707,7331,2213,319,18,2117,0,55,23,38048,3582,2101,231,28,1954,0,73,46,38806,4150,2167,187,43,2049,0,66,9,39917,6404,2205,255,37,2156,0,0,12
42101024900,36667,13832,3406,695,0,3379,0,0,27,30762,10144,3860,631,18,3728,0,75,39,30461,10453,3210,516,24,3128,0,44,14,31838,10342,2886,534,24,2787,0,67,8,29583,11570,3107,586,26,3003,0,71,7,24528,11518,3171,601,30,3055,0,65,21
42101025200,35021,7266,7287,1218,411,6693,3,41,139,34281,5964,7877,1033,494,7197,6,38,142,32081,3309,8204,1091,566,7575,0,43,20,28598,4487,7316,941,569,6689,0,28,30,28177,4441,6591,918,480,6032,15,43,21,31299,4821,7366,869,512,6756,54,0,44
42101025300,29146,8869,3649,616,218,3416,0,0,15,33005,8424,4086,568,271,3663,0,0,152,33568,5706,3981,563,269,3496,0,0,216,33404,4197,3905,430,226,3375,56,54,194,34694,5110,3867,437,268,3250,120,49,180,39353,8339,4180,495,180,3648,127,46,179
42101025400,54250,6621,4177,516,341,3466,52,36,282,52625,6880,4449,396,386,3787,15,35,226,51738,11330,4592,390,273,4031,14,52,222,45602,9132,4242,362,444,3438,30,95,235,50011,11177,4145,411,482,3361,39,109,154,51806,6370,4163,401,450,3445,23,89,156
42101025500,62118,20099,2537,319,777,1667,0,16,77,79808,19005,2885,285,797,2020,0,0,68,70881,14952,3084,475,853,1955,0,25,251,57168,8760,2923,301,751,1925,14,26,207,60755,4880,2950,333,765,1844,28,64,249,60827,4304,2755,304,837,1570,29,73,246
42101025600,66116,7260,2626,274,1326,1026,65,58,151,69004,6043,2816,200,1521,1056,54,61,124,71875,13015,3118,285,1565,1317,62,66,108,74792,18583,2927,246,1526,1250,13,66,72,77500,16095,2912,247,1477,1271,21,74,69,82768,13783,2760,227,1475,1201,22,10,52
42101025700,66774,8973,3319,277,2209,1021,44,6,39,64938,14100,3147,305,2255,756,40,14,82,58841,8695,3407,315,2298,927,76,12,94,55362,9842,3611,335,2207,1075,119,0,210,56225,7047,3464,274,2060,1041,166,0,197,58567,4991,3770,365,1720,1260,322,295,173
42101025800,52900,16501,1695,178,25,1670,0,0,0,57083,13557,1594,191,31,1563,0,0,0,53289,11644,1586,184,30,1552,0,4,0,52042,10500,1564,223,29,1531,0,4,0,57557,7331,1693,248,32,1643,0,5,13,53026,12330,1718,166,67,1623,7,6,15
42101025900,40633,9465,4526,535,211,4148,94,0,73,37472,8599,4439,566,88,4244,42,0,65,40380,9356,4931,628,58,4808,33,0,32,41042,5160,5125,651,58,4901,68,0,98,43115,5996,4830,565,66,4611,68,0,85,42356,9897,4854,624,35,4605,43,0,171
42101026000,49861,13091,2752,411,95,2578,0,0,79,44885,6886,2827,431,140,2668,0,10,9,48056,16936,2783,519,117,2626,0,7,33,58947,8088,2996,309,160,2760,0,20,56,47402,13194,3096,297,155,2750,10,82,99,45821,7395,3047,300,145,2714,9,96,83
42101026100,57977,7210,3003,388,5,2936,1,1,60,53013,8409,2793,336,41,2740,1,1,10,48146,6835,3113,395,74,3027,1,0,11,49156,8099,3340,408,88,3252,0,0,0,47823,8632,3207,423,78,3116,0,12,1,41418,7006,3588,428,147,3429,0,10,2
42101026200,45242,6019,4333,486,94,4171,0,11,57,50093,6872,4695,450,95,4510,0,11,79,51289,5065,4702,416,70,4526,0,10,96,51122,5426,4592,403,79,4461,0,9,43,49804,6167,4449,376,70,4306,0,25,48,47204,8942,4304,398,68,4176,0,17,43
42101026301,46953,7482,3996,364,72,3856,0,0,68,41494,8067,4071,416,66,3917,0,0,88,43081,6038,4124,461,42,4022,0,0,60,40808,4612,4335,543,40,4212,0,0,83,38603,7703,4270,476,29,4162,0,0,79,41002,4507,4007,524,18,3873,1,0,115
42101026302,42513,6421,4834,848,276,4332,49,0,177,41114,7917,5380,762,196,5072,51,0,61,42094,8248,5399,878,329,4985,53,0,32,40152,8521,5978,774,214,5536,142,0,86,35486,10898,5537,663,130,5257,71,0,79,38750,10845,5701,778,98,5425,80,0,98
42101026400,42917,9227,5445,720,177,5255,12,1,0,43542,7876,5350,667,149,5142,13,1,45,37147,15374,5596,802,135,5346,21,1,93,39145,12699,5605,852,71,5373,15,1,145,39732,13011,5753,745,84,5489,1,35,144,41719,16871,5835,746,83,5521,1,35,195
42101026500,45906,5642,4562,725,103,4392,0,22,45,46575,3073,4745,547,65,4617,0,0,63,45978,9359,4957,639,85,4784,0,0,88,36818,8809,4965,661,81,4799,0,0,85,40143,6650,5229,624,64,5077,0,0,88,40709,5350,5106,661,93,4947,0,0,66
42101026600,42785,6878,6419,756,124,6164,0,52,79,44707,6134,6573,813,40,6418,0,11,104,43509,3991,6711,676,42,6548,0,7,114,39500,5635,6464,694,21,6267,0,13,163,42083,5303,6855,787,22,6650,0,14,169,43852,10587,6218,717,23,5973,0,52,170
42101026700,37941,6845,6893,947,280,6344,24,0,245,35558,8570,6470,877,269,6009,0,0,192,32500,7971,7265,847,176,7078,0,0,11,32593,8369,6456,675,154,6287,0,0,15,33637,4746,6722,689,192,6487,0,0,43,28202,9658,6147,611,42,6064,0,0,41
42101026800,33513,6823,5023,520,214,4384,142,129,154,36006,7192,5140,662,209,4553,139,156,83,35842,6452,5010,585,226,4450,231,40,63,34366,5653,5091,575,226,4382,410,0,73,32298,4014,4949,543,245,4285,356,0,63,34365,5719,4554,474,281,3646,285,0,342
42101026900,46786,24096,2097,321,544,1216,91,88,158,46625,15270,2124,309,358,1407,48,129,182,53864,14806,2141,300,408,1415,43,104,171,54783,11765,2255,269,468,1622,34,76,55,53424,11701,2229,293,434,1549,35,121,90,44886,15178,2224,256,483,1484,30,105,122
42101027000,51328,16042,2409,418,420,1674,172,143,0,55436,13251,2254,409,518,1420,170,146,0,51645,12050,2067,337,331,1570,150,16,0,53542,11040,2662,372,304,1952,394,12,0,53750,12047,2818,358,326,2037,364,13,78,58958,15664,2975,318,334,2178,363,20,80
42101027100,44750,9932,2633,285,428,1119,742,239,105,47000,9005,3101,322,315,1985,548,191,62,44241,7082,2905,367,249,1830,569,213,44,43342,4606,2942,294,208,1884,640,155,55,42750,6715,2938,270,146,1863,646,207,76,41114,6504,3106,386,146,1931,695,296,38
42101027200,48048,5936,4773,374,438,3735,507,57,36,47694,5674,4476,389,393,3624,335,85,39,44336,11437,4773,400,358,4041,290,26,58,48045,8809,4719,340,321,3854,461,14,69,48967,9049,4920,401,401,4051,323,11,134,43715,8785,5049,412,461,4031,438,18,101
42101027300,43005,5999,6890,758,980,3363,2025,441,81,43260,8169,7046,690,1097,3364,2184,277,124,46940,8149,7563,624,1102,3836,2147,408,70,48272,11171,7424,670,828,4039,2164,343,50,47642,12194,7439,841,855,4205,2046,287,46,38606,11216,6815,845,743,3732,1943,308,89
42101027401,23345,4916,2960,389,339,1407,861,231,122,26182,7154,3173,364,470,1266,949,279,209,25608,6374,2919,395,372,1261,988,115,183,26927,7734,3351,378,299,1740,1024,95,193,31506,7040,3262,359,373,1512,1065,100,212,35648,14987,3329,496,533,1673,905,56,162
42101027402,33688,3746,7063,715,857,4294,1037,621,254,34187,6290,7546,993,774,4207,1024,1345,196,36083,11458,7124,738,574,3812,1265,1326,147,39653,7575,7393,617,555,3868,1386,1488,96,37444,5837,7245,873,521,3694,1180,1680,170,36179,4290,7241,845,347,3470,1483,1828,113
42101027500,42938,11693,4522,511,504,3429,368,146,75,40788,12870,4576,486,558,3012,580,331,95,33750,13129,4644,390,550,2866,921,223,84,38554,8230,4990,524,534,3309,768,296,83,39422,8945,5147,605,585,3581,712,269,0,43105,8402,5309,659,465,3866,637,307,34
42101027600,28802,6795,4082,484,84,3755,0,8,235,30945,4544,4069,434,92,3766,0,0,211,30717,5914,3869,439,98,3597,0,0,174,28438,7381,3711,369,58,3461,0,0,192,30587,7195,3547,411,65,3361,0,0,121,30506,4062,3589,408,59,3436,6,49,39
42101027700,25690,7650,4274,698,204,3807,120,41,102,25101,8023,4910,624,146,4539,156,0,69,24049,6501,4699,622,203,4224,138,0,134,22320,4159,4891,669,76,4488,219,0,108,24250,4843,5126,641,161,4577,245,0,143,24776,6499,5118,763,148,4571,241,0,158
42101027800,30647,6639,5163,828,70,5053,0,40,0,31492,5820,4726,626,223,4467,0,36,0,30789,3817,4560,616,244,4316,0,0,0,29970,6113,4435,624,320,4097,0,0,18,29573,4702,4836,686,329,4474,6,8,19,29063,5648,4507,625,340,4132,3,10,22
42101027901,28984,6914,4758,975,137,3911,75,618,17,31818,5763,4892,1204,34,3663,149,1008,38,32181,7034,4951,927,37,4111,120,637,46,32252,5861,4642,970,94,3767,88,666,27,32750,5838,4514,1145,95,3462,78,854,25,35669,5430,3661,497,123,3407,66,36,29
42101027902,31701,6432,4238,894,2078,1657,103,174,226,31573,10318,4574,613,2054,1866,157,336,161,30679,5582,4437,469,1941,2080,121,228,67,27604,7161,4723,490,1967,2320,116,222,98,34886,8936,4638,460,1720,2376,160,251,131,30774,8200,4304,430,1662,2271,114,125,132
42101028000,25267,4887,4843,592,105,4668,0,8,62,22278,5835,4378,507,75,4269,0,10,24,25056,4253,4165,443,56,4073,0,11,25,24381,3729,4298,437,49,4218,9,0,22,25819,4041,4141,460,26,4009,66,1,39,25604,4866,3986,454,31,3852,64,1,38
42101028100,32601,10182,3552,401,131,3217,45,11,148,31250,8175,3361,386,163,3134,44,10,10,34149,6081,3433,337,205,3176,42,9,1,37083,7922,3908,362,194,3665,39,9,1,29785,6629,4124,681,420,3644,50,10,0,35083,8542,4452,580,370,3998,38,0,46
42101028200,34890,5621,4995,469,286,4254,304,76,75,38877,8151,5399,641,379,4386,395,81,158,30412,7359,5056,634,442,4164,278,64,108,28469,5647,4848,581,285,4170,282,31,80,28393,4747,5236,651,376,4426,316,32,86,29412,4341,5530,691,392,4587,399,26,126
42101028300,27396,7359,6390,811,189,5618,273,4,306,24396,6202,6228,720,180,5402,302,0,344,19369,6665,5901,808,230,5006,320,0,345,21230,5234,6110,881,366,5212,328,0,204,20536,7314,5877,693,595,4760,87,0,435,23645,6440,6582,1019,178,5466,595,0,343
42101028400,28362,10918,4594,702,443,3583,47,483,38,23254,6622,4446,719,469,3078,116,707,76,25598,7587,4863,696,652,3355,45,756,55,25610,5934,4966,738,463,3713,85,553,152,27031,6832,4655,626,552,3457,93,444,109,27188,7820,4714,655,487,3537,68,473,149
42101028500,30570,16323,2464,346,349,1026,282,807,0,26196,17057,2326,360,357,994,441,530,4,30077,11675,2698,393,294,1338,390,658,18,30776,5286,2994,340,616,1324,313,719,22,32695,8523,2921,392,614,1256,366,641,44,27202,9927,2886,405,544,1317,276,708,41
42101028600,31413,9232,6707,823,1217,3214,693,1199,384,25740,4813,7741,856,908,4574,524,1270,465,25975,3827,8100,854,711,4966,543,1536,344,26778,4426,7975,872,911,4400,620,1694,350,31616,7003,7984,879,937,5170,382,1289,206,27917,4930,7526,900,884,4855,566,983,238
42101028700,16944,8747,2402,340,377,562,0,1344,119,17192,8198,2475,331,369,628,0,1336,142,20082,7467,2502,377,491,468,45,1343,155,23125,7994,2685,283,649,661,63,1068,244,25152,6061,2527,282,620,761,80,871,195,26292,4460,2543,309,635,701,95,931,181
42101028800,25121,3646,4822,507,1236,782,326,2225,253,25257,4174,4783,652,1307,822,367,2100,187,28510,4572,4734,568,1345,806,606,1926,51,31607,11822,4443,450,1276,825,693,1541,108,29337,6992,4409,442,1081,792,807,1461,268,28170,5556,4345,428,1087,865,706,1440,247
42101028901,30150,2953,3747,598,493,1339,254,1661,0,30970,3244,4254,488,724,1098,377,2008,47,30068,5065,4224,531,626,1315,289,1939,55,31750,5693,4427,568,608,1019,293,2202,305,28107,5084,4417,474,925,1079,272,1860,281,29236,13186,4434,525,1050,1097,383,1600,304
42101028902,34379,8225,6821,1024,1928,2203,357,2250,83,28783,9956,7192,855,1500,2251,463,2869,109,32177,8554,7189,809,1553,1979,461,2786,410,34319,4845,7328,786,1488,2295,585,2640,320,28663,5170,6923,679,1799,1410,711,2640,363,27746,7055,6994,920,1327,1508,676,3052,431
42101029000,29521,5405,6198,639,843,2262,1264,1670,159,30709,4334,6439,653,799,2696,1549,1224,171,35491,4848,6738,648,1048,2728,1215,1528,219,36148,5318,7009,613,933,2655,1290,1843,288,36500,4400,7208,779,1445,3196,899,1444,224,36157,4709,7118,721,1459,3417,490,1543,209
42101029100,24514,4530,3965,517,896,1754,927,263,125,27582,3526,3905,417,795,1776,848,327,159,27526,3509,4055,561,768,1795,973,348,171,26195,3877,3860,451,788,1579,878,467,148,24593,4173,4811,534,863,1971,1071,752,154,25168,4391,4827,523,618,1889,1255,955,110
42101029200,31155,5383,3815,329,1086,1792,387,370,180,30191,2901,3234,394,997,1397,245,402,193,36319,8844,3590,439,1191,1479,269,457,194,43860,4019,3903,424,1211,1580,310,495,307,45162,4670,4061,487,1218,1563,214,715,351,47097,7426,4632,596,925,1965,200,1219,323
42101029300,25227,7718,2548,525,981,864,59,638,6,19709,14742,2834,520,1103,837,55,777,62,19495,14209,3032,565,1030,1064,66,805,67,25139,8524,3165,565,986,1329,7,745,98,25852,5867,2937,469,892,1060,6,907,72,28147,4508,3050,472,839,1234,8,887,82
42101029400,20500,7224,3488,483,1244,1610,8,618,8,22260,9724,3600,435,1114,1699,9,761,17,20641,2756,3139,485,1094,1535,8,483,19,18142,3957,2816,437,948,1427,0,406,35,18268,2571,2882,444,987,1404,92,362,37,18950,1864,2886,547,903,1401,61,475,46
42101029800,23777,6861,4615,516,2287,1550,127,576,75,24088,5661,4804,464,2401,1484,32,792,95,26346,3567,4890,507,2477,1459,152,652,150,28438,4717,5167,492,2479,1616,135,742,195,29341,4410,4907,514,2209,1607,154,715,222,28407,4081,5194,508,2176,1867,186,679,286
42101029900,24552,4578,4398,566,1452,2165,80,542,159,21840,4508,4247,552,1601,1828,104,536,178,19519,3989,4070,456,1352,2256,37,314,111,18471,2662,4034,365,1299,2266,28,363,78,18261,3248,3957,474,1438,2056,50,376,37,18206,2982,4157,576,1570,2074,22,385,106
42101030000,27772,5558,7704,774,1556,4667,223,687,571,27959,5059,7758,742,1530,4981,161,608,478,28020,3159,7642,794,1838,4606,167,554,477,27787,6096,7511,865,1810,4523,141,615,422,29030,4115,7171,993,1701,4392,136,536,406,27574,7776,7417,884,1527,4668,166,669,387
42101030100,36021,11087,5366,688,1917,2434,0,644,371,33021,8289,5490,697,1995,2569,0,573,353,38019,7010,5109,726,1913,2653,0,265,278,38240,8722,5087,715,2033,2605,24,180,245,34157,8690,4899,811,1993,2393,45,280,188,31366,7714,5703,725,1783,3471,40,218,191
42101030200,33601,4521,7261,685,2102,2549,284,1785,541,35610,3232,6806,820,2125,2959,186,1038,498,35283,6099,7148,953,2197,3151,324,940,536,35073,7092,6676,701,2034,2992,275,865,510,32282,8076,6800,896,2096,3342,347,610,405,41728,12030,7697,948,2175,4033,325,779,385
42101030501,35815,6124,4867,882,978,2804,403,616,66,36563,8766,5041,716,718,3514,0,750,59,33826,4507,5526,676,1168,3153,159,985,61,33814,9781,5657,618,1395,3065,165,945,87,32219,7668,6314,705,1386,3562,98,1087,181,30921,6676,5939,538,1608,3237,136,649,309
42101030502,44318,9668,6554,627,1713,3580,506,397,358,39508,8151,6174,659,1765,2779,606,772,252,38886,4195,6341,718,1332,3498,488,814,209,38347,5006,6477,758,1208,3343,554,1197,175,36081,5084,6462,586,1189,3138,1029,935,171,38963,11844,6708,506,1147,3149,846,1399,167
42101030600,33737,6038,6887,704,3025,1828,984,1018,32,38477,9807,7403,791,3757,1805,484,1220,137,33228,9835,7680,967,3462,2104,808,1251,55,38136,7810,8074,903,3421,2055,1035,1326,237,43226,7932,8519,776,3809,2327,530,1593,260,41584,7667,8015,800,3587,2354,367,1286,421
42101030700,46649,9576,3886,544,2326,982,70,431,77,46509,9358,3949,558,2321,1103,72,306,147,44125,5444,3781,557,2061,1304,115,159,142,43549,6335,4151,593,2105,1629,146,138,133,42637,14450,4158,617,2239,1618,135,62,104,39440,12583,3897,440,2169,1410,130,68,120
42101030800,55949,5430,4995,370,3110,859,561,0,465,54572,6692,4913,351,3122,854,555,27,355,50797,6874,5147,557,3201,630,839,158,319,51173,6911,4910,499,3225,387,800,248,250,47404,9773,4570,470,2537,837,659,190,347,50690,9288,4855,559,2492,1037,662,404,260
42101030900,38462,6682,4412,492,1488,1405,668,694,157,39483,13130,4656,516,1626,1604,512,835,79,38171,7363,4716,490,1518,1535,685,706,272,36058,5277,4512,581,1392,1626,727,531,236,36719,5612,4507,571,1221,1596,863,592,235,42716,5156,4427,473,1232,1586,943,391,275
42101031000,55016,10157,7278,688,3392,1539,1371,793,183,54012,7394,7951,653,3235,2141,1246,1099,230,48420,9196,7774,924,3289,1836,1400,1027,222,52990,8917,8625,786,3599,2282,1597,875,272,49440,10062,8413,759,3614,2135,1527,992,145,43160,10680,8010,816,3408,1892,1353,1099,258
42101031101,33537,4834,4714,572,1575,1824,916,314,85,33654,3739,4788,564,1595,1886,813,396,98,37231,7531,5415,620,1593,2331,794,581,116,34244,3842,5520,544,1952,2115,602,726,125,34295,6896,5479,486,1948,2128,584,681,138,33014,3574,5506,557,1607,2517,466,686,230
42101031102,26990,6009,4476,634,1488,2046,287,641,14,34031,4083,4265,533,1393,1848,338,645,41,35224,5777,3959,490,1290,1905,287,420,57,38554,2961,4186,442,855,2475,389,395,72,39234,3541,3997,363,814,2287,315,527,54,37926,4692,4364,475,819,2739,200,523,83
42101031200,40132,15877,4416,456,1546,1816,244,800,10,32500,12308,4716,619,1475,2110,419,691,21,30409,11408,4680,390,1451,2115,303,750,61,25208,7160,5004,536,1326,2414,552,657,55,37188,9555,5081,479,1083,2487,617,811,83,38371,10241,5229,449,1016,2443,672,999,99
42101031300,31789,5586,7308,924,3501,1683,1398,502,224,26882,8492,6337,828,3117,1592,1189,256,183,26476,5440,5842,787,2802,1587,963,163,327,31538,9464,5953,819,2718,1545,1222,92,376,32096,8604,6222,737,2616,1602,1372,211,421,34902,9466,6604,734,2436,1694,1321,675,478
42101031401,47801,7248,6570,779,2451,1940,1043,602,534,34823,10423,6783,919,2111,1527,1675,685,785,34570,5361,7151,688,2481,1889,1370,659,752,37462,9621,7386,870,2515,1605,1747,866,653,36786,4619,6941,727,2315,1348,1923,957,398,36961,5009,7421,731,2214,1463,2025,1360,359
42101031402,43549,10496,5414,612,2755,1154,1322,48,135,36074,6993,5796,554,3359,888,1396,44,109,35742,5296,5830,490,2953,1081,1647,46,103,34694,3593,5698,517,3025,996,1575,26,76,33908,3798,5685,517,2843,854,1671,261,56,32311,4866,5558,465,2279,858,1817,517,87
42101031501,53633,7647,6128,365,5164,109,228,524,103,51020,14148,5872,486,4498,138,501,640,95,49107,9053,6187,465,5002,162,492,460,71,44279,5704,6172,570,4825,224,581,438,104,44307,8627,6503,667,5236,237,638,316,76,47531,15906,6349,650,5275,263,526,141,144
42101031502,51321,8178,3933,371,3146,390,143,225,29,46977,9223,3700,380,3042,362,213,53,30,43112,6107,3451,399,2858,249,221,103,20,42770,6399,3620,414,2870,224,372,111,43,41739,4707,3524,371,2575,320,474,88,67,40664,8989,3852,438,2665,493,487,107,100
42101031600,41788,9308,5873,463,4968,230,260,406,9,36775,8947,5944,524,4531,643,355,363,52,33675,7755,6043,613,4412,1029,209,353,40,34965,3677,6063,606,4284,722,395,489,173,37244,16105,5854,593,3712,1081,475,381,205,37316,15841,6624,763,4095,1341,693,315,180
42101031700,43393,12162,6371,617,3838,1076,919,448,90,43884,14632,5885,528,3462,1052,1105,136,130,43288,6624,6117,777,3457,1484,471,446,259,45736,6837,6281,609,3357,1525,610,473,316,45766,3496,6314,699,3086,1723,531,432,542,45657,6831,5884,719,2485,1891,361,541,606
42101031800,38782,7136,3774,376,1490,1340,481,361,102,31951,7182,3634,338,1643,1205,444,268,74,32566,5020,3886,473,1446,1466,558,372,44,33971,4956,4160,436,1434,1916,359,392,59,37361,7645,4131,409,1476,1840,379,407,29,36694,5421,3920,413,1445,1599,208,604,64
42101031900,40536,7797,4761,559,2714,1171,56,619,201,39719,5037,4670,480,2580,983,81,790,236,39412,8207,4490,611,2886,766,126,515,197,43041,9890,4187,467,2503,1071,149,346,118,35865,6730,4359,652,2432,1238,227,375,87,39057,5423,4938,566,2588,1321,192,686,151
42101032000,40969,4176,6994,687,4677,1054,344,742,177,37399,6499,7501,720,5010,1228,267,710,286,38223,4876,7022,788,4591,1169,354,642,266,41482,4162,7039,742,5187,989,388,323,152,42336,3705,6652,647,5010,874,336,387,45,41074,4646,6237,575,4872,734,207,383,41
42101032100,32933,2972,4323,610,2857,1073,44,208,141,38387,3953,4637,662,3016,1084,55,311,171,31946,3199,3773,540,2041,1130,38,427,137,35179,4190,3942,504,2305,1232,41,234,130,33214,4339,4172,638,2272,1106,103,514,177,35996,4611,4265,745,2331,1105,118,646,65
42101032300,33036,7731,3058,448,1940,756,75,189,98,34491,7062,3129,399,2058,660,73,253,85,34750,5859,3424,415,2354,743,56,164,107,35139,5864,3333,448,2252,747,51,181,102,38942,7034,3163,367,2135,799,0,149,80,40625,4741,3074,355,1984,920,0,145,25
42101032500,35922,3965,5579,629,4004,632,143,649,151,35259,3901,6020,622,4277,822,132,654,135,32651,2702,5756,699,3781,894,122,771,188,30101,6600,5868,899,3714,1208,52,703,191,35760,5939,6047,796,4020,1544,0,237,246,43704,5276,5818,759,3736,1437,182,252,211
42101032600,36416,7040,6481,766,5154,1029,86,104,108,39583,11511,6741,771,4879,1332,109,289,132,43817,10711,6776,639,4841,991,183,628,133,46641,8764,6328,603,4181,1244,154,701,48,41615,11937,6363,904,4359,1056,117,698,133,50221,5539,6532,913,4108,997,232,937,258
42101032900,32717,9073,4186,390,2527,821,340,248,250,35401,6620,4209,499,2373,1006,326,239,265,36793,7915,3658,604,2132,696,358,178,294,39101,3494,3477,541,2308,586,198,72,313,36250,14515,3264,548,2110,773,34,127,220,39437,3420,3188,495,2233,623,112,208,12
42101033000,38062,3698,7991,819,6366,1007,0,351,267,39848,5612,8327,1055,6587,1217,0,215,308,38199,4784,8122,750,6033,1402,0,89,598,38763,4788,7635,845,6363,926,0,148,198,37515,5558,7224,885,6236,505,0,157,326,38070,7892,7231,907,5616,996,0,341,278
42101033101,53350,5839,4843,356,4382,375,0,86,0,55924,6838,5158,396,4782,200,0,110,66,59848,8429,4658,420,4207,165,102,116,68,61625,9044,4801,416,4406,159,86,98,52,61774,9038,4699,395,4393,131,93,0,82,57335,7335,4768,460,4257,154,157,49,151
42101033102,46523,5561,4141,345,3607,385,93,56,0,46571,11784,3978,328,3504,328,101,17,28,47543,6529,3611,423,3261,201,117,15,17,48265,8369,3562,385,3270,120,121,29,22,42474,12764,3551,437,3101,315,34,58,43,48603,9920,3628,385,3137,277,84,62,68
42101033200,54292,11595,2705,302,2430,0,240,35,0,56484,9872,2728,268,2434,0,262,32,0,59393,12693,2670,254,2497,5,168,0,0,56339,16161,2673,201,2486,8,155,24,0,60313,15106,2708,205,2387,81,207,26,7,61806,12357,2691,216,2360,88,204,31,8
42101033300,43018,6493,4140,398,3450,348,214,83,45,43799,3989,4315,419,3395,471,252,148,49,37500,7244,4160,398,3232,565,195,117,51,36875,6322,4310,405,3272,716,136,127,59,36721,5936,4510,388,3424,776,122,188,0,35994,9077,4234,414,3257,752,89,130,6
42101033400,41214,5145,4659,409,3265,501,636,222,35,43093,4285,5098,439,3022,940,824,282,30,44775,4171,5319,418,3367,681,992,237,42,46315,7918,5386,545,3173,1085,784,306,38,44698,8117,5486,562,3424,953,871,203,35,50263,7424,5565,546,3378,979,972,212,24
42101033500,50339,5989,3714,395,2677,413,381,181,62,57176,6786,3825,374,2467,731,382,173,72,51536,9462,3783,385,2496,434,505,271,77,58288,6042,3938,398,2174,676,460,538,90,58162,6148,4055,390,2021,659,513,791,71,52279,11933,4090,391,2047,666,556,766,55
42101033600,53342,7566,7086,637,5563,495,461,338,229,52091,8201,7249,794,5413,456,589,433,358,47670,6868,7033,708,5091,467,708,413,354,48114,4866,7228,610,5339,563,610,442,274,47302,3853,7351,638,5372,604,404,563,408,45887,3877,7509,658,5210,1043,338,574,344
42101033701,26354,4964,4607,496,3771,67,397,274,98,26643,5104,4841,565,3981,92,340,302,126,32550,5779,4700,574,3914,155,480,68,83,29792,4354,4864,635,4227,220,378,39,0,29810,4547,5233,651,4193,523,367,58,92,31442,6151,5552,606,3959,720,447,131,295
42101033702,54485,9229,5286,334,4046,178,734,140,188,70230,8643,5335,403,3850,209,863,211,202,72245,10209,5325,399,3842,278,813,131,261,75352,9015,5294,423,3711,291,878,135,279,67589,15028,5107,495,3377,456,1016,81,177,57619,15287,5230,437,3307,615,1010,78,220
42101033800,44865,7983,6195,552,4817,582,113,497,186,43204,7638,6318,498,4756,736,111,444,271,42346,7121,6210,512,4431,747,381,238,413,45026,6708,6402,654,4639,785,428,168,382,42184,6170,6283,680,4376,762,461,214,470,44770,4960,6274,542,4604,376,511,306,477
42101033900,48088,12566,2983,307,2313,247,161,124,138,47578,8004,3048,257,2313,369,147,97,122,44589,7414,2903,274,2153,412,134,88,116,43380,5776,3049,372,2300,449,69,92,139,44750,11403,3483,404,2511,454,278,131,109,50509,8889,3413,426,2494,468,300,77,74
42101034000,60875,9208,3177,397,2275,219,406,268,9,56768,8447,3111,215,2332,217,425,98,39,62670,10509,3095,221,2391,231,181,161,131,58984,6267,3001,236,2221,233,258,166,123,60871,9207,2923,224,1973,327,192,297,134,64038,10722,2957,210,2151,296,227,108,175
42101034100,51125,5174,6231,584,5800,198,83,67,83,51190,8594,6299,788,5756,278,89,70,106,56294,8742,6731,691,6175,318,96,10,132,57500,9560,5738,492,5245,342,99,11,41,65077,6192,6038,511,5390,432,175,0,41,66591,5653,5891,507,5168,509,187,0,27
42101034200,52841,11085,3280,252,2817,297,135,0,31,44507,4185,3363,225,2818,369,152,0,24,46031,4841,3571,261,2908,381,246,0,36,47194,4440,3676,284,2769,457,356,54,40,50906,5719,3595,280,2826,367,277,79,46,49821,6718,3463,266,2555,528,248,74,58
42101034400,81481,11073,7799,705,6809,84,755,94,57,83146,9667,7657,548,6430,200,803,154,70,83858,13315,8140,537,6648,333,907,158,94,80417,13003,8027,440,6458,361,903,266,39,85227,14000,7712,523,6217,340,764,347,44,85058,7965,7967,497,6126,469,1003,310,59
42101034501,25271,3602,3542,362,2514,247,448,287,46,25650,3509,3797,539,2532,360,661,205,39,29269,5722,3683,574,2677,378,491,137,0,26594,7912,3619,588,2630,290,583,116,0,30452,6987,3804,586,2613,373,683,128,7,27005,5050,3482,312,2164,441,707,151,19
42101034502,41719,4681,5273,602,3348,811,578,296,240,40631,4334,4954,606,3181,797,378,332,266,38884,3503,5312,833,3069,650,949,329,315,40081,2579,4519,736,3084,408,455,348,224,40851,1585,4771,546,3192,939,440,30,170,42114,4728,4989,531,3372,1029,446,65,77
42101034600,32404,3868,2237,301,1278,648,121,150,40,37326,7676,2539,326,1310,750,309,114,56,40519,8234,2616,351,1444,633,403,96,40,35926,12287,2713,286,1491,704,396,83,39,35183,11476,2679,302,1403,742,439,41,54,44205,7393,2664,265,1500,597,389,84,94
42101034701,51750,7316,6471,603,4692,360,937,272,210,56915,8038,6546,692,4657,351,991,204,343,60128,5253,6425,626,4454,415,1029,158,369,55702,6683,6582,648,4186,494,1176,234,492,53260,5522,6515,655,4623,580,573,199,540,53742,4816,6382,569,4478,999,570,55,280
42101034702,73266,6380,4357,318,3855,103,311,26,62,61803,9424,4347,313,3658,284,304,20,81,66042,9512,4060,337,3305,302,332,66,55,70229,8155,4132,325,3403,332,259,49,89,67672,7635,3945,269,3139,335,363,41,67,70020,8913,3963,269,3009,354,463,34,103
42101034801,42853,3624,4123,368,3695,198,113,15,102,43125,4240,4172,425,3501,399,97,14,161,41367,4492,4268,417,3526,481,121,23,117,44151,4463,4429,331,3732,406,131,27,133,45025,8888,4180,269,3615,402,104,8,51,47368,6221,4465,309,3919,434,35,32,45
42101034802,47818,6289,5725,504,3762,1614,81,63,205,40670,12150,5109,413,3568,1309,40,15,177,35050,17555,5387,744,3871,1308,44,11,153,36944,11092,5561,476,3884,1434,43,14,186,39241,13478,5423,480,3618,1337,0,275,193,41125,11871,5527,493,3816,1466,0,236,9
42101034803,59031,8470,4793,349,4183,256,214,54,86,60119,7775,4741,337,4088,361,158,66,68,59816,8058,4543,355,3967,271,193,62,50,60671,9493,4513,394,4039,282,164,14,14,56845,8046,4422,397,3573,311,312,214,12,56394,10048,4267,349,3463,329,199,276,0
42101034900,34216,7209,6408,591,4598,1150,270,345,45,40861,11377,6312,635,4587,1063,304,302,56,40882,5331,5702,502,4248,811,285,312,46,40962,7811,4978,581,4006,702,110,91,69,42107,7927,5508,779,3808,804,294,475,127,45503,4382,5437,758,3535,753,309,668,172
42101035100,43323,9627,3572,329,3271,161,102,4,34,43442,8132,3310,344,3024,137,100,0,49,54808,9942,3550,398,3283,125,84,23,35,54398,9751,3669,387,3482,117,24,22,24,50989,8044,3693,332,3462,183,0,14,34,53463,8072,3985,371,3738,218,0,14,15
42101035200,72987,12720,4701,358,4167,108,418,0,8,76402,9905,4677,396,4142,92,406,28,9,66705,17756,4251,417,3804,86,339,17,5,63600,13136,4224,374,3701,68,422,25,8,65734,9232,4257,325,3777,41,413,21,5,65511,7117,3986,295,3603,45,312,23,3
42101035301,70305,4913,5745,299,5167,256,236,78,8,70010,3288,5311,392,4934,144,183,46,4,70991,4075,5377,392,4997,138,173,65,4,68882,5934,5524,328,4977,149,262,97,39,67282,5846,5371,363,4669,121,301,190,90,69405,4978,5306,283,4746,166,231,92,71
42101035302,56829,5383,4674,444,3792,489,75,234,84,57214,9566,4517,337,3874,346,93,99,105,54873,6258,4446,343,3870,349,43,105,79,54455,8978,4279,343,3803,357,94,8,17,52157,7166,4453,259,3864,354,198,9,28,51577,5650,4396,319,3887,329,141,9,30
42101035500,53977,4328,7512,530,6391,207,833,15,66,52045,8517,7094,524,5976,185,900,15,18,53056,8872,7544,471,6391,128,768,207,50,49259,12730,7131,443,5914,170,767,214,66,46922,7217,7074,454,5594,268,887,249,76,46594,4419,6966,490,5388,326,805,320,127
42101035601,45089,16548,5721,511,4734,374,521,72,20,46772,13710,5092,404,4550,54,409,61,18,44555,14310,5170,352,4561,82,390,86,51,43948,8026,5612,509,4929,112,402,87,82,50385,10185,5763,596,5023,84,553,22,81,47003,7725,5318,512,4458,118,657,24,61
42101035602,68333,11537,3570,263,2596,101,829,5,39,67096,10359,3570,286,2500,161,868,6,35,70517,10813,3425,269,2256,161,954,50,4,74583,20125,3244,301,2136,148,843,104,13,60078,13688,3183,303,1880,189,943,160,11,67083,18639,3268,282,2070,193,830,160,15
42101035701,39047,6658,5116,487,3198,247,1566,31,74,38712,4095,4578,473,3278,236,999,38,27,36410,6382,4585,433,3291,309,884,50,51,34296,9588,4545,441,2791,414,1183,110,47,33054,4126,4490,411,2436,513,1437,86,18,31719,3857,4562,345,2415,532,1272,78,265
42101035702,43281,11290,3627,524,3049,64,488,0,26,42052,7899,3941,364,3414,146,381,0,0,38859,5272,3763,433,3441,40,232,0,50,35422,4765,4034,363,3514,67,397,0,56,35580,4457,4206,396,3554,90,425,0,137,36231,2911,4239,388,3340,118,588,88,105
42101035800,66618,17398,6331,391,5382,48,876,1,24,57500,12132,6061,411,5212,88,740,1,20,50658,10459,6142,422,5248,162,675,0,57,52042,15144,6741,736,5643,594,471,15,18,49932,13471,7038,732,5693,519,567,151,108,55108,11620,6749,706,5227,595,643,172,112
42101035900,53717,6884,5148,347,4275,258,511,24,80,48702,6072,5159,373,4084,294,651,43,87,49338,6557,4982,392,4025,260,573,54,70,50807,5020,5115,403,4267,238,561,12,37,51719,7631,5150,330,4289,195,649,17,0,55082,7892,5070,276,4014,180,716,79,81
42101036000,58355,9869,2890,358,2047,210,533,39,61,49417,11376,2839,372,1801,159,798,6,75,52931,9932,2922,325,1902,292,639,11,78,58214,11542,3075,377,1962,358,706,0,49,52636,8175,3118,310,1727,377,946,9,59,53708,11700,3128,353,1853,362,782,18,113
42101036100,54008,9379,4278,293,3052,799,58,236,133,58652,9217,4216,318,3023,812,88,212,81,59383,4786,4164,365,3142,807,100,41,74,62617,4039,3991,363,2947,819,67,148,10,61011,4672,3925,410,3001,639,45,216,24,66607,9267,3756,430,3050,485,30,167,24
42101036201,52611,6176,5007,312,4206,546,128,0,127,53807,3121,4975,463,4012,698,140,0,125,53863,3357,5006,422,4220,619,118,0,49,54771,8608,5009,430,4471,451,44,0,43,64773,6921,5019,427,4425,486,43,8,57,55927,8467,4778,379,4187,414,48,13,116
42101036202,66029,8837,6535,477,5255,502,352,331,95,68084,4874,6415,420,5357,485,281,94,198,64536,6476,6256,489,5084,599,255,100,218,55253,9480,6252,501,5026,539,359,101,227,50507,8159,6246,461,5373,330,285,64,194,51579,6929,5966,554,5242,418,169,26,111
42101036203,51222,11673,4608,405,4264,68,114,89,73,53571,18986,4800,527,4359,93,167,101,80,50656,10594,4790,437,4455,78,88,89,80,63993,8490,5289,356,4930,23,190,69,77,66557,2991,5492,333,5121,25,169,82,95,68785,5970,5472,288,5132,32,126,94,88
42101036301,54817,15525,3919,367,3423,85,205,113,93,53846,4505,3778,408,3244,119,219,103,93,59167,9636,3840,354,3109,103,423,103,102,56653,7793,3477,313,2795,114,435,69,64,59868,8781,3370,282,2689,95,554,9,23,64107,9028,3454,258,2793,94,530,8,29
42101036302,66215,10683,3493,422,2702,456,151,184,0,65111,10739,3510,494,2752,501,63,180,14,46179,18634,3374,454,2783,454,79,46,12,46076,10359,3319,377,2487,573,136,87,36,50739,11966,3597,488,2591,700,85,124,97,47267,12203,3450,482,2303,780,96,164,107
42101036303,62161,5667,6503,383,6265,0,206,32,0,60205,6365,6497,422,6201,0,258,38,0,58098,8562,6005,399,5707,0,283,15,0,60917,4505,6197,374,5838,0,341,18,0,58949,6177,6212,444,5712,162,316,22,0,59462,5653,6059,365,5600,188,271,0,0
42101036400,44063,208421,278,181,161,59,0,49,9,114688,64001,363,193,210,91,7,45,10,144167,77049,485,224,298,123,23,33,8,64063,94028,613,222,343,183,41,36,10,64063,35178,759,262,502,184,24,27,22,56719,14990,815,235,565,188,28,15,19
42101036501,49798,16309,5887,406,5045,447,139,235,21,57888,18875,5758,612,4745,574,182,210,47,43575,12432,5581,496,4438,769,224,106,44,46397,6323,5603,432,4493,816,252,0,42,46183,8210,5385,544,4323,746,241,0,75,42661,13274,5137,587,4162,618,250,0,107
42101036502,78750,23449,3961,490,3709,72,170,0,10,78068,16307,4132,434,3859,64,200,0,9,69583,13697,3919,493,3682,3,225,0,9,76020,8585,4031,330,3908,4,104,11,4,77212,8573,4288,251,4119,4,137,7,21,77443,10525,4134,253,3755,4,157,176,42
42101036600,131848,24720,1333,211,1043,140,139,0,11,126875,15984,1518,219,1159,58,291,0,10,117026,23091,1573,230,1268,73,217,15,0,106250,28135,1727,229,1287,112,296,24,8,101984,22879,1867,238,1289,165,288,49,76,101447,13988,1945,279,1308,179,260,91,107
42101036700,77060,10434,2425,269,1780,483,76,73,13,84511,8138,2304,267,1686,484,81,38,15,87386,9156,2457,266,1864,472,86,35,0,83086,12122,2590,263,1989,488,65,41,7,93151,6548,2747,250,2063,517,92,42,33,94914,8272,3003,251,2290,559,76,27,51
42101036900,48144,30115,6019,1434,3156,516,1958,215,174,47614,32412,5666,1238,3079,506,1629,321,131,59500,18898,5311,785,3144,463,1391,222,91,58500,18255,5125,955,2862,423,1468,268,104,47083,16973,5139,1002,2948,501,1433,120,137,44464,18042,5355,903,3345,680,1099,119,112
42101037200,44313,6417,4206,277,3442,143,573,31,17,47222,7546,4271,287,3450,175,603,30,13,51745,8807,4354,266,3446,221,658,19,10,55259,8164,4208,379,3228,173,760,19,28,55942,5682,4564,395,3138,294,999,73,60,57955,10109,4608,368,3019,340,1118,62,69
42101037300,48163,7021,4695,544,3783,554,356,2,0,47500,8620,4794,451,3889,383,508,2,12,51061,9992,5093,436,4111,382,567,3,30,63113,13651,5160,419,4382,309,439,4,26,71029,7931,5440,409,4582,319,499,9,31,78209,8490,5835,413,5088,226,460,23,38
42101037500,72063,16997,4127,512,2248,1574,151,89,65,64659,15506,4215,366,2248,1675,142,86,64,64099,13641,4140,428,2200,1575,218,67,80,67750,16201,4144,389,2219,1614,219,38,54,63421,11067,4241,485,2182,1730,197,88,44,67736,13622,4178,399,1838,1912,254,79,95
42101037600,56350,7799,1944,296,810,485,524,104,21,53417,10867,2306,387,1096,627,494,9,80,53750,10641,2569,401,1250,624,556,63,76,39911,13747,2666,382,1281,678,541,79,87,45833,8872,2822,394,1322,669,628,99,104,47632,11949,3058,432,1469,677,618,171,123
42101037700,14838,3834,5351,786,1958,2915,131,308,39,16862,4549,5158,777,1879,2409,190,616,64,18834,4602,5340,802,1837,2431,257,768,47,22181,16845,5137,707,1971,2177,365,546,78,31000,10509,5338,1363,1957,2468,458,413,42,28452,11085,5476,1206,1945,2667,568,240,56
42101037800,34179,8599,1768,302,1542,88,65,16,57,45441,16304,1937,354,1676,119,10,28,104,46949,15306,2062,337,1746,99,25,19,173,43696,10309,2088,276,1746,272,30,22,18,41719,11203,2242,277,1909,246,33,31,23,52500,12437,2624,361,2164,353,40,42,25
42101037900,34464,8657,4354,417,4085,13,77,150,29,31169,11702,4549,433,4084,194,83,155,33,36997,12475,5012,523,4729,194,45,19,25,45183,9252,5039,423,4835,153,51,0,0,47336,8546,5308,475,5102,148,0,58,0,51204,10787,5437,514,5235,127,27,48,0
42101038000,39500,15698,2298,323,1840,195,50,213,0,42744,13473,2331,323,1871,184,35,221,20,40192,15591,2349,301,1902,85,34,295,33,50161,9659,2401,258,1982,100,41,248,30,40685,6915,2216,215,1837,113,36,198,32,41202,7328,2441,248,1944,175,5,279,38
42101038100,21667,8579,796,184,429,314,6,4,43,25074,6578,825,141,506,283,7,8,21,22321,5523,965,172,541,394,12,9,9,25139,7016,1228,195,660,523,14,9,22,26080,6614,920,193,568,298,5,20,29,31875,17899,796,129,518,249,5,7,17
42101038200,26005,5540,2696,400,1329,511,81,609,166,26715,3699,2627,359,1349,471,13,655,139,22280,7449,2313,309,1438,313,16,381,165,22327,10479,2303,247,1402,397,24,315,165,27879,7780,2551,321,1602,396,41,352,160,26667,5225,2580,317,1601,498,49,361,71
42101038300,23125,9397,3413,482,394,643,0,2256,120,20921,6873,3533,554,672,765,0,1867,229,24740,7561,3747,499,852,1065,0,1609,221,21250,6999,3820,607,1027,1157,0,1464,172,21500,8025,3972,577,1091,1273,0,1406,202,23382,9437,3744,472,1085,1244,0,1207,208
42101038400,69000,16406,2410,212,2206,76,57,15,56,76000,15352,2438,238,2148,154,69,9,58,73125,14954,2490,217,2110,225,67,36,52,81202,6354,2456,201,2082,206,59,32,77,76750,13227,2532,174,2119,260,31,31,91,84519,11862,2449,180,2034,335,12,42,26
42101038500,86915,2716,1869,175,1685,89,95,0,0,89864,24247,1822,173,1653,87,82,0,0,112656,35296,1870,149,1684,63,96,0,27,90547,10357,1934,150,1660,122,109,2,41,87361,15178,1922,147,1717,118,56,1,30,86058,20535,1866,145,1592,138,103,1,32
42101038600,68984,35969,1408,181,1205,170,0,0,33,105987,31255,1485,124,1301,153,2,0,29,123750,60618,1370,133,1136,180,27,0,27,128056,28634,1384,78,1166,168,14,0,36,126607,19707,1369,74,1140,156,24,5,44,145104,40646,1410,84,1160,190,30,5,25
42101038700,94444,18427,2243,244,1924,156,71,31,61,101964,38371,2207,204,1847,183,78,30,69,126333,23395,2320,236,1889,223,74,28,106,128669,11471,2358,226,1844,295,104,26,89,128482,13987,2439,261,1898,307,101,43,90,137386,32879,2572,306,2043,258,159,49,63
42101038800,78411,11735,3536,250,1969,1241,144,117,65,73462,14999,3357,186,1889,1137,155,115,61,72356,12751,3546,243,1872,1268,222,119,65,72962,17642,3763,314,2059,1408,153,35,108,72696,9129,3767,325,2308,1077,196,74,112,74886,16591,3895,303,2321,1287,84,67,136
42101038900,46081,8956,2996,507,163,2793,25,4,11,43306,11240,3262,522,141,3084,15,2,20,39886,9882,3208,456,257,2912,16,12,11,39917,8706,3346,421,295,3006,20,13,12,34522,5843,3221,380,302,2869,17,19,14,34674,7458,3181,362,340,2800,7,10,24
42101039000,31961,5194,7703,944,1930,4681,141,700,251,31585,3866,7519,920,1812,4585,131,787,204,30081,5589,7420,750,1698,4263,207,889,363,32119,5372,7946,837,2008,4741,186,788,223,30098,7689,8258,826,1475,5327,235,1017,204,31063,10865,9285,913,1838,5982,160,1089,216
42101980000,16500,27112,884,313,455,162,254,0,13,19250,29297,1087,335,543,240,266,12,26,39861,52192,1228,600,712,213,216,29,58,71667,30204,1217,533,765,120,185,67,80,70268,17806,1248,554,773,148,180,67,80,64375,11866,1026,510,588,127,131,104,76
42101980100,47857,49831,24,14,24,0,0,0,0,48667,13856,51,17,51,0,0,0,0,66250,40321,59,29,59,0,0,0,0,56563,31850,61,30,61,0,0,0,0,84250,73332,80,34,80,0,0,0,0,92500,24621,107,36,107,0,0,0,0
42101980200,143889,57204,173,171,151,9,0,4,9,148333,84326,242,145,206,15,0,5,16,100313,79266,317,137,258,48,0,3,8,96375,24191,354,146,248,89,0,4,13,96667,10899,479,178,383,90,0,3,3,113021,28574,715,184,624,91,0,0,0
42101980300,-,**,0,81,0,0,0,0,0,-,**,0,10,0,0,0,0,0,-,**,0,10,0,0,0,0,0,-,**,0,10,0,0,0,0,0,-,**,0,10,0,0,0,0,0,-,**,0,10,0,0,0,0,0
42101980400,-,**,0,81,0,0,0,0,0,-,**,0,10,0,0,0,0,0,-,**,0,10,0,0,0,0,0,-,**,0,10,0,0,0,0,0,-,**,0,10,0,0,0,0,0,-,**,0,10,0,0,0,0,0
42101980500,-,**,0,81,0,0,0,0,0,-,**,0,10,0,0,0,0,0,-,**,0,10,0,0,0,0,0,-,**,0,10,0,0,0,0,0,-,**,0,10,0,0,0,0,0,-,**,0,10,0,0,0,0,0
42101980600,-,**,0,81,0,0,0,0,0,-,**,0,10,0,0,0,0,0,-,**,0,10,0,0,0,0,0,-,**,0,10,0,0,0,0,0,-,**,0,10,0,0,0,0,0,-,**,0,10,0,0,0,0,0
42101980700,-,**,0,81,0,0,0,0,0,-,**,0,10,0,0,0,0,0,-,**,0,10,0,0,0,0,0,-,**,0,10,0,0,0,0,0,-,**,0,10,0,0,0,0,0,-,**,0,10,0,0,0,0,0
42101980800,-,**,0,81,0,0,0,0,0,-,**,0,10,0,0,0,0,0,-,**,0,10,0,0,0,0,0,-,**,0,10,0,0,0,0,0,-,**,0,10,0,0,0,0,0,-,**,0,10,0,0,0,0,0
42101980900,-,**,0,81,0,0,0,0,0,-,**,4,6,4,0,0,0,0,-,**,4,6,4,0,0,0,0,-,**,5,7,5,0,0,0,0,-,**,4,6,4,0,0,0,0,-,**,4,5,4,0,0,0,0
42101989100,-,**,5390,702,1042,3839,47,399,63,-,**,4985,735,946,3543,67,375,54,-,**,4508,586,965,3149,81,270,43,-,**,3744,625,847,2661,28,164,44,-,**,3145,531,641,2239,49,151,65,-,**,2926,755,568,2085,47,148,78
