ID,Station Name,Address,Total Docks,Docks in Service,Status,Latitude,Longitude,Location
102,Stony Island Ave & 67th St,,11,11,In Service,41.773458499,-87.585339739,"(41.77345849948, -87.5853397391)"
103,Clinton St & Polk St,,15,15,In Service,41.871466518,-87.640949133,"(41.87146651779, -87.6409491327)"
11,Jeffery Blvd & 71st St,,11,11,In Service,41.766638237,-87.576450114,"(41.76663823695, -87.5764501141)"
12,South Shore Dr & 71st St,,15,15,In Service,41.766409457,-87.565687572,"(41.7664094567, -87.5656875719)"
132,Wentworth Ave & 24th St (Temp),,15,15,In Service,41.850083693,-87.632140517,"(41.85008369347577, -87.6321405172348)"
133,Kingsbury St & Kinzie St,,31,31,In Service,41.889176833,-87.638505772,"(41.88917683258, -87.6385057718)"
145,Mies van der Rohe Way & Chestnut St,,19,19,In Service,41.898586651,-87.621915226,"(41.8985866514, -87.6219152258)"
156,Clark St & Wellington Ave,,15,15,In Service,41.936496822,-87.647538658,"(41.9364968219, -87.6475386582)"
157,Lake Shore Dr & Wellington Ave,,15,15,In Service,41.936688449,-87.636829019,"(41.9366884494997, -87.63682901859283)"
161,Rush St & Superior St,,23,23,In Service,41.895764746,-87.625908033,"(41.89576474564, -87.6259080327)"
172,Rush St & Cedar St,,11,11,In Service,41.902308701,-87.627690528,"(41.90230870122, -87.627690528)"
2,Buckingham Fountain,,39,39,In Service,41.876511229,-87.62054801,"(41.87651122881695, -87.62054800987242)"
239,Western Ave & Leland Ave,,15,15,In Service,41.96581646,-87.686498165,"(41.96581646001197, -87.68649816513062)"
259,California Ave & Francis Pl (Temp),,15,15,In Service,41.918491154,-87.697422802,"(41.91849115368695, -87.69742280244827)"
270,Stony Island Ave & 75th St,,11,11,In Service,41.75866967,-87.586882871,"(41.7586696704, -87.586882871)"
286,Franklin St & Adams St (Temp),,15,15,In Service,41.879434091,-87.635504007,"(41.87943409140013, -87.63550400733948)"
3,Shedd Aquarium,,55,55,In Service,41.867225957,-87.61535539,"(41.86722595682, -87.6153553902)"
31,Franklin St & Chicago Ave,,23,23,In Service,41.896746973,-87.635667622,"(41.896746973093805, -87.63566762208939)"
319,Greenview Ave & Diversey Pkwy,,15,15,In Service,41.932589634,-87.665936351,"(41.93258963429789, -87.66593635082245)"
34,Cannon Dr & Fullerton Ave,,15,15,In Service,41.926755988,-87.634428785,"(41.9267559875, -87.6344287848)"
348,California Ave & 21st St,,15,15,In Service,41.853804066,-87.695742399,"(41.8538040657915, -87.69574239850043)"
352,Jeffery Blvd & 67th St,,11,11,In Service,41.773517551,-87.577142826,"(41.77351755125, -87.5771428255)"
354,Sheridan Rd & Greenleaf Ave,,15,15,In Service,42.010586563,-87.662412095,"(42.01058656284, -87.6624120948)"
356,Stony Island Ave & 71st St,,11,11,In Service,41.766492937,-87.586460878,"(41.7664929373, -87.5864608775)"
359,Larrabee St & Division St,,23,23,In Service,41.90348607,-87.643353494,"(41.90348607004, -87.6433534936)"
36,Franklin St & Jackson Blvd,,39,39,In Service,41.877707956,-87.635321141,"(41.8777079559, -87.6353211408)"
364,Larrabee St & Oak St,,19,19,In Service,41.900219493,-87.642985468,"(41.90021949323, -87.6429854676)"
366,Loomis St & Archer Ave,,11,11,In Service,41.84163254,-87.657434953,"(41.84163253965, -87.6574349533)"
367,Racine Ave & 35th St,,15,15,In Service,41.830696113,-87.655975912,"(41.83069611252, -87.6559759116)"
368,Ashland Ave & Archer Ave,,15,15,In Service,41.839208684,-87.665609859,"(41.83920868403, -87.6656098589)"
369,Wood St & 35th St,,11,11,In Service,41.830104654,-87.670298309,"(41.83010465416, -87.6702983089)"
37,Dearborn St & Adams St,,19,19,In Service,41.879356359,-87.629791036,"(41.8793563587, -87.6297910363)"
370,Calumet Ave & 21st St,,15,15,In Service,41.854184249,-87.619153741,"(41.85418424947, -87.6191537415)"
373,Kedzie Ave & Chicago Ave,,11,11,In Service,41.895465303,-87.706127884,"(41.89546530305, -87.7061278837)"
374,Western Ave & Walton St,,23,23,In Service,41.898417689,-87.686596016,"(41.89841768945, -87.6865960164)"
375,Sacramento Blvd & Franklin Blvd,,11,11,In Service,41.890468792,-87.702607512,"(41.89046879243862, -87.70260751247406)"
376,Artesian Ave & Hubbard St,,35,35,In Service,41.88949182,-87.688219365,"(41.88949181977, -87.6882193648)"
377,Kedzie Ave & Lake St,,15,15,In Service,41.884603285,-87.706303744,"(41.88460328501, -87.7063037436)"
378,California Ave & Lake St,,11,11,In Service,41.884453957,-87.696298137,"(41.88445395657, -87.6962981368)"
38,Clark St & Lake St,,27,27,In Service,41.886020828,-87.630876058,"(41.88602082773, -87.6308760584)"
381,Western Ave & Monroe St,,15,15,In Service,41.879787709,-87.686112808,"(41.8797877089, -87.686112808)"
382,Western Ave & Congress Pkwy,,19,19,In Service,41.874748851,-87.686445276,"(41.87474885079, -87.6864452757)"
384,Halsted St & 51st St,,11,11,In Service,41.80183164,-87.645213904,"(41.80183164049, -87.645213904)"
386,Halsted St & 56th St,,11,11,In Service,41.792929646,-87.644990057,"(41.79292964599, -87.6449900565)"
388,Halsted St & 63rd St,,11,11,In Service,41.779381142,-87.644620815,"(41.77938114228, -87.6446208145)"
39,Wabash Ave & Adams St,,23,23,In Service,41.879472352,-87.625688606,"(41.87947235235, -87.6256886059)"
390,Wentworth Ave & 63rd St,,11,11,In Service,41.780079633,-87.629746305,"(41.78007963264, -87.6297463052)"
391,Halsted St & 69th St,,11,11,In Service,41.76906172,-87.644613578,"(41.76906172032, -87.6446135779)"
392,Perry Ave & 69th St,,11,11,In Service,41.76929309,-87.628195929,"(41.76929308995, -87.6281959291)"
393,Calumet Ave & 71st St,,11,11,In Service,41.765508006,-87.616917925,"(41.76550800581, -87.616917925)"
395,Jeffery Blvd & 76th St,,11,11,In Service,41.757120068,-87.575839359,"(41.75712006802, -87.5758393587)"
398,Rainbow Beach,,15,15,In Service,41.757871448,-87.54938625,"(41.75787144829, -87.54938625)"
399,South Shore Dr & 74th St,,11,11,In Service,41.76218896,-87.55927465,"(41.76218896038, -87.55927465)"
403,Wentworth Ave & 33rd St,,15,15,In Service,41.834529886,-87.631822981,"(41.83452988563, -87.6318229814)"
406,Lake Park Ave & 35th St,,19,19,In Service,41.831274235,-87.608799195,"(41.83127423549, -87.6087991946)"
407,State St & Pershing Rd,,11,11,In Service,41.823015238,-87.626568018,"(41.82301523798, -87.6265680185)"
409,Shields Ave & 43rd St,,11,11,In Service,41.816207679,-87.63481935,"(41.81620767856, -87.6348193497)"
41,Federal St & Polk St,,19,19,In Service,41.872077633,-87.629543773,"(41.87207763285, -87.6295437729)"
410,Prairie Ave & 43rd St,,15,15,In Service,41.816658893,-87.619412462,"(41.81665889302, -87.6194124619)"
411,Halsted St & 47th Pl,,11,11,In Service,41.808133915,-87.645616554,"(41.80813391481, -87.6456165545)"
412,Princeton Ave & 47th St,,11,11,In Service,41.809317709,-87.633449288,"(41.80931770924, -87.633449288)"
413,Woodlawn Ave & Lake Park Ave,,15,15,In Service,41.81409271,-87.597005148,"(41.81409271048, -87.5970051479)"
415,Calumet Ave & 51st St,,11,11,In Service,41.802294651,-87.61805358,"(41.80229465088, -87.6180535802)"
418,Ellis Ave & 53rd St,,11,11,In Service,41.799336263,-87.600958115,"(41.79933626261, -87.6009581145)"
419,Lake Park Ave & 53rd St,,15,15,In Service,41.799494294,-87.586449896,"(41.79949429373, -87.5864498959)"
420,Ellis Ave & 55th St,,19,19,In Service,41.794300621,-87.601449773,"(41.79430062054, -87.6014497734)"
421,MLK Jr Dr & 56th St,,11,11,In Service,41.793429457,-87.615853262,"(41.79342945658, -87.6158532619)"
422,DuSable Museum,,11,11,In Service,41.791568011,-87.607852177,"(41.79156801058, -87.6078521774)"
424,Museum of Science and Industry,,27,27,In Service,41.79172821,-87.583945009,"(41.79172820953, -87.583945009)"
425,Harper Ave & 59th St,,15,15,In Service,41.787942813,-87.58831517,"(41.78794281287, -87.5883151702)"
426,Ellis Ave & 60th St,,19,19,In Service,41.785097146,-87.601072761,"(41.78509714636, -87.6010727606)"
427,Cottage Grove Ave & 63rd St,,15,15,In Service,41.780599015,-87.606112388,"(41.78059901484, -87.606112388)"
428,Dorchester Ave & 63rd St,,11,11,In Service,41.780405646,-87.591415989,"(41.7804056457, -87.5914159893)"
43,Michigan Ave & Washington St,,43,43,In Service,41.883984065,-87.624683976,"(41.8839840647265, -87.6246839761734)"
430,MLK Jr Dr & 63rd St,,11,11,In Service,41.780080637,-87.615942857,"(41.78008063659, -87.6159428567)"
431,Eberhart Ave & 61st St,,11,11,In Service,41.784141693,-87.61330783,"(41.78414169317, -87.6133078304)"
433,Kedzie Ave & Harrison St,,11,11,In Service,41.873599675,-87.704870749,"(41.87359967462, -87.7048707493)"
434,Ogden Ave & Roosevelt Rd,,19,19,In Service,41.866501483,-87.68469707,"(41.86650148316, -87.68469707)"
435,Kedzie Ave & Roosevelt Rd,,11,11,In Service,41.866492782,-87.706496176,"(41.86649278172, -87.7064961757)"
438,Central Park Ave & Ogden Ave,,15,15,In Service,41.854204313,-87.715405838,"(41.85420431327, -87.7154058381)"
439,Kedzie Ave & 21st St,,11,11,In Service,41.853533632,-87.705073032,"(41.85353363213, -87.7050730318)"
44,State St & Randolph St,,27,27,In Service,41.884730201,-87.627733569,"(41.8847302006, -87.6277335692)"
441,Kedzie Ave & 24th St,,11,11,In Service,41.848190945,-87.705413746,"(41.84819094491, -87.7054137458)"
443,Millard Ave & 26th St,,7,7,In Service,41.844566849,-87.715910308,"(41.84456684891, -87.7159103081)"
444,Albany Ave & 26th St,,11,11,In Service,41.844475014,-87.702013013,"(41.84447501366, -87.7020130128)"
445,California Ave & 26th St,,11,11,In Service,41.844040031,-87.695295923,"(41.84404003127, -87.6952959227)"
446,Western Ave & 28th St,,11,11,In Service,41.841517708,-87.685131441,"(41.84151770807, -87.6851314409)"
447,Glenwood Ave & Morse Ave,,15,15,In Service,42.007971923,-87.665502394,"(42.00797192287, -87.6655023944)"
448,Warren Park East,,11,11,In Service,42.004549622,-87.680666145,"(42.00454962194, -87.6806661451)"
449,Clark St & Columbia Ave,,15,15,In Service,42.004450629,-87.672402405,"(42.00445062934, -87.6724024047)"
453,Clark St & Schreiber Ave,,15,15,In Service,41.999251822,-87.671377339,"(41.99925182186, -87.6713773393)"
454,Broadway & Granville Ave,,23,23,In Service,41.994779688,-87.660284535,"(41.9947796884, -87.6602845349)"
455,Maplewood Ave & Peterson Ave,,11,11,In Service,41.990236029,-87.69336964,"(41.99023602867, -87.6933696402)"
457,Clark St & Elmdale Ave,,15,15,In Service,41.990517556,-87.669833601,"(41.99051755556753, -87.66983360052109)"
458,Broadway & Thorndale Ave,,19,19,In Service,41.989742511,-87.660140621,"(41.98974251144, -87.6601406209)"
459,Lakefront Trail & Bryn Mawr Ave,,19,19,In Service,41.984036696,-87.652310469,"(41.98403669612, -87.6523104689)"
461,Broadway & Ridge Ave,,15,15,In Service,41.984044611,-87.660273829,"(41.9840446107, -87.6602738295)"
463,Clark St & Berwyn Ave,,19,19,In Service,41.977996654,-87.668047105,"(41.9779966544, -87.6680471047)"
464,Damen Ave & Foster Ave,,15,15,In Service,41.975614805,-87.679459039,"(41.97561480459, -87.6794590387)"
466,Ridge Blvd & Touhy Ave,,11,11,In Service,42.012132277,-87.682912644,"(42.01213227742, -87.6829126443)"
467,Western Ave & Lunt Ave,,15,15,In Service,42.008594397,-87.690492239,"(42.0085943972, -87.6904922389)"
468,Budlong Woods Library,,11,11,In Service,41.983664709,-87.696422561,"(41.98366470886, -87.6964225611)"
469,St. Louis Ave & Balmoral Ave,,15,15,In Service,41.980394235,-87.716114961,"(41.98039423475, -87.7161149615)"
471,Francisco Ave & Foster Ave,,15,15,In Service,41.975632725,-87.701419439,"(41.97563272521, -87.7014194389)"
472,Lincoln Ave & Winona St,,15,15,In Service,41.974911297,-87.692502559,"(41.97491129677, -87.6925025594)"
474,Christiana Ave & Lawrence Ave,,15,15,In Service,41.968354494,-87.711830667,"(41.96835449363, -87.7118306675)"
476,Kedzie Ave & Leland Ave,,15,15,In Service,41.966686362,-87.708051981,"(41.96668636205, -87.7080519806)"
478,Rockwell St & Eastwood Ave,,15,15,In Service,41.96590014,-87.693638494,"(41.96590013976, -87.6936384935)"
479,Drake Ave & Montrose Ave,,15,15,In Service,41.961154076,-87.716569073,"(41.96115407569, -87.7165690733)"
482,Campbell Ave & Montrose Ave,,15,15,In Service,41.961525933,-87.691165041,"(41.96152593287, -87.6911650414)"
484,Monticello Ave & Irving Park Rd,,15,15,In Service,41.954004839,-87.71912818,"(41.95400483876, -87.7191281797)"
485,Sawyer Ave & Irving Park Rd,,15,15,In Service,41.953586179,-87.7093108,"(41.95358617895, -87.7093107999)"
486,Oakley Ave & Irving Park Rd,,15,15,In Service,41.954340852,-87.686079624,"(41.95434085219, -87.6860796243)"
487,California Ave & Byron St,,19,19,In Service,41.952162193,-87.698051113,"(41.95216219326, -87.698051113)"
49,Dearborn St & Monroe St,,39,39,In Service,41.881319815,-87.629520919,"(41.881319815, -87.6295209193)"
490,Troy St & Elston Ave,,15,15,In Service,41.945243568,-87.706649901,"(41.94524356848, -87.7066499009)"
491,Talman Ave & Addison St,,15,15,In Service,41.946635831,-87.694614758,"(41.9466358306, -87.694614758)"
494,Kedzie Ave & Bryn Mawr Ave,,15,15,In Service,41.982397085,-87.70892252,"(41.98239708485, -87.7089225202)"
495,Keystone Ave & Montrose Ave,,11,11,In Service,41.961108016,-87.728970101,"(41.96110801623, -87.7289701012)"
498,California Ave & Fletcher St,,19,19,In Service,41.938428791,-87.698007756,"(41.93842879148, -87.698007756)"
499,Kosciuszko Park,,15,15,In Service,41.930585371,-87.723777364,"(41.93058537138, -87.7237773635)"
50,Clark St & Ida B Wells Dr,,35,35,In Service,41.875932666,-87.630584536,"(41.8759326655, -87.6305845355)"
500,Central Park Ave & Elbridge Ave,,15,15,In Service,41.935337283,-87.716889294,"(41.93533728263, -87.7168892935)"
501,Richmond St & Diversey Ave,,15,15,In Service,41.931901969,-87.70119513,"(41.93190196886, -87.7011951301)"
503,Drake Ave & Fullerton Ave,,15,15,In Service,41.924398819,-87.715441036,"(41.924398819, -87.7154410355)"
504,Campbell Ave & Fullerton Ave,,15,15,In Service,41.924632472,-87.689307006,"(41.92463247165, -87.6893070063)"
505,Winchester Ave & Elston Ave,,15,15,In Service,41.92409085,-87.676460075,"(41.92409085038, -87.6764600747)"
506,Spaulding Ave & Armitage Ave,,15,15,In Service,41.917108035,-87.710220963,"(41.917108034789315, -87.71022096276283)"
507,Humboldt Blvd & Armitage Ave,,19,19,In Service,41.917513394,-87.701808955,"(41.91751339399, -87.7018089555)"
508,Central Park Ave & North Ave,,15,15,In Service,41.909656876,-87.716631952,"(41.90965687563, -87.7166319516)"
509,Troy St & North Ave,,15,15,In Service,41.909769302,-87.705280487,"(41.90976930169, -87.7052804871)"
510,Spaulding Ave & Division St,,11,11,In Service,41.902706594,-87.709219571,"(41.90270659438, -87.709219571)"
511,Albany Ave & Bloomingdale Ave,,15,15,In Service,41.914026713,-87.705126462,"(41.91402671273, -87.705126462)"
54,Ogden Ave & Chicago Ave,,19,19,In Service,41.896362458,-87.654061273,"(41.896362458, -87.6540612729)"
57,Clinton St & Roosevelt Rd,,15,15,In Service,41.867117783,-87.641087959,"(41.8671177825, -87.6410879593)"
60,Dayton St & North Ave,,19,19,In Service,41.910578035,-87.649421929,"(41.9105780349, -87.6494219288)"
62,McCormick Place,,27,27,In Service,41.851375173,-87.618834649,"(41.8513751729, -87.6188346489)"
638,Clinton St & Jackson Blvd,,23,23,In Service,41.87811603,-87.639838457,"(41.87811603010527, -87.63983845710754)"
67,Sheffield Ave & Fullerton Ave,,27,27,In Service,41.925601882,-87.653708042,"(41.9256018819, -87.6537080423)"
672,Franklin St & Illinois St,,11,11,In Service,41.89102331,-87.635479867,"(41.89102331025185, -87.63547986745834)"
673,Lincoln Park Conservatory,,31,31,In Service,41.923931311,-87.635824531,"(41.92393131136619, -87.63582453131676)"
69,Damen Ave & Pierce Ave,,23,23,In Service,41.909396007,-87.677691929,"(41.9093960065, -87.6776919292)"
7,Field Blvd & South Water St,,19,19,In Service,41.886349063,-87.617516547,"(41.88634906269, -87.6175165471)"
74,Kingsbury St & Erie St,,23,23,In Service,41.893808056,-87.641697228,"(41.89380805624359, -87.64169722795485)"
89,Financial Pl & Ida B Wells Dr,,31,31,In Service,41.875023628,-87.633094043,"(41.8750236280333, -87.6330940425396)"
96,Desplaines St & Randolph St,,23,23,In Service,41.88461619,-87.644570585,"(41.88461618962, -87.6445705849)"
134,Peoria St & Jackson Blvd,,23,23,In Service,41.877641596,-87.649617791,"(41.8776415962753, -87.64961779117584)"
353,Clark St & Touhy Ave,,15,15,In Service,42.012560115,-87.674367115,"(42.01256011541, -87.6743671152)"
365,Halsted St & North Branch St,,15,15,In Service,41.899368439,-87.648479875,"(41.89936843921, -87.6484798752)"
40,LaSalle St & Adams St,,15,15,In Service,41.879344373,-87.631985221,"(41.87934437346, -87.6319852213)"
56,Desplaines St & Kinzie St,,27,27,In Service,41.888716036,-87.644447853,"(41.888716036, -87.6444478533)"
71,Morgan St & Lake St,,23,23,In Service,41.885483308,-87.652304856,"(41.8854833079, -87.6523048564)"
9,Leavitt St & Archer Ave,,15,15,In Service,41.82879202,-87.680604459,"(41.82879201994, -87.6806044594)"
168,Michigan Ave & 14th St,,19,19,In Service,41.864059,-87.623727,"(41.864059, -87.623727)"
452,Western Ave & Granville Ave,,11,11,In Service,41.994161369,-87.689438282,"(41.99416136902, -87.689438282)"
232,Pine Grove Ave & Waveland Ave,,23,23,In Service,41.949275,-87.646303,"(41.949275, -87.646303)"
199,Wabash Ave & Grand Ave,,31,31,In Service,41.891466,-87.626761,"(41.891466, -87.626761)"
436,Fairfield Ave & Roosevelt Rd,,11,11,In Service,41.866624,-87.694521,"(41.866624, -87.694521)"
423,University Ave & 57th St,,31,31,In Service,41.791478,-87.599861,"(41.791478, -87.599861)"
335,Calumet Ave & 35th St,,15,15,In Service,41.831379,-87.618034,"(41.831379, -87.618034)"
595,Wabash Ave & 87th St,,11,11,In Service,41.736646,-87.622634,"(41.736646, -87.622634)"
55,Halsted St & Roosevelt Rd,,23,23,In Service,41.867324,-87.648625,"(41.867324, -87.648625)"
321,Wabash Ave & 9th St,,19,19,In Service,41.870769,-87.625734,"(41.870769, -87.625734)"
100,Orleans St & Merchandise Mart Plaza,,35,35,In Service,41.888243,-87.63639,"(41.888243, -87.63639)"
644,Western Ave & Fillmore St (*),,12,12,In Service,41.868563,-87.686234,"(41.868563, -87.686234)"
185,Stave St & Armitage Ave,,11,11,In Service,41.917741,-87.691392,"(41.917741, -87.691392)"
561,Damen Ave & 59th St,,11,11,In Service,41.78602,-87.674167,"(41.78602, -87.674167)"
440,Central Park Ave & 24th St,,11,11,In Service,41.8481,-87.715068,"(41.8481, -87.715068)"
492,Leavitt St & Addison St,,15,15,In Service,41.946655,-87.683359,"(41.946655, -87.683359)"
262,Halsted St & 37th St,,11,11,In Service,41.827059,-87.64572,"(41.827059, -87.64572)"
6,Dusable Harbor,,39,39,In Service,41.886976,-87.612813,"(41.886976, -87.612813)"
210,Ashland Ave & Division St,,27,27,In Service,41.90345,-87.667747,"(41.90345, -87.667747)"
306,Sheridan Rd & Buena Ave,,19,19,In Service,41.958494,-87.654966,"(41.958494, -87.654966)"
107,Desplaines St & Jackson Blvd,,27,27,In Service,41.878287,-87.643909,"(41.878287, -87.643909)"
532,Austin Blvd & Lake St,,11,11,In Service,41.887919,-87.774446,"(41.887919, -87.774446)"
215,Damen Ave & Madison St,,15,15,In Service,41.88137,-87.67493,"(41.88137, -87.67493)"
333,Ashland Ave & Blackhawk St,,15,15,In Service,41.907066,-87.667252,"(41.907066, -87.667252)"
465,Marine Dr & Ainslie St,,23,23,In Service,41.9716,-87.650154,"(41.9716, -87.650154)"
524,Austin Blvd & Chicago Ave,,7,7,In Service,41.894887,-87.774704,"(41.894887, -87.774704)"
589,Milwaukee Ave & Cuyler Ave,,11,11,In Service,41.954468,-87.749594,"(41.954468, -87.749594)"
293,Broadway & Wilson Ave,,23,23,In Service,41.965221,-87.658139,"(41.965221, -87.658139)"
111,Sedgwick St & Huron St,,27,27,In Service,41.894666,-87.638437,"(41.894666, -87.638437)"
470,Kedzie Ave & Foster Ave,,11,11,In Service,41.975672,-87.709261,"(41.975672, -87.709261)"
47,State St & Kinzie St,,31,31,In Service,41.889187,-87.627754,"(41.889187, -87.627754)"
639,Lakefront Trail & Wilson Ave,,15,15,In Service,41.965845,-87.645361,"(41.965845, -87.645361)"
237,MLK Jr Dr & 29th St,,19,19,In Service,41.842052,-87.617,"(41.842052, -87.617)"
579,Phillips Ave & 79th St,,11,11,In Service,41.75182,-87.565211,"(41.75182, -87.565211)"
553,Elizabeth St & 47th St,,11,11,In Service,41.80839,-87.656526,"(41.80839, -87.656526)"
624,Dearborn St & Van Buren St,,15,15,In Service,41.876268,-87.629155,"(41.876268, -87.629155)"
247,Shore Dr & 55th St,,19,19,In Service,41.795212,-87.580715,"(41.795212, -87.580715)"
267,Lake Park Ave & 47th St,,15,15,In Service,41.809443,-87.591875,"(41.809443, -87.591875)"
489,Drake Ave & Addison St,,15,15,In Service,41.947326,-87.717582,"(41.947326, -87.717582)"
278,Wallace St & 35th St,,15,15,In Service,41.830629,-87.64129,"(41.830629, -87.64129)"
141,Clark St & Lincoln Ave,,23,23,In Service,41.915689,-87.6346,"(41.915689, -87.6346)"
124,Damen Ave & Cullerton St,,15,15,In Service,41.855048,-87.675726,"(41.855048, -87.675726)"
654,Racine Ave & Washington Blvd (*),,12,12,In Service,41.883073,-87.656952,"(41.883073, -87.656952)"
52,Michigan Ave & Lake St,,35,35,In Service,41.886024,-87.624117,"(41.886024, -87.624117)"
136,Racine Ave & 13th St,,15,15,In Service,41.865054,-87.656959,"(41.865054, -87.656959)"
125,Rush St & Hubbard St,,23,23,In Service,41.890173,-87.626185,"(41.890173, -87.626185)"
342,Wolcott Ave & Polk St,,23,23,In Service,41.871262,-87.673688,"(41.871262, -87.673688)"
475,Washtenaw Ave & Lawrence Ave,,15,15,In Service,41.968987,-87.696027,"(41.968987, -87.696027)"
150,Fort Dearborn Dr & 31st St,,27,27,In Service,41.838556,-87.608218,"(41.838556, -87.608218)"
115,Sheffield Ave & Wellington Ave,,23,23,In Service,41.936266,-87.652662,"(41.936266, -87.652662)"
659,Leavitt St & Chicago Ave,,15,15,In Service,41.895501,-87.682017,"(41.895501, -87.682017)"
277,Ashland Ave & Grand Ave,,15,15,In Service,41.891072,-87.666611,"(41.891072, -87.666611)"
582,Phillips Ave & 83rd St,,11,11,In Service,41.744531,-87.56506,"(41.744531, -87.56506)"
206,Halsted St & Archer Ave,,15,15,In Service,41.847203,-87.646795,"(41.847203, -87.646795)"
76,Lake Shore Dr & Monroe St,,39,39,In Service,41.880958,-87.616743,"(41.880958, -87.616743)"
22,May St & Taylor St,,15,15,In Service,41.8694821,-87.6554864,"(41.8694821, -87.6554864)"
288,Larrabee St & Armitage Ave,,15,15,In Service,41.918084,-87.643749,"(41.918084, -87.643749)"
628,Walsh Park,,23,23,In Service,41.91461,-87.667968,"(41.91461, -87.667968)"
542,Central Ave & Madison St,,11,11,In Service,41.880121,-87.763238,"(41.880121, -87.763238)"
250,Ashland Ave & Wellington Ave,,19,19,In Service,41.936083,-87.669807,"(41.936083, -87.669807)"
648,Carpenter St & 63rd St,,7,7,In Service,41.77987,-87.650919,"(41.77987, -87.650919)"
281,Western Ave & 24th St,,7,7,In Service,41.84847,-87.685109,"(41.84847, -87.685109)"
120,Wentworth Ave & Cermak Rd (Temp),,19,19,In Service,41.853005,-87.630578,"(41.853005, -87.630578)"
191,Canal St & Monroe St,,27,27,In Service,41.88169,-87.63953,"(41.88169, -87.63953)"
98,LaSalle St & Washington St,,15,15,In Service,41.882664,-87.63253,"(41.882664, -87.63253)"
5,State St & Harrison St,,23,23,In Service,41.874053,-87.627716,"(41.874053, -87.627716)"
416,Dorchester Ave & 49th St,,15,15,In Service,41.805772,-87.592464,"(41.805772, -87.592464)"
246,Ashland Ave & Belle Plaine Ave,,11,11,In Service,41.956057,-87.668835,"(41.956057, -87.668835)"
316,Damen Ave & Sunnyside Ave,,19,19,In Service,41.96325,-87.679258,"(41.96325, -87.679258)"
531,Central Ave & Lake St,,11,11,In Service,41.887664,-87.765469,"(41.887664, -87.765469)"
408,Union Ave & Root St,,11,11,In Service,41.819102,-87.643278,"(41.819102, -87.643278)"
176,Clark St & Elm St,,39,39,In Service,41.902973,-87.63128,"(41.902973, -87.63128)"
346,Ada St & Washington Blvd,,15,15,In Service,41.88283,-87.661206,"(41.88283, -87.661206)"
129,Blue Island Ave & 18th St,,15,15,In Service,41.857556,-87.661535,"(41.857556, -87.661535)"
305,Western Ave & Division St,,23,23,In Service,41.902893,-87.687275,"(41.902893, -87.687275)"
556,Throop St & 52nd St,,7,7,In Service,41.799659,-87.657195,"(41.799659, -87.657195)"
571,Vernon Ave & 75th St,,11,11,In Service,41.758361,-87.614138,"(41.758361, -87.614138)"
257,Lincoln Ave & Waveland Ave,,15,15,In Service,41.948797,-87.675278,"(41.948797, -87.675278)"
272,Indiana Ave & 31st St,,11,11,In Service,41.838842,-87.621857,"(41.838842, -87.621857)"
84,Milwaukee Ave & Grand Ave,,19,19,In Service,41.891578,-87.648384,"(41.891578, -87.648384)"
527,Western Ave & Howard St,,15,15,In Service,42.018901,-87.690048,"(42.018901, -87.690048)"
462,Winchester (Ravenswood) Ave & Balmoral Ave,,15,15,In Service,41.979762,-87.67753,"(41.979762, -87.67753)"
300,Broadway & Barry Ave,,19,19,In Service,41.937725,-87.644095,"(41.937725, -87.644095)"
339,Emerald Ave & 31st St,,11,11,In Service,41.838198,-87.645143,"(41.838198, -87.645143)"
565,Ashland Ave & 66th St,,7,7,In Service,41.774074,-87.663815,"(41.774074, -87.663815)"
202,Halsted St & 18th St,,15,15,In Service,41.857499,-87.646277,"(41.857499, -87.646277)"
325,Clark St & Winnemac Ave,,19,19,In Service,41.97334,-87.66778,"(41.97334, -87.66778)"
216,California Ave & Division St,,15,15,In Service,41.903029,-87.697474,"(41.903029, -87.697474)"
591,Kilbourn Ave & Milwaukee Ave,,15,15,In Service,41.948818,-87.74002,"(41.948818, -87.74002)"
437,Washtenaw Ave & Ogden Ave,,15,15,In Service,41.861894,-87.693511,"(41.861894, -87.693511)"
662,Dodge Ave & Mulford St,,15,15,In Service,42.023463,-87.699595,"(42.023463, -87.699595)"
181,LaSalle St & Illinois St,,31,31,In Service,41.890762,-87.631697,"(41.890762, -87.631697)"
560,Marshfield Ave & 59th St,,11,11,In Service,41.786833,-87.666215,"(41.786833, -87.666215)"
94,Clark St & Armitage Ave,,31,31,In Service,41.918306,-87.636282,"(41.918306, -87.636282)"
241,Morgan St & Polk St,,19,19,In Service,41.871737,-87.65103,"(41.871737, -87.65103)"
160,Campbell Ave & North Ave,,15,15,In Service,41.910535,-87.689556,"(41.910535, -87.689556)"
536,Kostner Ave & Lake St,,11,11,In Service,41.885928,-87.73541,"(41.885928, -87.73541)"
227,Southport Ave & Waveland Ave,,23,23,In Service,41.94815,-87.66394,"(41.94815, -87.66394)"
481,California Ave & Montrose Ave,,15,15,In Service,41.961068,-87.695439,"(41.961068, -87.695439)"
186,Ogden Ave & Race Ave,,15,15,In Service,41.891795,-87.658751,"(41.891795, -87.658751)"
228,Damen Ave & Melrose Ave,,15,15,In Service,41.9406,-87.6785,"(41.9406, -87.6785)"
211,St. Clair St & Erie St,,19,19,In Service,41.894448,-87.622663,"(41.894448, -87.622663)"
33,State St & Van Buren St,,27,27,In Service,41.877181,-87.627844,"(41.877181, -87.627844)"
51,Clark St & Randolph St,,39,39,In Service,41.884576228,-87.63188991,"(41.884576228, -87.63188991)"
35,Streeter Dr & Grand Ave,,47,47,In Service,41.892278,-87.612043,"(41.892278, -87.612043)"
585,Cottage Grove Ave & 83rd St,,11,11,In Service,41.743441,-87.604836,"(41.743441, -87.604836)"
602,Central St & Girard Ave,,15,15,In Service,42.064313,-87.686152,"(42.064313, -87.686152)"
297,Paulina St & Montrose Ave,,15,15,In Service,41.961507,-87.671387,"(41.961507, -87.671387)"
4,Burnham Harbor,,23,23,In Service,41.856268,-87.613348,"(41.856268, -87.613348)"
383,Paulina St & Flournoy St,,31,31,In Service,41.87295,-87.66913,"(41.87295, -87.66913)"
320,Loomis St & Lexington St,,19,19,In Service,41.872187,-87.661501,"(41.872187, -87.661501)"
535,Pulaski Rd & Congress Pkwy,,11,11,In Service,41.874325,-87.725704,"(41.874325, -87.725704)"
108,Halsted St & Polk St,,19,19,In Service,41.87184,-87.64664,"(41.87184, -87.64664)"
334,Lake Shore Dr & Belmont Ave,,19,19,In Service,41.940775,-87.639192,"(41.940775, -87.639192)"
16,Paulina Ave & North Ave,,15,15,In Service,41.910337,-87.670072,"(41.910337, -87.670072)"
212,Wells St & Hubbard St,,31,31,In Service,41.889906,-87.634266,"(41.889906, -87.634266)"
59,Wabash Ave & Roosevelt Rd,,23,23,In Service,41.867227,-87.625961,"(41.867227, -87.625961)"
523,Eastlake Ter & Rogers Ave,,15,15,In Service,42.021019,-87.665086,"(42.021019, -87.665086)"
604,Sheridan Rd & Noyes St (NU),,15,15,In Service,42.058239,-87.677432,"(42.058239, -87.677432)"
635,Fairbanks St & Superior St,,11,11,In Service,41.895748,-87.620104,"(41.895748, -87.620104)"
182,Wells St & Elm St,,23,23,In Service,41.903222,-87.634324,"(41.903222, -87.634324)"
101,63rd St Beach,,15,15,In Service,41.781016372,-87.57611976,"(41.78101637196, -87.5761197602)"
292,Southport Ave & Clark St,,11,11,In Service,41.957081,-87.664199,"(41.957081, -87.664199)"
309,Leavitt St & Armitage Ave,,11,11,In Service,41.917805,-87.682437,"(41.917805, -87.682437)"
620,Orleans St & Chestnut St (NEXT Apts),,15,15,In Service,41.898203,-87.637536,"(41.898203, -87.637536)"
394,Clark St & 9th St (AMLI),,15,15,In Service,41.870816,-87.631246,"(41.870816, -87.631246)"
345,Lake Park Ave & 56th St,,19,19,In Service,41.793242,-87.587782,"(41.793242, -87.587782)"
128,Damen Ave & Chicago Ave,,19,19,In Service,41.895769,-87.67722,"(41.895769, -87.67722)"
137,Morgan Ave & 14th Pl,,15,15,In Service,41.862378,-87.651062,"(41.862378, -87.651062)"
90,Millennium Park,,47,47,In Service,41.8810317,-87.62408432,"(41.8810317, -87.62408432)"
253,Winthrop Ave & Lawrence Ave,,15,15,In Service,41.968812,-87.657659,"(41.968812, -87.657659)"
650,Eggleston Ave & 69th St (*),,12,12,In Service,41.768898,-87.635876,"(41.768898, -87.635876)"
169,Canal St & Harrison St,,15,15,In Service,41.874255,-87.639573,"(41.874255, -87.639573)"
284,Michigan Ave & Jackson Blvd,,23,23,In Service,41.87785,-87.62408,"(41.87785, -87.62408)"
121,Blackstone Ave & Hyde Park Blvd,,19,19,In Service,41.802562,-87.590368,"(41.802562, -87.590368)"
231,Sheridan Rd & Montrose Ave,,23,23,In Service,41.96167,-87.65464,"(41.96167, -87.65464)"
258,Logan Blvd & Elston Ave,,27,27,In Service,41.929465,-87.684158,"(41.929465, -87.684158)"
190,Southport Ave & Wrightwood Ave,,15,15,In Service,41.928773,-87.663913,"(41.928773, -87.663913)"
549,Marshfield Ave & 44th St,,11,11,In Service,41.813996,-87.666589,"(41.813996, -87.666589)"
317,Wood St & Taylor St,,23,23,In Service,41.869154,-87.671045,"(41.869154, -87.671045)"
655,Hoyne Ave & Balmoral Ave,,15,15,In Service,41.979851,-87.681932,"(41.979851, -87.681932)"
564,Racine Ave & 65th St,,11,11,In Service,41.775393,-87.654308,"(41.775393, -87.654308)"
338,Calumet Ave & 18th St,,15,15,In Service,41.857611,-87.619407,"(41.857611, -87.619407)"
289,Wells St & Concord Ln,,19,19,In Service,41.912133,-87.634656,"(41.912133, -87.634656)"
164,Franklin St & Lake St,,27,27,In Service,41.885837,-87.6355,"(41.885837, -87.6355)"
519,Wolcott Ave & Fargo Ave,,11,11,In Service,42.016977,-87.677725,"(42.016977, -87.677725)"
195,Columbus Dr & Randolph St,,55,55,In Service,41.884728,-87.619521,"(41.884728, -87.619521)"
42,Wabash Ave & Cermak Rd,,11,11,In Service,41.852619,-87.626488,"(41.852619, -87.626488)"
72,Wabash Ave & 16th St,,39,39,In Service,41.860384,-87.625813,"(41.860384, -87.625813)"
599,Valli Produce - Evanston Plaza,,15,15,In Service,42.039742,-87.699413,"(42.039742, -87.699413)"
543,Laramie Ave & Gladys Ave,,11,11,In Service,41.875806,-87.755285,"(41.875806, -87.755285)"
572,State St & 76th St,,11,11,In Service,41.756971,-87.624621,"(41.756971, -87.624621)"
640,Bernard St & Elston Ave,,11,11,In Service,41.949923,-87.713949,"(41.949923, -87.713949)"
539,Cicero Ave & Quincy St,,11,11,In Service,41.877613,-87.745405,"(41.877613, -87.745405)"
312,Clarendon Ave & Gordon Ter,,15,15,In Service,41.957879,-87.649519,"(41.957879, -87.649519)"
596,Benson Ave & Church St,,15,15,In Service,42.048214,-87.683485,"(42.048214, -87.683485)"
25,Michigan Ave & Pearson St,,23,23,In Service,41.89766,-87.62351,"(41.89766, -87.62351)"
488,Pulaski Rd & Eddy St (Temp),,11,11,In Service,41.946264,-87.731023,"(41.946264, -87.731023)"
110,Dearborn St & Erie St,,27,27,In Service,41.893992,-87.629318,"(41.893992, -87.629318)"
280,Morgan St & 31st St,,11,11,In Service,41.8378,-87.65114,"(41.8378, -87.65114)"
152,Lincoln Ave & Diversey Pkwy,,15,15,In Service,41.932225,-87.658617,"(41.932225, -87.658617)"
261,Hermitage Ave & Polk St,,15,15,In Service,41.871514,-87.669886,"(41.871514, -87.669886)"
86,Eckhart Park,,19,19,In Service,41.89637337,-87.66098386,"(41.89637337, -87.66098386)"
236,Sedgwick St & Schiller St,,15,15,In Service,41.907626,-87.638566,"(41.907626, -87.638566)"
502,California Ave & Altgeld St,,15,15,In Service,41.92669,-87.697668,"(41.92669, -87.697668)"
578,Bennett Ave & 79th St,,11,11,In Service,41.751785,-87.578496,"(41.751785, -87.578496)"
205,Paulina St & 18th St,,15,15,In Service,41.857901,-87.668745,"(41.857901, -87.668745)"
552,Ashland Ave & McDowell Ave,,11,11,In Service,41.80887,-87.66454,"(41.80887, -87.66454)"
341,Adler Planetarium,,39,39,In Service,41.866095,-87.607267,"(41.866095, -87.607267)"
568,Vincennes Ave & 75th St,,7,7,In Service,41.75797,-87.63121,"(41.75797, -87.63121)"
219,Damen Ave & Cortland St,,19,19,In Service,41.915983,-87.677335,"(41.915983, -87.677335)"
313,Lakeview Ave & Fullerton Pkwy,,19,19,In Service,41.925858,-87.638973,"(41.925858, -87.638973)"
429,Cottage Grove Ave & 67th St,,11,11,In Service,41.773720952,-87.60563486,"(41.77372095205, -87.60563486)"
175,Wells St & Polk St,,19,19,In Service,41.872596,-87.633502,"(41.872596, -87.633502)"
643,Smith Park (*),,16,16,In Service,41.892048,-87.689397,"(41.892048, -87.689397)"
285,Wood St & Hubbard St,,19,19,In Service,41.889899,-87.671473,"(41.889899, -87.671473)"
623,Michigan Ave & 8th St,,43,43,In Service,41.872773,-87.623981,"(41.872773, -87.623981)"
557,Seeley Ave & Garfield Blvd,,11,11,In Service,41.794087,-87.675478,"(41.794087, -87.675478)"
601,Central St Metra,,15,15,In Service,42.063598,-87.69873,"(42.063598, -87.69873)"
569,Woodlawn Ave & 75th St,,11,11,In Service,41.75916,-87.595751,"(41.75916, -87.595751)"
81,Daley Center Plaza,,39,39,In Service,41.884241,-87.629634,"(41.884241, -87.629634)"
636,Orleans St & Hubbard St,,11,11,In Service,41.890028,-87.636618,"(41.890028, -87.636618)"
301,Clark St & Schiller St,,19,19,In Service,41.907993,-87.631501,"(41.907993, -87.631501)"
194,Wabash Ave & Wacker Pl,,19,19,In Service,41.886875,-87.62603,"(41.886875, -87.62603)"
592,Knox Ave & Montrose Ave,,11,11,In Service,41.960631,-87.745359,"(41.960631, -87.745359)"
265,Cottage Grove Ave & Oakwood Blvd,,15,15,In Service,41.822985,-87.6071,"(41.822985, -87.6071)"
114,Sheffield Ave & Waveland Ave,,27,27,In Service,41.949399,-87.654529,"(41.949399, -87.654529)"
224,Halsted St & Willow St,,19,19,In Service,41.913865,-87.648755,"(41.913865, -87.648755)"
658,Leavitt St & Division St (*),,16,15,In Service,41.902997,-87.683825,"(41.902997, -87.683825)"
140,Dearborn Pkwy & Delaware Pl,,19,19,In Service,41.898969,-87.629912,"(41.898969, -87.629912)"
581,Commercial Ave & 83rd St,,11,11,In Service,41.744615,-87.551208,"(41.744615, -87.551208)"
97,Field Museum,,55,55,In Service,41.865312,-87.617867,"(41.865312, -87.617867)"
229,Southport Ave & Roscoe St,,19,19,In Service,41.943739,-87.66402,"(41.943739, -87.66402)"
171,May St & Cullerton St,,11,11,In Service,41.855136,-87.654127,"(41.855136, -87.654127)"
223,Clifton Ave & Armitage Ave,,15,15,In Service,41.918216,-87.656936,"(41.918216, -87.656936)"
432,Clark St & Lunt Ave,,19,19,In Service,42.009074,-87.67419,"(42.009074, -87.67419)"
324,Stockton Dr & Wrightwood Ave,,15,15,In Service,41.93132,-87.638742,"(41.93132, -87.638742)"
201,Indiana Ave & 40th St,,11,11,In Service,41.82168,-87.6216,"(41.82168, -87.6216)"
330,Lincoln Ave & Addison St,,19,19,In Service,41.946176,-87.673308,"(41.946176, -87.673308)"
350,Ashland Ave & Chicago Ave,,15,15,In Service,41.895966,-87.667747,"(41.895966, -87.667747)"
296,Broadway & Belmont Ave,,19,19,In Service,41.940106,-87.645451,"(41.940106, -87.645451)"
586,MLK Jr Dr & 83rd St,,11,11,In Service,41.743116,-87.6148,"(41.743116, -87.6148)"
402,Shields Ave & 31st St,,15,15,In Service,41.838464,-87.635406,"(41.838464, -87.635406)"
627,LaSalle Dr & Huron St,,19,19,In Service,41.894877,-87.632326,"(41.894877, -87.632326)"
483,Avondale Ave & Irving Park Rd,,19,19,In Service,41.953393,-87.732002,"(41.953393, -87.732002)"
647,Elizabeth St & 59th St,,7,7,In Service,41.786691,-87.655859,"(41.786691, -87.655859)"
605,University Library (NU),,15,15,In Service,42.052939,-87.673447,"(42.052939, -87.673447)"
75,Canal St & Jackson Blvd,,47,47,In Service,41.877245,-87.639366,"(41.877245, -87.639366)"
496,Avers Ave & Belmont Ave,,11,11,In Service,41.939408,-87.723574,"(41.939408, -87.723574)"
590,Kilbourn Ave & Irving Park Rd,,11,11,In Service,41.953733,-87.740569,"(41.953733, -87.740569)"
131,Lincoln Ave & Belmont Ave,,15,15,In Service,41.939365,-87.668385,"(41.939365, -87.668385)"
242,Damen Ave & Leland Ave,,15,15,In Service,41.967094,-87.679028,"(41.967094, -87.679028)"
349,Halsted St & Wrightwood Ave,,15,15,In Service,41.929143,-87.649077,"(41.929143, -87.649077)"
144,Larrabee St & Webster Ave,,19,19,In Service,41.921822,-87.64414,"(41.921822, -87.64414)"
254,Pine Grove Ave & Irving Park Rd,,15,15,In Service,41.954383,-87.648043,"(41.954383, -87.648043)"
528,Pulaski Rd & Lake St,,11,11,In Service,41.885409,-87.726491,"(41.885409, -87.726491)"
163,Damen Ave & Clybourn Ave,,15,15,In Service,41.931931,-87.677856,"(41.931931, -87.677856)"
661,Evanston Civic Center,,15,15,In Service,42.057044,-87.686554,"(42.057044, -87.686554)"
273,Michigan Ave & 18th St,,23,23,In Service,41.857813,-87.62455,"(41.857813, -87.62455)"
118,Sedgwick St & North Ave,,19,19,In Service,41.911386,-87.638677,"(41.911386, -87.638677)"
243,Lincoln Ave & Sunnyside Ave,,15,15,In Service,41.963004,-87.684781,"(41.963004, -87.684781)"
93,Sheffield Ave & Willow St,,15,15,In Service,41.913688,-87.652855,"(41.913688, -87.652855)"
73,Jefferson St & Monroe St,,19,19,In Service,41.880422,-87.642746,"(41.880422, -87.642746)"
651,Michigan Ave & 71st St,,7,7,In Service,41.765286,-87.621748,"(41.765286, -87.621748)"
27,Larrabee St & North Ave,,19,19,In Service,41.91021,-87.6435,"(41.91021, -87.6435)"
283,LaSalle St & Jackson Blvd,,35,35,In Service,41.878166,-87.631929,"(41.878166, -87.631929)"
122,Ogden Ave & Congress Pkwy,,15,15,In Service,41.87501,-87.67328,"(41.87501, -87.67328)"
143,Sedgwick St & Webster Ave,,15,15,In Service,41.922167,-87.638888,"(41.922167, -87.638888)"
665,South Chicago Ave & Elliot Ave,,7,7,In Service,41.747363,-87.580046,"(41.747363, -87.580046)"
68,Clinton St & Tilden St,,23,23,In Service,41.875885,-87.640795,"(41.875885, -87.640795)"
159,Claremont Ave & Hirsch St,,11,11,In Service,41.907781,-87.685854,"(41.907781, -87.685854)"
213,Leavitt St & North Ave,,15,15,In Service,41.910153,-87.68229,"(41.910153, -87.68229)"
295,Broadway & Argyle St,,19,19,In Service,41.973815,-87.65966,"(41.973815, -87.65966)"
632,Clark St & Newport St,,15,15,In Service,41.94454,-87.654678,"(41.94454, -87.654678)"
344,Ravenswood Ave & Lawrence Ave,,47,47,In Service,41.96909,-87.674237,"(41.96909, -87.674237)"
127,Lincoln Ave & Fullerton Ave,,15,15,In Service,41.925905,-87.64926,"(41.925905, -87.64926)"
497,Kimball Ave & Belmont Ave,,15,15,In Service,41.939398,-87.711561,"(41.939398, -87.711561)"
17,Honore St & Division St,,23,23,In Service,41.903119,-87.673935,"(41.903119, -87.673935)"
477,Manor Ave & Leland Ave,,11,11,In Service,41.965875,-87.700825,"(41.965875, -87.700825)"
113,Bissell St & Armitage Ave,,15,15,In Service,41.91844,-87.65222,"(41.91844, -87.65222)"
529,Cicero Ave & Lake St,,11,11,In Service,41.886841,-87.745261,"(41.886841, -87.745261)"
153,Southport Ave & Wellington Ave,,19,19,In Service,41.935733,-87.663576,"(41.935733, -87.663576)"
660,Sheridan Rd & Columbia Ave,,15,15,In Service,42.004583,-87.661406,"(42.004583, -87.661406)"
405,Wentworth Ave & 35th St,,15,15,In Service,41.830777,-87.632504,"(41.830777, -87.632504)"
577,Stony Island Ave & South Chicago Ave,,11,11,In Service,41.751173,-87.585337,"(41.751173, -87.585337)"
148,State St & 33rd St,,15,15,In Service,41.834734,-87.625813,"(41.834734, -87.625813)"
548,Morgan St & Pershing Rd,,7,7,In Service,41.823613,-87.650931,"(41.823613, -87.650931)"
323,Sheridan Rd & Lawrence Ave,,19,19,In Service,41.969517,-87.654691,"(41.969517, -87.654691)"
274,Racine Ave & 15th St,,15,15,In Service,41.861267,-87.656625,"(41.861267, -87.656625)"
626,Delano Ct & Roosevelt Rd,,19,19,In Service,41.867491,-87.63219,"(41.867491, -87.63219)"
183,Damen Ave & Thomas St (Augusta Blvd),,23,23,In Service,41.901315,-87.677409,"(41.901315, -87.677409)"
252,Greenwood Ave & 47th St,,15,15,In Service,41.809835,-87.599383,"(41.809835, -87.599383)"
28,Larrabee St & Menomonee St,,15,15,In Service,41.91468,-87.64332,"(41.91468, -87.64332)"
264,Stetson Ave & South Water St,,19,19,In Service,41.886835,-87.62232,"(41.886835, -87.62232)"
209,Normal Ave & Archer Ave,,11,11,In Service,41.849527,-87.640591,"(41.849527, -87.640591)"
308,Seeley Ave & Roscoe St,,11,11,In Service,41.943403,-87.679618,"(41.943403, -87.679618)"
179,MLK Jr Dr & Pershing Rd,,15,15,In Service,41.8246,-87.61678,"(41.8246, -87.61678)"
318,Southport Ave & Irving Park Rd,,15,15,In Service,41.954177,-87.664358,"(41.954177, -87.664358)"
45,Michigan Ave & Ida B Wells Dr,,15,15,In Service,41.876243,-87.624426,"(41.876243, -87.624426)"
534,Karlov Ave & Madison St,,11,11,In Service,41.88085,-87.727907,"(41.88085, -87.727907)"
174,Canal St & Madison St,,35,35,In Service,41.882091,-87.639833,"(41.882091, -87.639833)"
656,Damen Ave & Walnut (Lake) St (*),,16,16,In Service,41.885951,-87.677009,"(41.885951, -87.677009)"
109,900 W Harrison St,,19,19,In Service,41.874754,-87.649807,"(41.874754, -87.649807)"
331,Halsted St & Clybourn Ave,,27,27,In Service,41.909668,-87.648128,"(41.909668, -87.648128)"
587,Wabash Ave & 83rd St,,11,11,In Service,41.743316,-87.622849,"(41.743316, -87.622849)"
138,Clybourn Ave & Division St,,15,15,In Service,41.904613,-87.640552,"(41.904613, -87.640552)"
518,Conservatory Dr & Lake St,,11,11,In Service,41.885502,-87.716866,"(41.885502, -87.716866)"
196,Cityfront Plaza Dr & Pioneer Ct,,31,31,In Service,41.890573,-87.622072,"(41.890573, -87.622072)"
355,South Shore Dr & 67th St,,15,15,In Service,41.773643,-87.567514,"(41.773643, -87.567514)"
299,Halsted St & Roscoe St,,15,15,In Service,41.94367,-87.64895,"(41.94367, -87.64895)"
91,Clinton St & Washington Blvd,,31,31,In Service,41.88338,-87.64117,"(41.88338, -87.64117)"
558,Ashland Ave & Garfield Blvd,,11,11,In Service,41.792822,-87.664429,"(41.792822, -87.664429)"
573,State St & 79th St,,11,11,In Service,41.750794,-87.624424,"(41.750794, -87.624424)"
641,Central Park Ave & Bloomingdale Ave,,11,11,In Service,41.914166,-87.716755,"(41.914166, -87.716755)"
621,Aberdeen St & Randolph St,,15,15,In Service,41.884114,-87.654264,"(41.884114, -87.654264)"
20,Sheffield Ave & Kingsbury St,,15,15,In Service,41.910522,-87.653106,"(41.910522, -87.653106)"
414,Canal St & Taylor St,,15,15,In Service,41.870257,-87.639474,"(41.870257, -87.639474)"
87,Racine Ave & Fullerton Ave,,19,19,In Service,41.92556258,-87.65840426,"(41.92556258, -87.65840426)"
234,Clark St & Montrose Ave,,19,19,In Service,41.961588,-87.666036,"(41.961588, -87.666036)"
302,Sheffield Ave & Wrightwood Ave,,31,31,In Service,41.928712,-87.653833,"(41.928712, -87.653833)"
19,Throop (Loomis) St & Taylor St,,15,15,In Service,41.868968,-87.659141,"(41.868968, -87.659141)"
563,Ashland Ave & 63rd St,,11,11,In Service,41.779374,-87.664843,"(41.779374, -87.664843)"
597,Chicago Ave & Washington St,,15,15,In Service,42.032562,-87.679101,"(42.032562, -87.679101)"
165,Clark St & Grace St,,23,23,In Service,41.95078,-87.659172,"(41.95078, -87.659172)"
327,Sheffield Ave & Webster Ave,,19,19,In Service,41.92154,-87.653818,"(41.92154, -87.653818)"
337,Clark St & Chicago Ave,,19,19,In Service,41.89675,-87.63089,"(41.89675, -87.63089)"
249,Montrose Harbor,,31,31,In Service,41.963982,-87.638181,"(41.963982, -87.638181)"
29,Noble St & Milwaukee Ave,,15,15,In Service,41.90068,-87.6626,"(41.90068, -87.6626)"
204,Prairie Ave & Garfield Blvd,,11,11,In Service,41.794853,-87.618691,"(41.794853, -87.618691)"
544,Austin Blvd & Madison St,,11,11,In Service,41.880281,-87.774453,"(41.880281, -87.774453)"
598,Elmwood Ave & Austin St,,15,15,In Service,42.025784,-87.684107,"(42.025784, -87.684107)"
225,Halsted St & Dickens Ave,,23,23,In Service,41.919936,-87.64883,"(41.919936, -87.64883)"
538,Cicero Ave & Flournoy St,,11,11,In Service,41.872131,-87.746619,"(41.872131, -87.746619)"
311,Leavitt St & Lawrence Ave,,19,19,In Service,41.968885,-87.684001,"(41.968885, -87.684001)"
666,Cherry Ave & Blackhawk St,,15,15,In Service,41.907221,-87.655618,"(41.907221, -87.655618)"
48,Larrabee St & Kingsbury St,,43,43,In Service,41.897764,-87.642884,"(41.897764, -87.642884)"
23,Orleans St & Elm St,,15,15,In Service,41.902924,-87.637715,"(41.902924, -87.637715)"
652,Rhodes Ave & 71st St,,11,11,In Service,41.766,-87.611726,"(41.766, -87.611726)"
314,Ravenswood Ave & Berteau Ave,,15,15,In Service,41.957921,-87.673567,"(41.957921, -87.673567)"
351,Cottage Grove Ave & 51st St,,15,15,In Service,41.803038,-87.606615,"(41.803038, -87.606615)"
583,Stony Island Ave & 82nd St,,11,11,In Service,41.746559,-87.586005,"(41.746559, -87.586005)"
522,Bosworth Ave & Howard St,,11,11,In Service,42.019537,-87.669563,"(42.019537, -87.669563)"
514,Ridge Blvd & Howard St,,11,11,In Service,42.019276,-87.68452,"(42.019276, -87.68452)"
328,Ellis Ave & 58th St,,19,19,In Service,41.788746,-87.601334,"(41.788746, -87.601334)"
178,State St & 19th St,,15,15,In Service,41.856594,-87.627542,"(41.856594, -87.627542)"
26,McClurg Ct & Illinois St,,31,31,In Service,41.890359,-87.617532,"(41.890359, -87.617532)"
554,Damen Ave & 51st St,,7,7,In Service,41.800908,-87.674684,"(41.800908, -87.674684)"
80,Aberdeen St & Monroe St,,19,19,In Service,41.880419,-87.655519,"(41.880419, -87.655519)"
255,Indiana Ave & Roosevelt Rd,,39,39,In Service,41.867888,-87.623041,"(41.867888, -87.623041)"
61,Wood St & Milwaukee Ave,,19,19,In Service,41.907655,-87.672552,"(41.907655, -87.672552)"
637,Wood St & Chicago Ave (*),,16,16,In Service,41.895634,-87.672069,"(41.895634, -87.672069)"
460,Clark St & Bryn Mawr Ave,,15,15,In Service,41.983593,-87.669154,"(41.983593, -87.669154)"
340,Clark St & Wrightwood Ave,,15,15,In Service,41.929546,-87.643118,"(41.929546, -87.643118)"
567,May St & 69th St,,11,11,In Service,41.768938,-87.652934,"(41.768938, -87.652934)"
208,Ashland Ave & 21st St,,15,15,In Service,41.85381,-87.665897,"(41.85381, -87.665897)"
593,Halsted St & 59th St,,11,11,In Service,41.787539,-87.644874,"(41.787539, -87.644874)"
218,Wells St & 19th St,,11,11,In Service,41.856802,-87.633879,"(41.856802, -87.633879)"
642,Latrobe Ave & Chicago Ave,,7,7,In Service,41.894745,-87.756895,"(41.894745, -87.756895)"
540,Laramie Ave & Madison St,,11,11,In Service,41.880207,-87.755337,"(41.880207, -87.755337)"
24,Fairbanks Ct & Grand Ave,,15,15,In Service,41.8925,-87.6207,"(41.8925, -87.6207)"
147,Indiana Ave & 26th St,,15,15,In Service,41.845687,-87.622481,"(41.845687, -87.622481)"
600,Dodge Ave & Church St,,15,15,In Service,42.048308,-87.698224,"(42.048308, -87.698224)"
646,State St & 54th St,,11,11,In Service,41.796642,-87.625923,"(41.796642, -87.625923)"
162,Damen Ave & Wellington Ave,,15,15,In Service,41.93588,-87.67842,"(41.93588, -87.67842)"
119,Ashland Ave & Lake St,,19,19,In Service,41.88592,-87.66717,"(41.88592, -87.66717)"
244,Ravenswood Ave & Irving Park Rd,,19,19,In Service,41.95469,-87.67393,"(41.95469, -87.67393)"
193,State St & 29th St,,11,11,In Service,41.841707,-87.626938,"(41.841707, -87.626938)"
493,Western Ave & Roscoe St,,11,11,In Service,41.943034,-87.687288,"(41.943034, -87.687288)"
401,Shields Ave & 28th Pl,,11,11,In Service,41.842733,-87.635491,"(41.842733, -87.635491)"
149,Calumet Ave & 33rd St,,11,11,In Service,41.8349,-87.61793,"(41.8349, -87.61793)"
166,Ashland Ave & Wrightwood Ave,,15,15,In Service,41.92883,-87.668507,"(41.92883, -87.668507)"
290,Kedzie Ave & Palmer Ct,,15,15,In Service,41.921525,-87.707322,"(41.921525, -87.707322)"
275,Ashland Ave & 13th St,,15,15,In Service,41.865234,-87.666507,"(41.865234, -87.666507)"
525,Glenwood Ave & Touhy Ave,,15,15,In Service,42.012701,-87.666058,"(42.012701, -87.666058)"
117,Wilton Ave & Belmont Ave,,27,27,In Service,41.94018,-87.65304,"(41.94018, -87.65304)"
580,Exchange Ave & 79th St,,11,11,In Service,41.751731,-87.552812,"(41.751731, -87.552812)"
545,Kostner Ave & Adams St,,11,11,In Service,41.877917,-87.735737,"(41.877917, -87.735737)"
222,Milwaukee Ave & Rockwell St,,19,19,In Service,41.920195,-87.693033,"(41.920195, -87.693033)"
551,Hoyne Ave & 47th St,,11,11,In Service,41.808227,-87.67718,"(41.808227, -87.67718)"
664,Leavitt St & Belmont Ave (*),,16,16,In Service,41.939354,-87.683282,"(41.939354, -87.683282)"
631,Malcolm X College,,19,19,In Service,41.877618,-87.673895,"(41.877618, -87.673895)"
130,Damen Ave & Division St,,19,19,In Service,41.903266,-87.678435,"(41.903266, -87.678435)"
248,Woodlawn Ave & 55th St,,19,19,In Service,41.795264,-87.596471,"(41.795264, -87.596471)"
92,Carpenter St & Huron St,,19,19,In Service,41.894556,-87.653449,"(41.894556, -87.653449)"
112,Green St & Randolph St,,15,15,In Service,41.883668,-87.64867,"(41.883668, -87.64867)"
170,Clinton St & 18th St,,15,15,In Service,41.85795,-87.640826,"(41.85795, -87.640826)"
268,Lake Shore Dr & North Blvd,,39,39,In Service,41.911722,-87.626804,"(41.911722, -87.626804)"
53,Wells St & Huron St,,27,27,In Service,41.894722,-87.634362,"(41.894722, -87.634362)"
66,Clinton St & Lake St,,23,23,In Service,41.885637,-87.641823,"(41.885637, -87.641823)"
88,Racine Ave & Randolph St,,19,19,In Service,41.884069,-87.656853,"(41.884069, -87.656853)"
238,Wolcott (Ravenswood) Ave & Montrose Ave,,15,15,In Service,41.961406,-87.676169,"(41.961406, -87.676169)"
576,Greenwood Ave & 79th St,,11,11,In Service,41.751294,-87.597552,"(41.751294, -87.597552)"
142,McClurg Ct & Erie St,,31,31,In Service,41.894503,-87.617854,"(41.894503, -87.617854)"
336,Cottage Grove Ave & 47th St,,15,15,In Service,41.809855,-87.606755,"(41.809855, -87.606755)"
547,Ashland Ave & Pershing Rd,,11,11,In Service,41.823465,-87.665577,"(41.823465, -87.665577)"
533,Central Park Blvd & 5th Ave,,11,11,In Service,41.875679,-87.71547,"(41.875679, -87.71547)"
197,Michigan Ave & Madison St,,19,19,In Service,41.882134,-87.625125,"(41.882134, -87.625125)"
450,Warren Park West,,11,11,In Service,42.001785,-87.688829,"(42.001785, -87.688829)"
645,Archer (Damen) Ave & 37th St,,11,11,In Service,41.826712,-87.683144,"(41.826712, -87.683144)"
625,Chicago Ave & Dempster St,,15,15,In Service,42.041691,-87.680687,"(42.041691, -87.680687)"
184,State St & 35th St,,19,19,In Service,41.8309,-87.62803,"(41.8309, -87.62803)"
562,Racine Ave & 61st St,,11,11,In Service,41.783189,-87.654372,"(41.783189, -87.654372)"
294,Broadway & Berwyn Ave,,15,15,In Service,41.978353,-87.659753,"(41.978353, -87.659753)"
574,Vernon Ave & 79th St,,11,11,In Service,41.75094,-87.61379,"(41.75094, -87.61379)"
307,Southport Ave & Clybourn Ave,,15,15,In Service,41.920771,-87.663712,"(41.920771, -87.663712)"
200,MLK Jr Dr & 47th St,,11,11,In Service,41.809851,-87.616279,"(41.809851, -87.616279)"
77,Clinton St & Madison St,,31,31,In Service,41.882242,-87.641066,"(41.882242, -87.641066)"
594,Western Blvd & 48th Pl,,11,11,In Service,41.805661,-87.683392,"(41.805661, -87.683392)"
14,Morgan St & 18th St,,15,15,In Service,41.858086,-87.651073,"(41.858086, -87.651073)"
396,Yates Blvd & 75th St,,11,11,In Service,41.758768,-87.56644,"(41.758768, -87.56644)"
126,Clark St & North Ave,,15,15,In Service,41.911974,-87.631942,"(41.911974, -87.631942)"
343,Racine Ave & Wrightwood Ave,,15,15,In Service,41.928887,-87.658971,"(41.928887, -87.658971)"
251,Clarendon Ave & Leland Ave,,15,15,In Service,41.967968,-87.650001,"(41.967968, -87.650001)"
279,Halsted St & 35th St,,15,15,In Service,41.830661,-87.647172,"(41.830661, -87.647172)"
154,Southport Ave & Belmont Ave,,15,15,In Service,41.93949,-87.66378,"(41.93949, -87.66378)"
21,Aberdeen St & Jackson Blvd,,23,23,In Service,41.87772613,-87.65478743,"(41.87772613, -87.65478743)"
263,Rhodes Ave & 32nd St,,11,11,In Service,41.836208,-87.613533,"(41.836208, -87.613533)"
233,Sangamon St & Washington Blvd,,15,15,In Service,41.883165,-87.6511,"(41.883165, -87.6511)"
123,California Ave & Milwaukee Ave,,15,15,In Service,41.922695,-87.697153,"(41.922695, -87.697153)"
173,Mies van der Rohe Way & Chicago Ave,,15,15,In Service,41.89691,-87.621743,"(41.89691, -87.621743)"
657,Wood St & Augusta Blvd,,15,15,In Service,41.899181,-87.6722,"(41.899181, -87.6722)"
214,Damen Ave & Grand Ave,,23,23,In Service,41.89122,-87.67686,"(41.89122, -87.67686)"
158,Milwaukee Ave & Wabansia Ave,,15,15,In Service,41.912616,-87.681391,"(41.912616, -87.681391)"
322,Kimbark Ave & 53rd St,,19,19,In Service,41.799568,-87.594747,"(41.799568, -87.594747)"
332,Burling St (Halsted) & Diversey Pkwy (Temp),,19,19,In Service,41.93314,-87.64776,"(41.93314, -87.64776)"
517,Clark St & Jarvis Ave,,11,11,In Service,42.015963,-87.675005,"(42.015963, -87.675005)"
588,South Chicago Ave & 83rd St,,11,11,In Service,41.743921,-87.575225,"(41.743921, -87.575225)"
298,Lincoln Ave & Belle Plaine Ave,,15,15,In Service,41.95602,-87.680293,"(41.95602, -87.680293)"
559,Racine Ave & Garfield Blvd,,11,11,In Service,41.794228,-87.655073,"(41.794228, -87.655073)"
622,California Ave & Cortez St,,15,15,In Service,41.900363,-87.696704,"(41.900363, -87.696704)"
18,Wacker Dr & Washington St,,19,19,In Service,41.883132,-87.637321,"(41.883132, -87.637321)"
303,Broadway & Cornelia Ave,,23,23,In Service,41.945529,-87.646439,"(41.945529, -87.646439)"
245,Clarendon Ave & Junior Ter,,23,23,In Service,41.961004,-87.649603,"(41.961004, -87.649603)"
530,Laramie Ave & Kinzie St,,11,11,In Service,41.887832,-87.755527,"(41.887832, -87.755527)"
515,Paulina St & Howard St,,19,19,In Service,42.019159,-87.673573,"(42.019159, -87.673573)"
135,Halsted St & 21st St,,11,11,In Service,41.85378,-87.64665,"(41.85378, -87.64665)"
260,Kedzie Ave & Milwaukee Ave,,35,35,In Service,41.929567,-87.707857,"(41.929567, -87.707857)"
347,Ashland Ave & Grace St,,15,15,In Service,41.950687,-87.6687,"(41.950687, -87.6687)"
240,Sheridan Rd & Irving Park Rd,,27,27,In Service,41.954245,-87.654406,"(41.954245, -87.654406)"
13,Wilton Ave & Diversey Pkwy,,35,35,In Service,41.932418,-87.652705,"(41.932418, -87.652705)"
15,Racine Ave & 18th St,,15,15,In Service,41.858166,-87.656495,"(41.858166, -87.656495)"
282,Halsted St & Maxwell St,,15,15,In Service,41.864883,-87.647071,"(41.864883, -87.647071)"
276,California Ave & North Ave,,11,11,In Service,41.91044,-87.6972,"(41.91044, -87.6972)"
46,Wells St & Walton St,,19,19,In Service,41.89993001,-87.63443007,"(41.89993001, -87.63443007)"
95,Stony Island Ave & 64th St,,11,11,In Service,41.778881,-87.586647,"(41.778881, -87.586647)"
653,Cornell Dr & Hayes Dr,,11,11,In Service,41.780595,-87.584846,"(41.780595, -87.584846)"
30,Ashland Ave & Augusta Blvd,,15,15,In Service,41.899643,-87.6677,"(41.899643, -87.6677)"
417,Cornell Ave & Hyde Park Blvd,,19,19,In Service,41.802406,-87.586924,"(41.802406, -87.586924)"
203,Western Ave & 21st St,,15,15,In Service,41.854109,-87.685838,"(41.854109, -87.685838)"
326,Clark St & Leland Ave,,19,19,In Service,41.967096,-87.667429,"(41.967096, -87.667429)"
329,Lake Shore Dr & Diversey Pkwy,,23,23,In Service,41.932588,-87.636427,"(41.932588, -87.636427)"
106,State St & Pearson St,,27,27,In Service,41.897448,-87.628722,"(41.897448, -87.628722)"
385,Princeton Ave & Garfield Blvd,,11,11,In Service,41.794982,-87.633124,"(41.794982, -87.633124)"
220,Clark St & Drummond Pl,,23,23,In Service,41.931248,-87.644336,"(41.931248, -87.644336)"
230,Lincoln Ave & Roscoe St,,19,19,In Service,41.94334,-87.67097,"(41.94334, -87.67097)"
584,Ellis Ave & 83rd St,,11,11,In Service,41.744123,-87.599034,"(41.744123, -87.599034)"
177,Theater on the Lake,,31,31,In Service,41.926277,-87.630834,"(41.926277, -87.630834)"
287,Franklin St & Monroe St,,31,31,In Service,41.880317,-87.635185,"(41.880317, -87.635185)"
520,Greenview Ave & Jarvis Ave,,19,19,In Service,42.015962,-87.66857,"(42.015962, -87.66857)"
555,Ashland Ave & 50th St,,11,11,In Service,41.803023,-87.664699,"(41.803023, -87.664699)"
619,Keystone Ave & Fullerton Ave,,11,11,In Service,41.92459,-87.72785,"(41.92459, -87.72785)"
192,Canal St & Adams St,,47,47,In Service,41.879255,-87.639904,"(41.879255, -87.639904)"
480,Albany Ave & Montrose Ave,,11,11,In Service,41.961041,-87.705866,"(41.961041, -87.705866)"
546,Damen Ave & Pershing Rd,,11,11,In Service,41.823192,-87.676597,"(41.823192, -87.676597)"
663,Lincolnwood Dr & Central St,,15,15,In Service,42.064854,-87.715297,"(42.064854, -87.715297)"
603,Chicago Ave & Sheridan Rd,,15,15,In Service,42.050491,-87.677821,"(42.050491, -87.677821)"
541,Central Ave & Harrison St,,11,11,In Service,41.872993,-87.764499,"(41.872993, -87.764499)"
226,Racine Ave & Belmont Ave,,15,15,In Service,41.939743,-87.658865,"(41.939743, -87.658865)"
146,Loomis St & Jackson Blvd,,19,19,In Service,41.877945,-87.662007,"(41.877945, -87.662007)"
116,Western Ave & Winnebago Ave,,15,15,In Service,41.91552,-87.687022,"(41.91552, -87.687022)"
256,Broadway & Sheridan Rd,,15,15,In Service,41.952833,-87.649993,"(41.952833, -87.649993)"
291,Wells St & Evergreen Ave,,19,19,In Service,41.906724,-87.63483,"(41.906724, -87.63483)"
167,Damen Ave & Coulter St,,7,7,In Service,41.8492,-87.67564,"(41.8492, -87.67564)"
271,Cottage Grove Ave & 43rd St,,11,11,In Service,41.816499,-87.606582,"(41.816499, -87.606582)"
526,Oakley Ave & Touhy Ave,,11,11,In Service,42.012342,-87.688243,"(42.012342, -87.688243)"
58,Marshfield Ave & Cortland St,,23,23,In Service,41.916017,-87.668879,"(41.916017, -87.668879)"
456,2112 W Peterson Ave,,11,11,In Service,41.991178,-87.683593,"(41.991178, -87.683593)"
99,Lake Shore Dr & Ohio St,,19,19,In Service,41.89257,-87.614492,"(41.89257, -87.614492)"
188,Greenview Ave & Fullerton Ave,,15,15,In Service,41.92533,-87.6658,"(41.92533, -87.6658)"
207,Emerald Ave & 28th St,,15,15,In Service,41.84358,-87.645368,"(41.84358, -87.645368)"
315,Elston Ave & Wabansia Ave,,23,23,In Service,41.912919,-87.664169,"(41.912919, -87.664169)"
566,Ashland Ave & 69th St,,11,11,In Service,41.768726,-87.664069,"(41.768726, -87.664069)"
550,Central Ave & Chicago Ave,,11,11,In Service,41.894958,-87.764902,"(41.894958, -87.764902)"
180,Ritchie Ct & Banks St,,15,15,In Service,41.906866,-87.626217,"(41.906866, -87.626217)"
400,Cottage Grove Ave & 71st St,,11,11,In Service,41.765719037,-87.604959713,"(41.76571903697, -87.604959713)"
630,Kildare Ave & Montrose Ave,,15,15,In Service,41.96108,-87.73569,"(41.96108, -87.73569)"
304,Broadway & Waveland Ave,,15,15,In Service,41.949074,-87.648636,"(41.949074, -87.648636)"
649,Stewart Ave & 63rd St (*),,12,12,In Service,41.779835,-87.634774,"(41.779835, -87.634774)"
570,Evans Ave & 75th St,,7,7,In Service,41.75849,-87.60641,"(41.75849, -87.60641)"
310,Damen Ave & Charleston St,,11,11,In Service,41.920082,-87.677855,"(41.920082, -87.677855)"
85,Michigan Ave & Oak St,,23,23,In Service,41.90096039,-87.62377664,"(41.90096039, -87.62377664)"
575,Cottage Grove Ave & 78th St,,11,11,In Service,41.753174,-87.605026,"(41.753174, -87.605026)"
537,Kenton Ave & Madison St,,11,11,In Service,41.880708,-87.741018,"(41.880708, -87.741018)"
32,Racine Ave & Congress Pkwy,,19,19,In Service,41.87464,-87.65703,"(41.87464, -87.65703)"
198,Green St & Madison St,,27,27,In Service,41.881892,-87.648789,"(41.881892, -87.648789)"
217,Elizabeth (May) St & Fulton St,,15,15,In Service,41.886616486,-87.658039927,"(41.886616486027656, -87.6580399274826)"
442,California Ave & 23rd Pl,,11,11,In Service,41.849109692,-87.695139807,"(41.84910969176, -87.6951398068)"
451,Sheridan Rd & Loyola Ave,,23,23,In Service,42.00104378,-87.661198243,"(42.00104377979, -87.6611982433)"
