GEO.id,GEO.id2,GEO.display-label,HD01_VD01,HD02_VD01,HD01_VD02,HD02_VD02,HD01_VD03,HD02_VD03,HD01_VD04,HD02_VD04,HD01_VD05,HD02_VD05,HD01_VD06,HD02_VD06,HD01_VD07,HD02_VD07,HD01_VD08,HD02_VD08,HD01_VD09,HD02_VD09,HD01_VD10,HD02_VD10
Id,Id2,Geography,Estimate; Total:,Margin of Error; Total:,Estimate; Total: - White alone,Margin of Error; Total: - White alone,Estimate; Total: - Black or African American alone,Margin of Error; Total: - Black or African American alone,Estimate; Total: - American Indian and Alaska Native alone,Margin of Error; Total: - American Indian and Alaska Native alone,Estimate; Total: - Asian alone,Margin of Error; Total: - Asian alone,Estimate; Total: - Native Hawaiian and Other Pacific Islander alone,Margin of Error; Total: - Native Hawaiian and Other Pacific Islander alone,Estimate; Total: - Some other race alone,Margin of Error; Total: - Some other race alone,Estimate; Total: - Two or more races:,Margin of Error; Total: - Two or more races:,Estimate; Total: - Two or more races: - Two races including Some other race,Margin of Error; Total: - Two or more races: - Two races including Some other race,"Estimate; Total: - Two or more races: - Two races excluding Some other race, and three or more races","Margin of Error; Total: - Two or more races: - Two races excluding Some other race, and three or more races"
1400000US42101000100,42101000100,"Census Tract 1, Philadelphia County, Pennsylvania",3042,455,2660,366,200,191,0,109,121,76,0,109,45,51,16,26,0,109,16,26
1400000US42101000200,42101000200,"Census Tract 2, Philadelphia County, Pennsylvania",1919,270,358,115,30,47,0,109,1519,309,0,109,0,109,12,15,0,109,12,15
1400000US42101000300,42101000300,"Census Tract 3, Philadelphia County, Pennsylvania",4333,2314,2968,1629,491,490,0,109,723,266,0,109,13,20,138,89,23,28,115,81
1400000US42101000401,42101000401,"Census Tract 4.01, Philadelphia County, Pennsylvania",1525,277,876,204,99,58,14,19,395,169,0,109,0,109,141,176,19,30,122,173
1400000US42101000402,42101000402,"Census Tract 4.02, Philadelphia County, Pennsylvania",3156,302,2762,342,134,107,0,109,137,80,0,109,28,49,95,106,0,109,95,106
1400000US42101000500,42101000500,"Census Tract 5, Philadelphia County, Pennsylvania",1606,249,849,216,446,147,8,13,192,132,0,109,74,34,37,32,8,14,29,29
1400000US42101000600,42101000600,"Census Tract 6, Philadelphia County, Pennsylvania",1541,473,863,268,316,302,0,109,319,139,0,109,0,109,43,50,43,50,0,109
1400000US42101000700,42101000700,"Census Tract 7, Philadelphia County, Pennsylvania",2538,261,1981,275,128,87,14,24,355,180,0,109,15,23,45,45,0,109,45,45
1400000US42101000801,42101000801,"Census Tract 8.01, Philadelphia County, Pennsylvania",1510,185,1188,219,76,69,0,109,186,91,0,109,0,109,60,59,0,109,60,59
1400000US42101000803,42101000803,"Census Tract 8.03, Philadelphia County, Pennsylvania",3701,346,3107,353,27,33,73,105,455,180,0,109,39,46,0,109,0,109,0,109
1400000US42101000804,42101000804,"Census Tract 8.04, Philadelphia County, Pennsylvania",2891,357,2454,335,0,109,59,50,305,185,0,109,28,33,45,72,0,109,45,72
1400000US42101000901,42101000901,"Census Tract 9.01, Philadelphia County, Pennsylvania",1805,324,1471,200,184,240,0,109,150,79,0,109,0,109,0,109,0,109,0,109
1400000US42101000902,42101000902,"Census Tract 9.02, Philadelphia County, Pennsylvania",2227,350,1519,271,169,92,0,109,530,149,0,109,9,15,0,109,0,109,0,109
1400000US42101001001,42101001001,"Census Tract 10.01, Philadelphia County, Pennsylvania",2256,254,2103,269,76,71,0,109,63,49,0,109,0,109,14,22,0,109,14,22
1400000US42101001002,42101001002,"Census Tract 10.02, Philadelphia County, Pennsylvania",3476,367,3282,358,71,87,0,109,88,64,0,109,0,109,35,54,0,109,35,54
1400000US42101001101,42101001101,"Census Tract 11.01, Philadelphia County, Pennsylvania",3211,432,2767,374,173,104,21,34,155,87,0,109,71,84,24,37,0,109,24,37
1400000US42101001102,42101001102,"Census Tract 11.02, Philadelphia County, Pennsylvania",2309,334,1906,309,59,97,0,109,302,181,0,109,0,109,42,67,0,109,42,67
1400000US42101001201,42101001201,"Census Tract 12.01, Philadelphia County, Pennsylvania",3305,445,2931,441,78,85,48,74,137,95,0,109,67,92,44,44,0,109,44,44
1400000US42101001202,42101001202,"Census Tract 12.02, Philadelphia County, Pennsylvania",4713,506,3938,499,307,130,29,45,312,134,0,109,55,71,72,63,0,109,72,63
1400000US42101001300,42101001300,"Census Tract 13, Philadelphia County, Pennsylvania",4822,428,2644,401,1935,315,24,37,141,109,0,109,0,109,78,85,0,109,78,85
1400000US42101001400,42101001400,"Census Tract 14, Philadelphia County, Pennsylvania",3728,470,2612,434,645,188,28,43,151,117,0,109,40,45,252,251,0,109,252,251
1400000US42101001500,42101001500,"Census Tract 15, Philadelphia County, Pennsylvania",2600,391,1958,270,365,222,0,109,170,167,0,109,27,33,80,66,19,27,61,69
1400000US42101001600,42101001600,"Census Tract 16, Philadelphia County, Pennsylvania",2048,285,1826,250,140,103,0,109,0,109,0,109,0,109,82,89,0,109,82,89
1400000US42101001700,42101001700,"Census Tract 17, Philadelphia County, Pennsylvania",2830,286,2483,246,231,228,0,109,116,105,0,109,0,109,0,109,0,109,0,109
1400000US42101001800,42101001800,"Census Tract 18, Philadelphia County, Pennsylvania",2918,331,2220,358,454,161,19,32,184,161,0,109,10,16,31,49,0,109,31,49
1400000US42101001900,42101001900,"Census Tract 19, Philadelphia County, Pennsylvania",2684,610,1207,265,1349,403,0,109,0,109,0,109,35,41,93,90,0,109,93,90
1400000US42101002000,42101002000,"Census Tract 20, Philadelphia County, Pennsylvania",1870,546,50,58,1657,531,0,109,0,109,0,109,0,109,163,158,0,109,163,158
1400000US42101002100,42101002100,"Census Tract 21, Philadelphia County, Pennsylvania",1855,278,104,71,1677,276,0,109,33,47,0,109,0,109,41,55,0,109,41,55
1400000US42101002200,42101002200,"Census Tract 22, Philadelphia County, Pennsylvania",1830,372,565,308,1101,257,0,109,120,80,0,109,0,109,44,41,13,19,31,36
1400000US42101002300,42101002300,"Census Tract 23, Philadelphia County, Pennsylvania",2631,330,1973,357,141,108,0,109,457,153,0,109,12,22,48,61,15,27,33,53
1400000US42101002400,42101002400,"Census Tract 24, Philadelphia County, Pennsylvania",4549,1028,3505,1057,336,137,0,109,498,286,0,109,194,174,16,31,16,31,0,109
1400000US42101002500,42101002500,"Census Tract 25, Philadelphia County, Pennsylvania",3618,425,1874,243,1202,284,0,109,274,253,0,109,182,215,86,73,6,10,80,73
1400000US42101002701,42101002701,"Census Tract 27.01, Philadelphia County, Pennsylvania",3523,611,1161,271,1178,418,0,109,792,430,0,109,308,333,84,100,53,94,31,35
1400000US42101002702,42101002702,"Census Tract 27.02, Philadelphia County, Pennsylvania",3339,437,3208,440,0,109,0,109,131,123,0,109,0,109,0,109,0,109,0,109
1400000US42101002801,42101002801,"Census Tract 28.01, Philadelphia County, Pennsylvania",4305,684,2142,718,306,107,0,109,1715,380,0,109,142,168,0,109,0,109,0,109
1400000US42101002802,42101002802,"Census Tract 28.02, Philadelphia County, Pennsylvania",5048,576,3647,514,149,185,0,109,1015,259,0,109,204,178,33,31,0,109,33,31
1400000US42101002900,42101002900,"Census Tract 29, Philadelphia County, Pennsylvania",3788,256,3446,290,109,135,0,109,146,163,0,109,11,18,76,71,0,109,76,71
1400000US42101003001,42101003001,"Census Tract 30.01, Philadelphia County, Pennsylvania",4320,551,778,238,1053,421,36,38,2026,434,0,109,116,168,311,212,0,109,311,212
1400000US42101003002,42101003002,"Census Tract 30.02, Philadelphia County, Pennsylvania",3132,688,576,213,2201,548,0,109,334,313,0,109,0,109,21,43,0,109,21,43
1400000US42101003100,42101003100,"Census Tract 31, Philadelphia County, Pennsylvania",3965,738,217,278,3736,822,0,109,0,109,0,109,12,25,0,109,0,109,0,109
1400000US42101003200,42101003200,"Census Tract 32, Philadelphia County, Pennsylvania",4857,889,329,224,4454,918,57,81,0,109,0,109,17,27,0,109,0,109,0,109
1400000US42101003300,42101003300,"Census Tract 33, Philadelphia County, Pennsylvania",6420,923,1218,383,4724,955,0,109,414,339,0,109,0,109,64,64,0,109,64,64
1400000US42101003600,42101003600,"Census Tract 36, Philadelphia County, Pennsylvania",6996,857,1421,389,4138,725,11,19,947,444,0,109,130,93,349,289,256,289,93,84
1400000US42101003701,42101003701,"Census Tract 37.01, Philadelphia County, Pennsylvania",7141,872,347,212,5253,825,23,45,1308,525,0,109,70,120,140,131,15,29,125,128
1400000US42101003702,42101003702,"Census Tract 37.02, Philadelphia County, Pennsylvania",3116,356,980,212,1656,336,0,109,480,156,0,109,0,109,0,109,0,109,0,109
1400000US42101003800,42101003800,"Census Tract 38, Philadelphia County, Pennsylvania",3866,314,3710,282,0,109,0,109,156,181,0,109,0,109,0,109,0,109,0,109
1400000US42101003901,42101003901,"Census Tract 39.01, Philadelphia County, Pennsylvania",6746,699,4246,563,773,460,11,19,1409,461,0,109,284,223,23,35,0,109,23,35
1400000US42101003902,42101003902,"Census Tract 39.02, Philadelphia County, Pennsylvania",5437,421,5205,402,108,106,0,109,13,21,0,109,27,40,84,64,59,57,25,29
1400000US42101004001,42101004001,"Census Tract 40.01, Philadelphia County, Pennsylvania",4168,321,3542,324,14,27,0,109,459,208,0,109,32,36,121,137,0,109,121,137
1400000US42101004002,42101004002,"Census Tract 40.02, Philadelphia County, Pennsylvania",4617,399,4317,438,0,109,50,80,215,192,0,109,17,26,18,30,18,30,0,109
1400000US42101004101,42101004101,"Census Tract 41.01, Philadelphia County, Pennsylvania",5389,870,2141,519,1134,415,84,115,1740,594,0,109,214,206,76,86,0,109,76,86
1400000US42101004102,42101004102,"Census Tract 41.02, Philadelphia County, Pennsylvania",7231,903,3442,411,924,485,56,89,2138,724,0,109,114,101,557,363,0,109,557,363
1400000US42101004201,42101004201,"Census Tract 42.01, Philadelphia County, Pennsylvania",5639,712,4264,562,413,236,0,109,592,494,0,109,0,109,370,373,0,109,370,373
1400000US42101004202,42101004202,"Census Tract 42.02, Philadelphia County, Pennsylvania",4941,414,3851,418,433,375,0,109,500,186,0,109,109,143,48,81,0,109,48,81
1400000US42101005000,42101005000,"Census Tract 50, Philadelphia County, Pennsylvania",0,109,0,109,0,109,0,109,0,109,0,109,0,109,0,109,0,109,0,109
1400000US42101005400,42101005400,"Census Tract 54, Philadelphia County, Pennsylvania",1535,264,154,106,1157,295,0,109,144,110,0,109,10,18,70,91,0,109,70,91
1400000US42101005500,42101005500,"Census Tract 55, Philadelphia County, Pennsylvania",6427,793,607,216,5073,799,17,26,526,378,0,109,15,24,189,221,0,109,189,221
1400000US42101005600,42101005600,"Census Tract 56, Philadelphia County, Pennsylvania",1183,345,36,76,1064,328,0,109,50,59,0,109,0,109,33,35,0,109,33,35
1400000US42101006000,42101006000,"Census Tract 60, Philadelphia County, Pennsylvania",6024,786,1581,307,3998,825,47,74,170,218,0,109,84,93,144,170,115,167,29,31
1400000US42101006100,42101006100,"Census Tract 61, Philadelphia County, Pennsylvania",3438,426,576,226,2530,499,0,109,254,163,0,109,73,84,5,8,0,109,5,8
1400000US42101006200,42101006200,"Census Tract 62, Philadelphia County, Pennsylvania",4668,610,561,208,3517,633,38,43,331,219,0,109,78,90,143,160,72,100,71,116
1400000US42101006300,42101006300,"Census Tract 63, Philadelphia County, Pennsylvania",4133,709,252,124,3270,711,0,109,434,230,0,109,84,129,93,130,0,109,93,130
1400000US42101006400,42101006400,"Census Tract 64, Philadelphia County, Pennsylvania",5174,622,495,164,4164,642,0,109,501,138,0,109,0,109,14,23,0,109,14,23
1400000US42101006500,42101006500,"Census Tract 65, Philadelphia County, Pennsylvania",5249,603,96,100,4891,543,0,109,80,78,0,109,6,10,176,186,29,48,147,180
1400000US42101006600,42101006600,"Census Tract 66, Philadelphia County, Pennsylvania",4286,686,257,299,3465,616,0,109,472,147,0,109,41,46,51,119,0,109,51,119
1400000US42101006700,42101006700,"Census Tract 67, Philadelphia County, Pennsylvania",7138,860,1043,400,5023,732,0,109,622,312,18,30,298,360,134,157,0,109,134,157
1400000US42101006900,42101006900,"Census Tract 69, Philadelphia County, Pennsylvania",2881,423,126,151,2705,395,0,109,16,26,0,109,11,18,23,37,0,109,23,37
1400000US42101007000,42101007000,"Census Tract 70, Philadelphia County, Pennsylvania",4908,664,58,49,4652,670,0,109,48,72,0,109,0,109,150,153,12,20,138,154
1400000US42101007101,42101007101,"Census Tract 71.01, Philadelphia County, Pennsylvania",2838,598,103,128,2731,574,0,109,0,109,0,109,4,8,0,109,0,109,0,109
1400000US42101007102,42101007102,"Census Tract 71.02, Philadelphia County, Pennsylvania",5074,782,39,44,5001,773,0,109,34,58,0,109,0,109,0,109,0,109,0,109
1400000US42101007200,42101007200,"Census Tract 72, Philadelphia County, Pennsylvania",5424,761,51,41,5207,754,12,21,66,79,0,109,0,109,88,90,0,109,88,90
1400000US42101007300,42101007300,"Census Tract 73, Philadelphia County, Pennsylvania",3060,405,337,220,2694,358,0,109,0,109,0,109,0,109,29,37,0,109,29,37
1400000US42101007400,42101007400,"Census Tract 74, Philadelphia County, Pennsylvania",4490,537,447,185,3878,520,0,109,73,67,0,109,33,34,59,45,9,13,50,43
1400000US42101007700,42101007700,"Census Tract 77, Philadelphia County, Pennsylvania",2627,747,1160,518,710,306,2,6,577,288,0,109,30,49,148,77,0,109,148,77
1400000US42101007800,42101007800,"Census Tract 78, Philadelphia County, Pennsylvania",3963,558,2385,469,1150,324,14,22,196,137,0,109,38,41,180,132,70,80,110,85
1400000US42101007900,42101007900,"Census Tract 79, Philadelphia County, Pennsylvania",4485,623,2027,336,2074,621,0,109,218,226,0,109,150,161,16,26,0,109,16,26
1400000US42101008000,42101008000,"Census Tract 80, Philadelphia County, Pennsylvania",3600,527,548,231,2995,516,0,109,0,109,0,109,28,45,29,34,0,109,29,34
1400000US42101008101,42101008101,"Census Tract 81.01, Philadelphia County, Pennsylvania",2308,441,44,57,2197,430,0,109,43,60,0,109,0,109,24,39,0,109,24,39
1400000US42101008102,42101008102,"Census Tract 81.02, Philadelphia County, Pennsylvania",5083,545,27,38,4972,548,0,109,24,37,0,109,15,22,45,45,10,17,35,41
1400000US42101008200,42101008200,"Census Tract 82, Philadelphia County, Pennsylvania",8582,1096,61,72,8429,1082,0,109,0,109,0,109,64,100,28,35,0,109,28,35
1400000US42101008301,42101008301,"Census Tract 83.01, Philadelphia County, Pennsylvania",4089,501,127,108,3807,502,0,109,70,52,0,109,8,13,77,66,0,109,77,66
1400000US42101008302,42101008302,"Census Tract 83.02, Philadelphia County, Pennsylvania",4176,546,29,32,4039,504,65,102,0,109,0,109,0,109,43,69,0,109,43,69
1400000US42101008400,42101008400,"Census Tract 84, Philadelphia County, Pennsylvania",4754,717,29,27,4648,713,0,109,0,109,0,109,0,109,77,55,18,31,59,50
1400000US42101008500,42101008500,"Census Tract 85, Philadelphia County, Pennsylvania",6127,802,294,201,5781,799,0,109,0,109,0,109,0,109,52,51,0,109,52,51
1400000US42101008601,42101008601,"Census Tract 86.01, Philadelphia County, Pennsylvania",2857,617,1159,317,1227,566,28,32,233,160,0,109,120,147,90,72,0,109,90,72
1400000US42101008602,42101008602,"Census Tract 86.02, Philadelphia County, Pennsylvania",2787,409,526,261,1703,372,0,109,217,137,0,109,301,315,40,52,0,109,40,52
1400000US42101008701,42101008701,"Census Tract 87.01, Philadelphia County, Pennsylvania",4561,736,2338,523,849,297,0,109,1275,551,0,109,18,29,81,79,40,64,41,41
1400000US42101008702,42101008702,"Census Tract 87.02, Philadelphia County, Pennsylvania",3429,735,2156,673,419,220,0,109,695,227,0,109,75,92,84,128,9,14,75,126
1400000US42101008801,42101008801,"Census Tract 88.01, Philadelphia County, Pennsylvania",1211,427,927,384,30,35,49,66,171,166,0,109,34,40,0,109,0,109,0,109
1400000US42101008802,42101008802,"Census Tract 88.02, Philadelphia County, Pennsylvania",5861,1977,3568,1237,829,478,21,35,1259,497,0,109,63,51,121,79,0,109,121,79
1400000US42101009000,42101009000,"Census Tract 90, Philadelphia County, Pennsylvania",4176,658,3100,621,235,124,0,109,592,330,0,109,136,129,113,69,0,109,113,69
1400000US42101009100,42101009100,"Census Tract 91, Philadelphia County, Pennsylvania",2246,277,992,278,882,213,5,9,263,134,0,109,55,72,49,56,34,50,15,23
1400000US42101009200,42101009200,"Census Tract 92, Philadelphia County, Pennsylvania",2701,372,60,58,2288,490,0,109,289,206,0,109,40,35,24,40,0,109,24,40
1400000US42101009300,42101009300,"Census Tract 93, Philadelphia County, Pennsylvania",4242,556,63,58,4101,556,24,28,21,34,0,109,13,22,20,32,0,109,20,32
1400000US42101009400,42101009400,"Census Tract 94, Philadelphia County, Pennsylvania",3749,589,0,109,3636,579,0,109,28,44,0,109,0,109,85,89,38,60,47,71
1400000US42101009500,42101009500,"Census Tract 95, Philadelphia County, Pennsylvania",3510,552,13,21,3435,544,19,18,0,109,0,109,43,66,0,109,0,109,0,109
1400000US42101009600,42101009600,"Census Tract 96, Philadelphia County, Pennsylvania",4367,746,44,36,3998,740,67,111,66,78,0,109,184,266,8,11,0,109,8,11
1400000US42101009801,42101009801,"Census Tract 98.01, Philadelphia County, Pennsylvania",2139,451,244,141,1895,515,0,109,0,109,0,109,0,109,0,109,0,109,0,109
1400000US42101009802,42101009802,"Census Tract 98.02, Philadelphia County, Pennsylvania",5562,484,607,196,4686,470,0,109,87,78,0,109,53,87,129,129,0,109,129,129
1400000US42101010000,42101010000,"Census Tract 100, Philadelphia County, Pennsylvania",5348,581,560,216,4660,621,0,109,70,92,0,109,46,56,12,19,0,109,12,19
1400000US42101010100,42101010100,"Census Tract 101, Philadelphia County, Pennsylvania",5571,1090,14,22,5490,1112,0,109,0,109,0,109,56,75,11,22,0,109,11,22
1400000US42101010200,42101010200,"Census Tract 102, Philadelphia County, Pennsylvania",2710,557,10,16,2662,557,12,20,0,109,0,109,0,109,26,29,0,109,26,29
1400000US42101010300,42101010300,"Census Tract 103, Philadelphia County, Pennsylvania",2428,430,26,40,2402,433,0,109,0,109,0,109,0,109,0,109,0,109,0,109
1400000US42101010400,42101010400,"Census Tract 104, Philadelphia County, Pennsylvania",2917,526,14,23,2903,526,0,109,0,109,0,109,0,109,0,109,0,109,0,109
1400000US42101010500,42101010500,"Census Tract 105, Philadelphia County, Pennsylvania",3349,528,63,41,3170,508,0,109,0,109,0,109,31,32,85,64,0,109,85,64
1400000US42101010600,42101010600,"Census Tract 106, Philadelphia County, Pennsylvania",1196,219,9,15,1100,212,0,109,19,30,0,109,0,109,68,73,9,15,59,79
1400000US42101010700,42101010700,"Census Tract 107, Philadelphia County, Pennsylvania",3783,652,127,133,3646,639,0,109,10,15,0,109,0,109,0,109,0,109,0,109
1400000US42101010800,42101010800,"Census Tract 108, Philadelphia County, Pennsylvania",3533,623,95,75,3407,626,0,109,18,30,0,109,13,23,0,109,0,109,0,109
1400000US42101010900,42101010900,"Census Tract 109, Philadelphia County, Pennsylvania",2482,498,362,303,2039,428,0,109,66,74,0,109,15,24,0,109,0,109,0,109
1400000US42101011000,42101011000,"Census Tract 110, Philadelphia County, Pennsylvania",3349,552,66,61,3262,541,0,109,0,109,0,109,0,109,21,35,0,109,21,35
1400000US42101011100,42101011100,"Census Tract 111, Philadelphia County, Pennsylvania",3631,482,20,24,3445,488,0,109,35,67,0,109,0,109,131,121,43,68,88,97
1400000US42101011200,42101011200,"Census Tract 112, Philadelphia County, Pennsylvania",6203,695,64,61,5663,695,25,39,0,109,0,109,277,382,174,161,100,138,74,87
1400000US42101011300,42101011300,"Census Tract 113, Philadelphia County, Pennsylvania",3093,575,25,53,3063,579,5,9,0,109,0,109,0,109,0,109,0,109,0,109
1400000US42101011400,42101011400,"Census Tract 114, Philadelphia County, Pennsylvania",7214,785,61,58,6970,794,28,43,66,104,0,109,0,109,89,75,26,39,63,65
1400000US42101011500,42101011500,"Census Tract 115, Philadelphia County, Pennsylvania",4560,456,385,115,4131,481,0,109,28,43,0,109,0,109,16,24,0,109,16,24
1400000US42101011700,42101011700,"Census Tract 117, Philadelphia County, Pennsylvania",2788,1077,1860,978,802,163,0,109,41,63,5,9,21,34,59,98,0,109,59,98
1400000US42101011800,42101011800,"Census Tract 118, Philadelphia County, Pennsylvania",6720,714,89,86,6207,719,0,109,291,332,0,109,0,109,133,195,0,109,133,195
1400000US42101011900,42101011900,"Census Tract 119, Philadelphia County, Pennsylvania",6413,884,157,96,5662,858,0,109,20,34,0,109,268,287,306,269,22,41,284,270
1400000US42101012000,42101012000,"Census Tract 120, Philadelphia County, Pennsylvania",1737,235,498,196,998,177,18,28,25,41,0,109,125,119,73,56,10,16,63,51
1400000US42101012100,42101012100,"Census Tract 121, Philadelphia County, Pennsylvania",2984,308,673,211,2115,284,10,16,42,35,0,109,133,156,11,20,11,20,0,109
1400000US42101012201,42101012201,"Census Tract 122.01, Philadelphia County, Pennsylvania",3069,339,1208,338,1390,330,21,33,197,107,0,109,52,61,201,138,15,24,186,136
1400000US42101012203,42101012203,"Census Tract 122.03, Philadelphia County, Pennsylvania",1230,260,650,216,245,242,0,109,309,121,0,109,0,109,26,31,0,109,26,31
1400000US42101012204,42101012204,"Census Tract 122.04, Philadelphia County, Pennsylvania",4113,505,887,181,2939,531,18,27,235,187,0,109,0,109,34,37,0,109,34,37
1400000US42101012500,42101012500,"Census Tract 125, Philadelphia County, Pennsylvania",3711,330,2344,369,340,139,0,109,859,297,15,24,89,82,64,50,0,109,64,50
1400000US42101013100,42101013100,"Census Tract 131, Philadelphia County, Pennsylvania",1557,340,210,152,1287,334,0,109,7,12,0,109,0,109,53,59,0,109,53,59
1400000US42101013200,42101013200,"Census Tract 132, Philadelphia County, Pennsylvania",2618,416,230,110,2177,356,4,7,174,205,0,109,33,29,0,109,0,109,0,109
1400000US42101013300,42101013300,"Census Tract 133, Philadelphia County, Pennsylvania",2533,456,1222,316,998,359,0,109,133,101,0,109,161,169,19,22,12,19,7,11
1400000US42101013401,42101013401,"Census Tract 134.01, Philadelphia County, Pennsylvania",2220,211,2097,248,40,46,0,109,83,70,0,109,0,109,0,109,0,109,0,109
1400000US42101013402,42101013402,"Census Tract 134.02, Philadelphia County, Pennsylvania",2849,408,2067,327,509,377,41,62,166,133,0,109,66,71,0,109,0,109,0,109
1400000US42101013500,42101013500,"Census Tract 135, Philadelphia County, Pennsylvania",3194,359,1657,250,1363,263,0,109,72,55,0,109,46,70,56,60,0,109,56,60
1400000US42101013601,42101013601,"Census Tract 136.01, Philadelphia County, Pennsylvania",2332,181,1905,246,313,268,0,109,99,73,0,109,0,109,15,25,15,25,0,109
1400000US42101013602,42101013602,"Census Tract 136.02, Philadelphia County, Pennsylvania",3503,526,3353,524,13,21,0,109,51,69,0,109,44,43,42,49,28,45,14,21
1400000US42101013700,42101013700,"Census Tract 137, Philadelphia County, Pennsylvania",4833,661,378,171,4441,664,0,109,0,109,0,109,0,109,14,22,0,109,14,22
1400000US42101013800,42101013800,"Census Tract 138, Philadelphia County, Pennsylvania",1831,293,46,44,1673,280,64,76,0,109,0,109,0,109,48,66,0,109,48,66
1400000US42101013900,42101013900,"Census Tract 139, Philadelphia County, Pennsylvania",3474,471,319,141,3010,442,8,14,25,33,0,109,66,57,46,57,0,109,46,57
1400000US42101014000,42101014000,"Census Tract 140, Philadelphia County, Pennsylvania",2842,458,325,217,2388,472,0,109,56,74,0,109,73,50,0,109,0,109,0,109
1400000US42101014100,42101014100,"Census Tract 141, Philadelphia County, Pennsylvania",2279,370,391,195,1501,248,0,109,123,106,0,109,159,160,105,94,0,109,105,94
1400000US42101014200,42101014200,"Census Tract 142, Philadelphia County, Pennsylvania",2972,365,2272,369,349,171,0,109,138,146,0,109,77,79,136,86,24,26,112,83
1400000US42101014300,42101014300,"Census Tract 143, Philadelphia County, Pennsylvania",1258,174,1129,171,71,62,0,109,5,18,0,109,20,33,33,42,0,109,33,42
1400000US42101014400,42101014400,"Census Tract 144, Philadelphia County, Pennsylvania",2587,350,1559,420,332,224,31,47,251,323,0,109,381,147,33,33,0,109,33,33
1400000US42101014500,42101014500,"Census Tract 145, Philadelphia County, Pennsylvania",1739,332,206,151,1241,332,12,19,0,109,0,109,280,213,0,109,0,109,0,109
1400000US42101014600,42101014600,"Census Tract 146, Philadelphia County, Pennsylvania",2748,406,517,250,2043,348,25,38,50,48,0,109,50,48,63,47,0,109,63,47
1400000US42101014700,42101014700,"Census Tract 147, Philadelphia County, Pennsylvania",3269,585,984,380,2159,415,18,29,84,68,0,109,24,29,0,109,0,109,0,109
1400000US42101014800,42101014800,"Census Tract 148, Philadelphia County, Pennsylvania",500,167,64,101,408,140,0,109,0,109,0,109,28,47,0,109,0,109,0,109
1400000US42101014900,42101014900,"Census Tract 149, Philadelphia County, Pennsylvania",3324,560,119,92,3163,583,32,49,0,109,0,109,0,109,10,16,0,109,10,16
1400000US42101015101,42101015101,"Census Tract 151.01, Philadelphia County, Pennsylvania",2705,573,43,56,2531,540,0,109,0,109,0,109,36,46,95,126,0,109,95,126
1400000US42101015102,42101015102,"Census Tract 151.02, Philadelphia County, Pennsylvania",4606,517,27,34,4527,504,10,15,0,109,0,109,22,34,20,33,0,109,20,33
1400000US42101015200,42101015200,"Census Tract 152, Philadelphia County, Pennsylvania",6572,880,358,297,6006,876,0,109,0,109,0,109,19,45,189,173,0,109,189,173
1400000US42101015300,42101015300,"Census Tract 153, Philadelphia County, Pennsylvania",3703,706,1351,488,2055,360,0,109,171,182,0,109,16,27,110,94,20,32,90,86
1400000US42101015600,42101015600,"Census Tract 156, Philadelphia County, Pennsylvania",1657,404,580,307,336,147,14,24,0,109,0,109,646,338,81,120,8,32,73,123
1400000US42101015700,42101015700,"Census Tract 157, Philadelphia County, Pennsylvania",3118,430,1663,484,328,348,147,138,275,271,0,109,640,284,65,73,59,73,6,11
1400000US42101015800,42101015800,"Census Tract 158, Philadelphia County, Pennsylvania",5274,552,4981,517,148,205,0,109,70,72,0,109,20,32,55,59,0,109,55,59
1400000US42101016000,42101016000,"Census Tract 160, Philadelphia County, Pennsylvania",6913,644,6536,623,19,32,41,64,172,143,0,109,90,75,55,63,0,109,55,63
1400000US42101016100,42101016100,"Census Tract 161, Philadelphia County, Pennsylvania",4911,570,2279,381,563,305,0,109,956,330,19,33,1061,430,33,29,4,8,29,28
1400000US42101016200,42101016200,"Census Tract 162, Philadelphia County, Pennsylvania",1880,318,611,247,891,346,0,109,0,109,0,109,228,180,150,119,112,103,38,58
1400000US42101016300,42101016300,"Census Tract 163, Philadelphia County, Pennsylvania",3131,715,829,384,801,388,0,109,226,247,0,109,1254,432,21,18,21,18,0,109
1400000US42101016400,42101016400,"Census Tract 164, Philadelphia County, Pennsylvania",4226,558,881,338,2076,427,11,17,231,270,0,109,741,310,286,322,14,22,272,319
1400000US42101016500,42101016500,"Census Tract 165, Philadelphia County, Pennsylvania",2437,474,111,84,2076,441,0,109,0,109,0,109,170,196,80,78,0,109,80,78
1400000US42101016600,42101016600,"Census Tract 166, Philadelphia County, Pennsylvania",927,258,39,49,888,264,0,109,0,109,0,109,0,109,0,109,0,109,0,109
1400000US42101016701,42101016701,"Census Tract 167.01, Philadelphia County, Pennsylvania",2582,496,72,115,2510,491,0,109,0,109,0,109,0,109,0,109,0,109,0,109
1400000US42101016702,42101016702,"Census Tract 167.02, Philadelphia County, Pennsylvania",2893,823,135,181,2758,838,0,109,0,109,0,109,0,109,0,109,0,109,0,109
1400000US42101016800,42101016800,"Census Tract 168, Philadelphia County, Pennsylvania",4397,575,193,200,4161,512,0,109,0,109,0,109,0,109,43,34,0,109,43,34
1400000US42101016901,42101016901,"Census Tract 169.01, Philadelphia County, Pennsylvania",3421,514,47,39,3298,506,0,109,46,75,0,109,11,17,19,32,0,109,19,32
1400000US42101016902,42101016902,"Census Tract 169.02, Philadelphia County, Pennsylvania",5337,605,137,172,4899,567,0,109,0,109,0,109,0,109,301,295,0,109,301,295
1400000US42101017000,42101017000,"Census Tract 170, Philadelphia County, Pennsylvania",2842,510,562,226,2158,533,0,109,90,99,0,109,32,53,0,109,0,109,0,109
1400000US42101017100,42101017100,"Census Tract 171, Philadelphia County, Pennsylvania",4820,625,193,97,4606,656,21,20,0,109,0,109,0,109,0,109,0,109,0,109
1400000US42101017201,42101017201,"Census Tract 172.01, Philadelphia County, Pennsylvania",3168,662,11,20,3099,662,0,109,0,109,0,109,38,71,20,33,0,109,20,33
1400000US42101017202,42101017202,"Census Tract 172.02, Philadelphia County, Pennsylvania",3741,606,0,109,3741,606,0,109,0,109,0,109,0,109,0,109,0,109,0,109
1400000US42101017300,42101017300,"Census Tract 173, Philadelphia County, Pennsylvania",3087,457,49,45,2934,449,0,109,0,109,0,109,12,23,92,88,25,38,67,64
1400000US42101017400,42101017400,"Census Tract 174, Philadelphia County, Pennsylvania",1901,444,11,17,1787,434,0,109,0,109,0,109,0,109,103,102,28,45,75,91
1400000US42101017500,42101017500,"Census Tract 175, Philadelphia County, Pennsylvania",6950,783,1807,535,3025,662,0,109,0,109,0,109,1985,673,133,126,119,125,14,22
1400000US42101017601,42101017601,"Census Tract 176.01, Philadelphia County, Pennsylvania",5321,657,1530,404,1167,502,12,21,0,109,0,109,2364,705,248,188,71,70,177,184
1400000US42101017602,42101017602,"Census Tract 176.02, Philadelphia County, Pennsylvania",4513,918,1253,502,1143,712,0,109,31,49,0,109,2002,610,84,63,65,54,19,31
1400000US42101017701,42101017701,"Census Tract 177.01, Philadelphia County, Pennsylvania",3526,585,864,316,1142,314,0,109,210,193,0,109,1168,495,142,136,83,131,59,62
1400000US42101017702,42101017702,"Census Tract 177.02, Philadelphia County, Pennsylvania",5633,842,1203,429,1044,449,16,27,70,119,0,109,2756,749,544,411,68,71,476,402
1400000US42101017800,42101017800,"Census Tract 178, Philadelphia County, Pennsylvania",6692,919,1730,441,1648,544,56,72,299,260,0,109,2608,562,351,232,87,105,264,227
1400000US42101017900,42101017900,"Census Tract 179, Philadelphia County, Pennsylvania",5417,920,2691,573,2123,768,147,206,18,22,0,109,269,328,169,137,70,107,99,83
1400000US42101018001,42101018001,"Census Tract 180.01, Philadelphia County, Pennsylvania",2372,449,2372,449,0,109,0,109,0,109,0,109,0,109,0,109,0,109,0,109
1400000US42101018002,42101018002,"Census Tract 180.02, Philadelphia County, Pennsylvania",5461,723,4897,561,45,74,0,109,35,39,0,109,59,62,425,441,323,429,102,117
1400000US42101018300,42101018300,"Census Tract 183, Philadelphia County, Pennsylvania",4321,354,3990,327,317,464,5,9,0,109,0,109,9,15,0,109,0,109,0,109
1400000US42101018400,42101018400,"Census Tract 184, Philadelphia County, Pennsylvania",2060,191,1976,192,0,109,0,109,0,109,0,109,28,46,56,60,0,109,56,60
1400000US42101018800,42101018800,"Census Tract 188, Philadelphia County, Pennsylvania",8238,1097,3554,760,2526,734,0,109,91,89,0,109,1783,702,284,238,88,138,196,210
1400000US42101019000,42101019000,"Census Tract 190, Philadelphia County, Pennsylvania",9022,940,2754,911,2602,806,0,109,323,201,0,109,2976,993,367,261,196,243,171,105
1400000US42101019100,42101019100,"Census Tract 191, Philadelphia County, Pennsylvania",7444,857,2600,586,1211,468,23,25,787,324,0,109,2647,667,176,201,0,109,176,201
1400000US42101019200,42101019200,"Census Tract 192, Philadelphia County, Pennsylvania",8535,1171,2507,661,1850,485,0,109,229,312,0,109,3642,911,307,251,209,239,98,92
1400000US42101019501,42101019501,"Census Tract 195.01, Philadelphia County, Pennsylvania",4433,779,1004,476,332,199,0,109,0,109,0,109,2871,896,226,161,66,76,160,142
1400000US42101019502,42101019502,"Census Tract 195.02, Philadelphia County, Pennsylvania",3614,525,1337,576,540,273,0,109,0,109,0,109,1699,452,38,44,23,36,15,25
1400000US42101019700,42101019700,"Census Tract 197, Philadelphia County, Pennsylvania",7450,731,1101,367,2508,643,14,23,111,148,0,109,3474,701,242,175,153,149,89,85
1400000US42101019800,42101019800,"Census Tract 198, Philadelphia County, Pennsylvania",5534,513,691,226,2145,356,18,27,0,109,0,109,2595,497,85,69,40,45,45,53
1400000US42101019900,42101019900,"Census Tract 199, Philadelphia County, Pennsylvania",4668,599,1170,468,1672,442,0,109,11,18,0,109,1688,499,127,90,100,80,27,37
1400000US42101020000,42101020000,"Census Tract 200, Philadelphia County, Pennsylvania",1101,225,121,99,906,215,0,109,54,53,0,109,9,13,11,15,9,15,2,3
1400000US42101020101,42101020101,"Census Tract 201.01, Philadelphia County, Pennsylvania",3798,713,15,25,3783,711,0,109,0,109,0,109,0,109,0,109,0,109,0,109
1400000US42101020102,42101020102,"Census Tract 201.02, Philadelphia County, Pennsylvania",2982,464,235,283,2747,398,0,109,0,109,0,109,0,109,0,109,0,109,0,109
1400000US42101020200,42101020200,"Census Tract 202, Philadelphia County, Pennsylvania",5135,654,9,15,5088,650,0,109,0,109,0,109,38,64,0,109,0,109,0,109
1400000US42101020300,42101020300,"Census Tract 203, Philadelphia County, Pennsylvania",3039,545,70,58,2806,520,0,109,12,20,0,109,104,126,47,47,0,109,47,47
1400000US42101020400,42101020400,"Census Tract 204, Philadelphia County, Pennsylvania",3062,454,39,43,2899,434,0,109,0,109,0,109,124,201,0,109,0,109,0,109
1400000US42101020500,42101020500,"Census Tract 205, Philadelphia County, Pennsylvania",2906,497,44,46,2603,485,59,59,177,96,13,21,0,109,10,15,10,15,0,109
1400000US42101020600,42101020600,"Census Tract 206, Philadelphia County, Pennsylvania",2280,425,1343,374,797,284,0,109,110,69,0,109,16,27,14,23,0,109,14,23
1400000US42101020700,42101020700,"Census Tract 207, Philadelphia County, Pennsylvania",6087,865,5091,790,652,209,0,109,268,173,0,109,0,109,76,79,0,109,76,79
1400000US42101020800,42101020800,"Census Tract 208, Philadelphia County, Pennsylvania",1894,286,931,159,630,255,0,109,194,123,0,109,95,152,44,40,0,109,44,40
1400000US42101020900,42101020900,"Census Tract 209, Philadelphia County, Pennsylvania",2933,496,2512,504,183,121,0,109,164,149,0,109,16,24,58,39,18,28,40,34
1400000US42101021000,42101021000,"Census Tract 210, Philadelphia County, Pennsylvania",4334,488,3893,473,359,334,0,109,26,30,0,109,43,77,13,21,0,109,13,21
1400000US42101021100,42101021100,"Census Tract 211, Philadelphia County, Pennsylvania",2378,333,2205,310,138,122,0,109,35,41,0,109,0,109,0,109,0,109,0,109
1400000US42101021200,42101021200,"Census Tract 212, Philadelphia County, Pennsylvania",2114,315,1832,284,36,60,32,44,135,116,0,109,0,109,79,51,0,109,79,51
1400000US42101021300,42101021300,"Census Tract 213, Philadelphia County, Pennsylvania",2813,365,2537,339,212,169,0,109,16,25,0,109,37,44,11,18,0,109,11,18
1400000US42101021400,42101021400,"Census Tract 214, Philadelphia County, Pennsylvania",2916,369,2701,364,186,140,8,13,0,109,0,109,21,27,0,109,0,109,0,109
1400000US42101021500,42101021500,"Census Tract 215, Philadelphia County, Pennsylvania",3234,364,2835,376,101,66,16,25,191,125,0,109,44,37,47,46,0,109,47,46
1400000US42101021600,42101021600,"Census Tract 216, Philadelphia County, Pennsylvania",1227,216,1075,210,95,72,36,57,0,109,0,109,0,109,21,25,0,109,21,25
1400000US42101021700,42101021700,"Census Tract 217, Philadelphia County, Pennsylvania",5663,483,4814,443,538,340,0,109,209,167,0,109,18,30,84,73,32,36,52,65
1400000US42101021800,42101021800,"Census Tract 218, Philadelphia County, Pennsylvania",3948,521,3215,539,353,208,0,109,251,195,0,109,65,73,64,74,0,109,64,74
1400000US42101021900,42101021900,"Census Tract 219, Philadelphia County, Pennsylvania",1400,191,1300,204,100,86,0,109,0,109,0,109,0,109,0,109,0,109,0,109
1400000US42101022000,42101022000,"Census Tract 220, Philadelphia County, Pennsylvania",1436,277,1122,245,159,127,0,109,7,11,0,109,81,130,67,52,0,109,67,52
1400000US42101023100,42101023100,"Census Tract 231, Philadelphia County, Pennsylvania",1090,141,1009,138,6,14,0,109,65,68,0,109,0,109,10,21,0,109,10,21
1400000US42101023500,42101023500,"Census Tract 235, Philadelphia County, Pennsylvania",1022,123,650,70,372,123,0,109,0,109,0,109,0,109,0,109,0,109,0,109
1400000US42101023600,42101023600,"Census Tract 236, Philadelphia County, Pennsylvania",3039,417,1587,259,1303,361,0,109,16,19,0,109,89,59,44,50,0,109,44,50
1400000US42101023700,42101023700,"Census Tract 237, Philadelphia County, Pennsylvania",4325,568,1563,296,2506,595,0,109,63,62,0,109,71,89,122,128,0,109,122,128
1400000US42101023800,42101023800,"Census Tract 238, Philadelphia County, Pennsylvania",4830,589,1498,316,3012,482,27,41,12,20,0,109,50,57,231,115,16,27,215,114
1400000US42101023900,42101023900,"Census Tract 239, Philadelphia County, Pennsylvania",1678,249,345,124,1219,286,0,109,10,25,0,109,40,48,64,58,0,109,64,58
1400000US42101024000,42101024000,"Census Tract 240, Philadelphia County, Pennsylvania",3556,518,1497,360,1791,378,0,109,102,74,0,109,105,158,61,50,0,109,61,50
1400000US42101024100,42101024100,"Census Tract 241, Philadelphia County, Pennsylvania",693,146,139,93,527,129,15,27,0,109,0,109,0,109,12,18,12,18,0,109
1400000US42101024200,42101024200,"Census Tract 242, Philadelphia County, Pennsylvania",3957,512,473,198,3316,520,22,28,0,109,0,109,56,68,90,90,0,109,90,90
1400000US42101024300,42101024300,"Census Tract 243, Philadelphia County, Pennsylvania",4388,517,487,170,3817,499,0,109,44,64,0,109,14,23,26,28,0,109,26,28
1400000US42101024400,42101024400,"Census Tract 244, Philadelphia County, Pennsylvania",3627,849,252,222,3332,856,0,109,0,109,0,109,22,37,21,24,0,109,21,24
1400000US42101024500,42101024500,"Census Tract 245, Philadelphia County, Pennsylvania",3552,512,151,114,3394,526,0,109,7,11,0,109,0,109,0,109,0,109,0,109
1400000US42101024600,42101024600,"Census Tract 246, Philadelphia County, Pennsylvania",2601,475,126,104,2475,477,0,109,0,109,0,109,0,109,0,109,0,109,0,109
1400000US42101024700,42101024700,"Census Tract 247, Philadelphia County, Pennsylvania",4124,689,676,426,3402,558,0,109,0,109,0,109,0,109,46,46,0,109,46,46
1400000US42101024800,42101024800,"Census Tract 248, Philadelphia County, Pennsylvania",2172,331,131,116,2023,363,0,109,0,109,0,109,0,109,18,26,0,109,18,26
1400000US42101024900,42101024900,"Census Tract 249, Philadelphia County, Pennsylvania",3393,704,24,40,3325,707,0,109,0,109,0,109,0,109,44,43,0,109,44,43
1400000US42101025200,42101025200,"Census Tract 252, Philadelphia County, Pennsylvania",7670,1162,753,281,6721,1180,0,109,11,19,0,109,48,55,137,120,11,19,126,115
1400000US42101025300,42101025300,"Census Tract 253, Philadelphia County, Pennsylvania",3333,566,132,77,3191,572,0,109,0,109,0,109,0,109,10,16,0,109,10,16
1400000US42101025400,42101025400,"Census Tract 254, Philadelphia County, Pennsylvania",3797,530,357,135,3164,530,0,109,41,49,0,109,11,17,224,121,10,20,214,121
1400000US42101025500,42101025500,"Census Tract 255, Philadelphia County, Pennsylvania",2367,323,696,187,1586,363,0,109,0,109,0,109,32,36,53,48,0,109,53,48
1400000US42101025600,42101025600,"Census Tract 256, Philadelphia County, Pennsylvania",2484,265,1277,179,918,232,0,109,38,36,0,109,124,149,127,114,8,14,119,114
1400000US42101025700,42101025700,"Census Tract 257, Philadelphia County, Pennsylvania",3144,255,1968,241,1084,328,8,14,24,30,0,109,13,21,47,46,0,109,47,46
1400000US42101025800,42101025800,"Census Tract 258, Philadelphia County, Pennsylvania",1543,295,29,38,1511,301,3,6,0,109,0,109,0,109,0,109,0,109,0,109
1400000US42101025900,42101025900,"Census Tract 259, Philadelphia County, Pennsylvania",4100,509,197,140,3756,545,0,109,77,93,0,109,9,15,61,64,0,109,61,64
1400000US42101026000,42101026000,"Census Tract 260, Philadelphia County, Pennsylvania",2797,414,66,58,2672,404,0,109,0,109,0,109,0,109,59,61,16,27,43,54
1400000US42101026100,42101026100,"Census Tract 261, Philadelphia County, Pennsylvania",2894,294,45,62,2790,283,0,109,0,109,0,109,0,109,59,62,9,16,50,55
1400000US42101026200,42101026200,"Census Tract 262, Philadelphia County, Pennsylvania",4234,492,78,91,4085,476,0,109,0,109,0,109,13,20,58,60,9,15,49,48
1400000US42101026301,42101026301,"Census Tract 263.01, Philadelphia County, Pennsylvania",4064,348,63,45,3964,350,0,109,0,109,0,109,0,109,37,42,0,109,37,42
1400000US42101026302,42101026302,"Census Tract 263.02, Philadelphia County, Pennsylvania",4905,664,230,132,4449,673,0,109,42,47,0,109,43,66,141,174,0,109,141,174
1400000US42101026400,42101026400,"Census Tract 264, Philadelphia County, Pennsylvania",5182,635,174,100,4994,665,0,109,14,23,0,109,0,109,0,109,0,109,0,109
1400000US42101026500,42101026500,"Census Tract 265, Philadelphia County, Pennsylvania",4172,531,136,95,3974,543,0,109,0,109,0,109,42,50,20,29,0,109,20,29
1400000US42101026600,42101026600,"Census Tract 266, Philadelphia County, Pennsylvania",6401,836,153,130,6159,882,14,22,0,109,0,109,38,63,37,63,0,109,37,63
1400000US42101026700,42101026700,"Census Tract 267, Philadelphia County, Pennsylvania",7007,944,153,167,6615,785,0,109,18,31,0,109,0,109,221,327,0,109,221,327
1400000US42101026800,42101026800,"Census Tract 268, Philadelphia County, Pennsylvania",4115,424,106,76,3661,441,0,109,114,106,0,109,110,94,124,100,9,16,115,99
1400000US42101026900,42101026900,"Census Tract 269, Philadelphia County, Pennsylvania",2009,341,618,142,1097,281,0,109,82,108,0,109,84,66,128,193,0,109,128,193
1400000US42101027000,42101027000,"Census Tract 270, Philadelphia County, Pennsylvania",2633,487,630,318,1577,520,0,109,209,177,0,109,217,281,0,109,0,109,0,109
1400000US42101027100,42101027100,"Census Tract 271, Philadelphia County, Pennsylvania",2446,221,390,137,1049,282,31,52,778,234,0,109,187,157,11,19,0,109,11,19
1400000US42101027200,42101027200,"Census Tract 272, Philadelphia County, Pennsylvania",4752,408,536,189,3625,453,11,18,486,222,0,109,84,82,10,15,0,109,10,15
1400000US42101027300,42101027300,"Census Tract 273, Philadelphia County, Pennsylvania",6470,670,1031,372,3096,504,11,21,1728,471,0,109,566,302,38,69,0,109,38,69
1400000US42101027401,42101027401,"Census Tract 274.01, Philadelphia County, Pennsylvania",3071,442,633,363,1368,426,0,109,656,264,0,109,385,222,29,51,0,109,29,51
1400000US42101027402,42101027402,"Census Tract 274.02, Philadelphia County, Pennsylvania",7617,943,981,347,3909,955,123,186,1421,765,0,109,770,508,413,340,13,21,400,340
1400000US42101027500,42101027500,"Census Tract 275, Philadelphia County, Pennsylvania",4558,479,454,161,3333,469,16,23,526,197,0,109,127,124,102,139,17,26,85,135
1400000US42101027600,42101027600,"Census Tract 276, Philadelphia County, Pennsylvania",3904,484,88,64,3657,490,0,109,19,29,0,109,8,17,132,111,0,109,132,111
1400000US42101027700,42101027700,"Census Tract 277, Philadelphia County, Pennsylvania",3882,640,232,270,3367,557,36,39,92,68,15,30,0,109,140,130,0,109,140,130
1400000US42101027800,42101027800,"Census Tract 278, Philadelphia County, Pennsylvania",4357,635,0,109,4266,635,38,61,0,109,0,109,53,81,0,109,0,109,0,109
1400000US42101027901,42101027901,"Census Tract 279.01, Philadelphia County, Pennsylvania",3747,490,105,117,3542,561,8,14,75,89,0,109,0,109,17,28,0,109,17,28
1400000US42101027902,42101027902,"Census Tract 279.02, Philadelphia County, Pennsylvania",4992,698,2710,723,1938,321,0,109,85,62,0,109,61,50,198,240,0,109,198,240
1400000US42101028000,42101028000,"Census Tract 280, Philadelphia County, Pennsylvania",4765,559,79,73,4623,554,18,22,0,109,0,109,0,109,45,90,45,90,0,109
1400000US42101028100,42101028100,"Census Tract 281, Philadelphia County, Pennsylvania",3618,411,41,48,3422,401,0,109,34,38,0,109,0,109,121,160,0,109,121,160
1400000US42101028200,42101028200,"Census Tract 282, Philadelphia County, Pennsylvania",5073,547,318,263,4348,593,0,109,278,150,0,109,71,79,58,50,0,109,58,50
1400000US42101028300,42101028300,"Census Tract 283, Philadelphia County, Pennsylvania",6562,883,372,406,5645,834,0,109,406,225,0,109,0,109,139,135,0,109,139,135
1400000US42101028400,42101028400,"Census Tract 284, Philadelphia County, Pennsylvania",4178,532,346,297,3339,446,0,109,88,89,0,109,366,292,39,36,0,109,39,36
1400000US42101028500,42101028500,"Census Tract 285, Philadelphia County, Pennsylvania",2689,381,329,190,1072,411,0,109,347,198,0,109,941,394,0,109,0,109,0,109
1400000US42101028600,42101028600,"Census Tract 286, Philadelphia County, Pennsylvania",7213,1000,1455,558,3294,714,0,109,976,451,0,109,944,480,544,485,341,414,203,261
1400000US42101028700,42101028700,"Census Tract 287, Philadelphia County, Pennsylvania",2633,326,395,174,518,151,26,32,0,109,0,109,1575,371,119,101,91,89,28,34
1400000US42101028800,42101028800,"Census Tract 288, Philadelphia County, Pennsylvania",4469,662,938,336,1063,368,0,109,311,218,0,109,1969,557,188,142,48,69,140,121
1400000US42101028901,42101028901,"Census Tract 289.01, Philadelphia County, Pennsylvania",3988,633,716,369,1310,515,0,109,336,249,0,109,1626,481,0,109,0,109,0,109
1400000US42101028902,42101028902,"Census Tract 289.02, Philadelphia County, Pennsylvania",6745,953,1670,575,1754,431,14,26,333,232,95,155,2758,900,121,128,0,109,121,128
1400000US42101029000,42101029000,"Census Tract 290, Philadelphia County, Pennsylvania",5948,753,1137,375,1641,445,0,109,1272,548,0,109,1748,628,150,165,0,109,150,165
1400000US42101029100,42101029100,"Census Tract 291, Philadelphia County, Pennsylvania",4058,508,652,304,1834,436,0,109,1240,296,0,109,298,159,34,37,0,109,34,37
1400000US42101029200,42101029200,"Census Tract 292, Philadelphia County, Pennsylvania",3584,482,1022,380,1720,305,8,14,350,376,0,109,364,269,120,82,26,40,94,73
1400000US42101029300,42101029300,"Census Tract 293, Philadelphia County, Pennsylvania",2740,495,995,411,1028,407,16,25,55,63,0,109,635,234,11,15,0,109,11,15
1400000US42101029400,42101029400,"Census Tract 294, Philadelphia County, Pennsylvania",3465,563,1329,454,1371,502,4,7,0,109,0,109,761,389,0,109,0,109,0,109
1400000US42101029800,42101029800,"Census Tract 298, Philadelphia County, Pennsylvania",4515,492,2407,335,1474,497,0,109,104,118,0,109,434,287,96,87,54,56,42,60
1400000US42101029900,42101029900,"Census Tract 299, Philadelphia County, Pennsylvania",4715,577,1257,297,2352,433,32,52,70,85,0,109,819,370,185,140,98,105,87,94
1400000US42101030000,42101030000,"Census Tract 300, Philadelphia County, Pennsylvania",7141,862,1706,416,4146,658,88,136,129,124,0,109,562,273,510,403,191,182,319,332
1400000US42101030100,42101030100,"Census Tract 301, Philadelphia County, Pennsylvania",5363,662,1863,346,2663,559,0,109,0,109,0,109,518,297,319,214,110,110,209,160
1400000US42101030200,42101030200,"Census Tract 302, Philadelphia County, Pennsylvania",8372,800,2352,445,3150,605,0,109,291,261,0,109,1895,623,684,396,105,135,579,347
1400000US42101030501,42101030501,"Census Tract 305.01, Philadelphia County, Pennsylvania",4447,798,944,310,2484,530,0,109,573,625,0,109,368,197,78,81,0,109,78,81
1400000US42101030502,42101030502,"Census Tract 305.02, Philadelphia County, Pennsylvania",6951,724,2173,585,3702,631,0,109,459,185,0,109,431,157,186,172,20,33,166,168
1400000US42101030600,42101030600,"Census Tract 306, Philadelphia County, Pennsylvania",6475,757,3698,599,1159,583,36,57,585,315,0,109,942,362,55,90,0,109,55,90
1400000US42101030700,42101030700,"Census Tract 307, Philadelphia County, Pennsylvania",3375,327,2289,308,632,178,80,108,58,80,0,109,249,158,67,70,0,109,67,70
1400000US42101030800,42101030800,"Census Tract 308, Philadelphia County, Pennsylvania",4943,317,3121,346,955,431,0,109,554,108,0,109,90,122,223,165,12,19,211,167
1400000US42101030900,42101030900,"Census Tract 309, Philadelphia County, Pennsylvania",3761,460,1704,299,1017,393,25,44,340,222,0,109,426,310,249,220,80,77,169,193
1400000US42101031000,42101031000,"Census Tract 310, Philadelphia County, Pennsylvania",6639,666,3269,397,1280,427,110,141,1280,553,0,109,507,354,193,206,57,105,136,180
1400000US42101031101,42101031101,"Census Tract 311.01, Philadelphia County, Pennsylvania",4500,507,1574,399,1575,377,0,109,740,327,0,109,432,275,179,197,79,191,100,73
1400000US42101031102,42101031102,"Census Tract 311.02, Philadelphia County, Pennsylvania",4594,639,1698,635,2109,601,0,109,303,283,0,109,472,420,12,20,0,109,12,20
1400000US42101031200,42101031200,"Census Tract 312, Philadelphia County, Pennsylvania",4729,618,1818,532,1247,416,11,19,514,316,0,109,1116,691,23,26,0,109,23,26
1400000US42101031300,42101031300,"Census Tract 313, Philadelphia County, Pennsylvania",8177,1227,3621,788,1867,675,0,109,2052,885,0,109,573,453,64,66,0,109,64,66
1400000US42101031401,42101031401,"Census Tract 314.01, Philadelphia County, Pennsylvania",6694,578,2589,400,1963,504,62,126,1328,431,0,109,421,266,331,279,124,183,207,178
1400000US42101031402,42101031402,"Census Tract 314.02, Philadelphia County, Pennsylvania",5413,583,2829,438,1004,359,0,109,1348,430,0,109,75,74,157,130,15,27,142,122
1400000US42101031501,42101031501,"Census Tract 315.01, Philadelphia County, Pennsylvania",6074,421,5542,481,74,86,0,109,142,102,0,109,159,264,157,198,0,109,157,198
1400000US42101031502,42101031502,"Census Tract 315.02, Philadelphia County, Pennsylvania",4082,390,3523,471,245,191,0,109,64,75,0,109,215,244,35,56,0,109,35,56
1400000US42101031600,42101031600,"Census Tract 316, Philadelphia County, Pennsylvania",6064,616,5287,619,231,218,0,109,347,282,0,109,199,179,0,109,0,109,0,109
1400000US42101031700,42101031700,"Census Tract 317, Philadelphia County, Pennsylvania",5994,602,3794,603,1581,503,57,92,320,252,0,109,242,353,0,109,0,109,0,109
1400000US42101031800,42101031800,"Census Tract 318, Philadelphia County, Pennsylvania",3766,430,1804,297,1366,296,0,109,192,164,0,109,249,219,155,123,10,15,145,120
1400000US42101031900,42101031900,"Census Tract 319, Philadelphia County, Pennsylvania",4985,549,2733,528,1277,475,0,109,46,72,25,41,657,284,247,146,158,123,89,85
1400000US42101032000,42101032000,"Census Tract 320, Philadelphia County, Pennsylvania",7251,918,4644,879,1023,415,61,107,302,289,0,109,1011,501,210,167,18,31,192,165
1400000US42101032100,42101032100,"Census Tract 321, Philadelphia County, Pennsylvania",4237,637,3166,540,750,510,24,77,69,80,0,109,217,180,11,18,11,18,0,109
1400000US42101032300,42101032300,"Census Tract 323, Philadelphia County, Pennsylvania",3060,438,1922,348,650,320,35,57,119,132,0,109,279,222,55,48,11,18,44,44
1400000US42101032500,42101032500,"Census Tract 325, Philadelphia County, Pennsylvania",5089,500,3955,423,383,244,0,109,157,109,0,109,459,311,135,113,0,109,135,113
1400000US42101032600,42101032600,"Census Tract 326, Philadelphia County, Pennsylvania",7103,766,5383,832,1141,630,20,31,182,163,0,109,199,206,178,269,126,255,52,82
1400000US42101032900,42101032900,"Census Tract 329, Philadelphia County, Pennsylvania",4030,375,2203,316,869,281,0,109,516,342,0,109,302,247,140,83,91,68,49,52
1400000US42101033000,42101033000,"Census Tract 330, Philadelphia County, Pennsylvania",7666,796,5792,476,1221,726,0,109,0,109,0,109,374,262,279,221,0,109,279,221
1400000US42101033101,42101033101,"Census Tract 331.01, Philadelphia County, Pennsylvania",4679,473,4058,487,414,309,0,109,0,109,23,37,138,210,46,67,0,109,46,67
1400000US42101033102,42101033102,"Census Tract 331.02, Philadelphia County, Pennsylvania",4681,819,3977,848,361,242,0,109,123,187,0,109,108,104,112,155,0,109,112,155
1400000US42101033200,42101033200,"Census Tract 332, Philadelphia County, Pennsylvania",2899,299,2711,307,0,109,0,109,135,117,0,109,53,67,0,109,0,109,0,109
1400000US42101033300,42101033300,"Census Tract 333, Philadelphia County, Pennsylvania",4035,546,3417,519,343,166,0,109,163,98,0,109,47,54,65,77,0,109,65,77
1400000US42101033400,42101033400,"Census Tract 334, Philadelphia County, Pennsylvania",4336,406,2844,432,492,334,73,106,722,216,15,26,179,156,11,17,0,109,11,17
1400000US42101033500,42101033500,"Census Tract 335, Philadelphia County, Pennsylvania",3558,335,2656,405,433,296,0,109,287,139,8,13,120,117,54,41,0,109,54,41
1400000US42101033600,42101033600,"Census Tract 336, Philadelphia County, Pennsylvania",6792,635,5534,609,529,425,4,19,235,201,0,109,305,233,185,193,18,27,167,193
1400000US42101033701,42101033701,"Census Tract 337.01, Philadelphia County, Pennsylvania",5163,738,4272,720,73,72,11,19,412,291,0,109,279,282,116,191,116,191,0,109
1400000US42101033702,42101033702,"Census Tract 337.02, Philadelphia County, Pennsylvania",5582,380,4062,487,168,154,0,109,1056,442,0,109,145,155,151,199,1,9,150,198
1400000US42101033800,42101033800,"Census Tract 338, Philadelphia County, Pennsylvania",5806,475,4802,370,366,142,0,109,176,184,0,109,336,176,126,120,49,48,77,109
1400000US42101033900,42101033900,"Census Tract 339, Philadelphia County, Pennsylvania",2831,234,2204,253,266,181,0,109,187,140,0,109,110,104,64,53,21,36,43,37
1400000US42101034000,42101034000,"Census Tract 340, Philadelphia County, Pennsylvania",2918,213,2270,276,150,123,18,25,472,321,0,109,0,109,8,15,0,109,8,15
1400000US42101034100,42101034100,"Census Tract 341, Philadelphia County, Pennsylvania",6060,558,5647,586,186,103,0,109,97,100,15,24,46,74,69,72,0,109,69,72
1400000US42101034200,42101034200,"Census Tract 342, Philadelphia County, Pennsylvania",3158,305,2669,332,333,218,0,109,123,183,0,109,0,109,33,38,24,37,9,14
1400000US42101034400,42101034400,"Census Tract 344, Philadelphia County, Pennsylvania",8218,700,6847,652,45,36,9,18,1101,407,0,109,67,96,149,132,41,49,108,114
1400000US42101034501,42101034501,"Census Tract 345.01, Philadelphia County, Pennsylvania",3211,298,1933,279,318,305,19,32,557,190,0,109,317,273,67,65,21,33,46,54
1400000US42101034502,42101034502,"Census Tract 345.02, Philadelphia County, Pennsylvania",5111,599,3244,649,841,384,0,109,653,435,0,109,333,434,40,46,0,109,40,46
1400000US42101034600,42101034600,"Census Tract 346, Philadelphia County, Pennsylvania",2117,301,1314,294,419,201,61,101,190,154,0,109,94,95,39,39,0,109,39,39
1400000US42101034701,42101034701,"Census Tract 347.01, Philadelphia County, Pennsylvania",6462,499,4228,643,651,449,36,48,1367,552,0,109,166,149,14,22,0,109,14,22
1400000US42101034702,42101034702,"Census Tract 347.02, Philadelphia County, Pennsylvania",4438,378,3820,398,167,126,0,109,309,258,0,109,93,101,49,60,32,53,17,26
1400000US42101034801,42101034801,"Census Tract 348.01, Philadelphia County, Pennsylvania",4139,509,3675,343,205,127,0,109,76,103,0,109,17,20,166,229,0,109,166,229
1400000US42101034802,42101034802,"Census Tract 348.02, Philadelphia County, Pennsylvania",5600,568,3918,537,1387,479,0,109,104,111,0,109,129,129,62,51,12,19,50,48
1400000US42101034803,42101034803,"Census Tract 348.03, Philadelphia County, Pennsylvania",4702,359,4170,411,322,243,0,109,85,71,0,109,56,94,69,65,0,109,69,65
1400000US42101034900,42101034900,"Census Tract 349, Philadelphia County, Pennsylvania",6207,719,4541,629,1103,451,27,44,365,291,0,109,111,180,60,71,0,109,60,71
1400000US42101035100,42101035100,"Census Tract 351, Philadelphia County, Pennsylvania",3514,316,3409,347,16,26,0,109,89,112,0,109,0,109,0,109,0,109,0,109
1400000US42101035200,42101035200,"Census Tract 352, Philadelphia County, Pennsylvania",4525,291,4126,353,99,115,0,109,287,197,0,109,0,109,13,22,0,109,13,22
1400000US42101035301,42101035301,"Census Tract 353.01, Philadelphia County, Pennsylvania",5735,362,5296,412,267,205,0,109,172,148,0,109,0,109,0,109,0,109,0,109
1400000US42101035302,42101035302,"Census Tract 353.02, Philadelphia County, Pennsylvania",4805,399,4021,332,346,297,0,109,117,89,0,109,216,235,105,139,0,109,105,139
1400000US42101035500,42101035500,"Census Tract 355, Philadelphia County, Pennsylvania",7495,562,6452,568,140,135,18,29,813,258,0,109,29,47,43,61,0,109,43,61
1400000US42101035601,42101035601,"Census Tract 356.01, Philadelphia County, Pennsylvania",5233,520,4330,369,327,434,0,109,446,169,0,109,87,83,43,47,27,41,16,24
1400000US42101035602,42101035602,"Census Tract 356.02, Philadelphia County, Pennsylvania",3971,307,2942,262,180,94,0,109,752,252,0,109,37,38,60,87,49,84,11,18
1400000US42101035701,42101035701,"Census Tract 357.01, Philadelphia County, Pennsylvania",4730,495,3214,516,172,113,9,13,1238,365,0,109,32,52,65,74,27,43,38,60
1400000US42101035702,42101035702,"Census Tract 357.02, Philadelphia County, Pennsylvania",3729,785,2820,452,91,146,0,109,777,668,0,109,0,109,41,47,0,109,41,47
1400000US42101035800,42101035800,"Census Tract 358, Philadelphia County, Pennsylvania",6155,320,5026,379,141,117,0,109,972,240,0,109,0,109,16,26,0,109,16,26
1400000US42101035900,42101035900,"Census Tract 359, Philadelphia County, Pennsylvania",5263,405,4360,429,206,155,0,109,570,243,0,109,27,45,100,81,0,109,100,81
1400000US42101036000,42101036000,"Census Tract 360, Philadelphia County, Pennsylvania",3288,1212,2524,1201,190,198,0,109,484,128,16,28,33,51,41,50,0,109,41,50
1400000US42101036100,42101036100,"Census Tract 361, Philadelphia County, Pennsylvania",4306,352,3133,410,822,452,0,109,48,53,0,109,140,149,163,173,0,109,163,173
1400000US42101036201,42101036201,"Census Tract 362.01, Philadelphia County, Pennsylvania",4752,323,4111,426,273,191,0,109,135,174,0,109,0,109,233,171,14,22,219,169
1400000US42101036202,42101036202,"Census Tract 362.02, Philadelphia County, Pennsylvania",6284,469,5310,416,419,296,0,109,205,140,0,109,279,377,71,94,0,109,71,94
1400000US42101036203,42101036203,"Census Tract 362.03, Philadelphia County, Pennsylvania",4470,476,4157,486,99,69,0,109,103,126,0,109,86,109,25,27,0,109,25,27
1400000US42101036301,42101036301,"Census Tract 363.01, Philadelphia County, Pennsylvania",3874,376,3329,388,81,64,0,109,244,177,0,109,124,109,96,94,60,90,36,44
1400000US42101036302,42101036302,"Census Tract 363.02, Philadelphia County, Pennsylvania",3307,325,2626,379,369,208,139,215,173,127,0,109,0,109,0,109,0,109,0,109
1400000US42101036303,42101036303,"Census Tract 363.03, Philadelphia County, Pennsylvania",6617,401,6423,429,35,56,0,109,142,153,0,109,17,26,0,109,0,109,0,109
1400000US42101036400,42101036400,"Census Tract 364, Philadelphia County, Pennsylvania",407,274,282,167,125,118,0,109,0,109,0,109,0,109,0,109,0,109,0,109
1400000US42101036501,42101036501,"Census Tract 365.01, Philadelphia County, Pennsylvania",5602,408,4908,488,292,154,0,109,149,111,0,109,230,194,23,33,0,109,23,33
1400000US42101036502,42101036502,"Census Tract 365.02, Philadelphia County, Pennsylvania",3806,389,3630,442,57,88,0,109,107,138,0,109,0,109,12,19,0,109,12,19
1400000US42101036600,42101036600,"Census Tract 366, Philadelphia County, Pennsylvania",1327,184,1040,194,153,115,0,109,123,132,0,109,0,109,11,17,0,109,11,17
1400000US42101036700,42101036700,"Census Tract 367, Philadelphia County, Pennsylvania",2244,239,1589,249,448,105,0,109,71,54,0,109,103,124,33,38,0,109,33,38
1400000US42101036900,42101036900,"Census Tract 369, Philadelphia County, Pennsylvania",5724,953,2871,536,851,254,0,109,1620,497,48,60,186,92,148,76,72,55,76,48
1400000US42101037200,42101037200,"Census Tract 372, Philadelphia County, Pennsylvania",4140,278,3380,320,212,152,10,16,528,129,0,109,10,16,0,109,0,109,0,109
1400000US42101037300,42101037300,"Census Tract 373, Philadelphia County, Pennsylvania",4680,596,3713,482,721,313,0,109,246,222,0,109,0,109,0,109,0,109,0,109
1400000US42101037500,42101037500,"Census Tract 375, Philadelphia County, Pennsylvania",4379,526,2473,427,1696,316,0,109,70,65,46,73,40,39,54,63,7,11,47,53
1400000US42101037600,42101037600,"Census Tract 376, Philadelphia County, Pennsylvania",2025,406,754,251,689,264,0,109,431,200,0,109,133,131,18,21,0,109,18,21
1400000US42101037700,42101037700,"Census Tract 377, Philadelphia County, Pennsylvania",5607,1116,2183,515,2892,751,17,28,160,106,0,109,286,135,69,55,12,20,57,51
1400000US42101037800,42101037800,"Census Tract 378, Philadelphia County, Pennsylvania",2086,437,1722,409,178,152,9,15,64,108,0,109,20,29,93,153,93,153,0,109
1400000US42101037900,42101037900,"Census Tract 379, Philadelphia County, Pennsylvania",4493,408,4181,365,10,15,0,109,70,70,0,109,197,221,35,54,0,109,35,54
1400000US42101038000,42101038000,"Census Tract 380, Philadelphia County, Pennsylvania",2415,398,2022,443,187,138,0,109,24,36,0,109,171,170,11,18,11,18,0,109
1400000US42101038100,42101038100,"Census Tract 381, Philadelphia County, Pennsylvania",521,155,231,103,233,127,0,109,12,22,0,109,0,109,45,70,0,109,45,70
1400000US42101038200,42101038200,"Census Tract 382, Philadelphia County, Pennsylvania",2725,379,1467,343,609,324,0,109,101,139,0,109,488,311,60,63,0,109,60,63
1400000US42101038300,42101038300,"Census Tract 383, Philadelphia County, Pennsylvania",3131,444,363,218,532,180,181,179,0,109,0,109,1919,504,136,129,60,60,76,115
1400000US42101038400,42101038400,"Census Tract 384, Philadelphia County, Pennsylvania",2429,182,2259,220,38,43,0,109,119,99,0,109,13,20,0,109,0,109,0,109
1400000US42101038500,42101038500,"Census Tract 385, Philadelphia County, Pennsylvania",1772,355,1578,306,105,102,0,109,89,68,0,109,0,109,0,109,0,109,0,109
1400000US42101038600,42101038600,"Census Tract 386, Philadelphia County, Pennsylvania",1354,178,1193,218,159,116,0,109,2,13,0,109,0,109,0,109,0,109,0,109
1400000US42101038700,42101038700,"Census Tract 387, Philadelphia County, Pennsylvania",2297,371,2040,299,186,95,0,109,34,34,0,109,0,109,37,44,0,109,37,44
1400000US42101038800,42101038800,"Census Tract 388, Philadelphia County, Pennsylvania",3528,267,2206,242,1025,240,37,59,105,119,0,109,113,139,42,39,0,109,42,39
1400000US42101038900,42101038900,"Census Tract 389, Philadelphia County, Pennsylvania",3097,507,75,56,2965,489,0,109,21,27,0,109,13,22,23,36,0,109,23,36
1400000US42101039000,42101039000,"Census Tract 390, Philadelphia County, Pennsylvania",8240,826,2579,725,4666,751,0,109,126,161,0,109,592,381,277,280,29,34,248,278
1400000US42101980000,42101980000,"Census Tract 9800, Philadelphia County, Pennsylvania",677,246,268,125,118,82,0,109,291,269,0,109,0,109,0,109,0,109,0,109
1400000US42101980100,42101980100,"Census Tract 9801, Philadelphia County, Pennsylvania",67,52,67,52,0,109,0,109,0,109,0,109,0,109,0,109,0,109,0,109
1400000US42101980200,42101980200,"Census Tract 9802, Philadelphia County, Pennsylvania",384,122,384,122,0,109,0,109,0,109,0,109,0,109,0,109,0,109,0,109
1400000US42101980300,42101980300,"Census Tract 9803, Philadelphia County, Pennsylvania",0,109,0,109,0,109,0,109,0,109,0,109,0,109,0,109,0,109,0,109
1400000US42101980400,42101980400,"Census Tract 9804, Philadelphia County, Pennsylvania",0,109,0,109,0,109,0,109,0,109,0,109,0,109,0,109,0,109,0,109
1400000US42101980500,42101980500,"Census Tract 9805, Philadelphia County, Pennsylvania",0,109,0,109,0,109,0,109,0,109,0,109,0,109,0,109,0,109,0,109
1400000US42101980600,42101980600,"Census Tract 9806, Philadelphia County, Pennsylvania",92,61,50,34,42,48,0,109,0,109,0,109,0,109,0,109,0,109,0,109
1400000US42101980700,42101980700,"Census Tract 9807, Philadelphia County, Pennsylvania",0,109,0,109,0,109,0,109,0,109,0,109,0,109,0,109,0,109,0,109
1400000US42101980800,42101980800,"Census Tract 9808, Philadelphia County, Pennsylvania",0,109,0,109,0,109,0,109,0,109,0,109,0,109,0,109,0,109,0,109
1400000US42101980900,42101980900,"Census Tract 9809, Philadelphia County, Pennsylvania",0,109,0,109,0,109,0,109,0,109,0,109,0,109,0,109,0,109,0,109
1400000US42101989100,42101989100,"Census Tract 9891, Philadelphia County, Pennsylvania",7438,1307,1089,265,5500,1052,53,49,87,64,0,109,572,266,137,74,79,53,58,49
