GEO.id,GEO.id2,GEO.display-label,HD01_VD01,HD02_VD01,HD01_VD02,HD02_VD02,HD01_VD03,HD02_VD03,HD01_VD04,HD02_VD04,HD01_VD05,HD02_VD05,HD01_VD06,HD02_VD06,HD01_VD07,HD02_VD07,HD01_VD08,HD02_VD08,HD01_VD09,HD02_VD09,HD01_VD10,HD02_VD10
Id,Id2,Geography,Estimate; Total:,Margin of Error; Total:,Estimate; Total: - White alone,Margin of Error; Total: - White alone,Estimate; Total: - Black or African American alone,Margin of Error; Total: - Black or African American alone,Estimate; Total: - American Indian and Alaska Native alone,Margin of Error; Total: - American Indian and Alaska Native alone,Estimate; Total: - Asian alone,Margin of Error; Total: - Asian alone,Estimate; Total: - Native Hawaiian and Other Pacific Islander alone,Margin of Error; Total: - Native Hawaiian and Other Pacific Islander alone,Estimate; Total: - Some other race alone,Margin of Error; Total: - Some other race alone,Estimate; Total: - Two or more races:,Margin of Error; Total: - Two or more races:,Estimate; Total: - Two or more races: - Two races including Some other race,Margin of Error; Total: - Two or more races: - Two races including Some other race,"Estimate; Total: - Two or more races: - Two races excluding Some other race, and three or more races","Margin of Error; Total: - Two or more races: - Two races excluding Some other race, and three or more races"
1400000US42101000100,42101000100,"Census Tract 1, Philadelphia County, Pennsylvania",3183,381,2773,370,147,74,10,24,155,78,0,10,42,49,56,44,16,24,40,37
1400000US42101000200,42101000200,"Census Tract 2, Philadelphia County, Pennsylvania",2009,351,706,206,44,31,0,10,1231,374,0,10,19,30,9,14,9,14,0,10
1400000US42101000300,42101000300,"Census Tract 3, Philadelphia County, Pennsylvania",3509,423,2595,383,271,99,0,10,509,160,0,10,32,39,102,69,0,10,102,69
1400000US42101000401,42101000401,"Census Tract 4.01, Philadelphia County, Pennsylvania",2287,298,1319,226,261,162,13,17,564,182,0,10,0,10,130,172,0,10,130,172
1400000US42101000402,42101000402,"Census Tract 4.02, Philadelphia County, Pennsylvania",3021,241,2715,250,61,57,0,10,184,99,0,10,0,10,61,70,0,10,61,70
1400000US42101000500,42101000500,"Census Tract 5, Philadelphia County, Pennsylvania",2194,367,867,179,679,188,17,28,400,187,0,10,158,75,73,57,35,39,38,42
1400000US42101000600,42101000600,"Census Tract 6, Philadelphia County, Pennsylvania",1565,208,983,231,298,195,0,10,247,106,0,10,8,17,29,34,13,25,16,24
1400000US42101000700,42101000700,"Census Tract 7, Philadelphia County, Pennsylvania",2650,307,1975,297,254,215,0,10,371,230,0,10,14,22,36,44,0,10,36,44
1400000US42101000801,42101000801,"Census Tract 8.01, Philadelphia County, Pennsylvania",1713,281,1301,314,66,73,0,10,179,123,0,10,111,139,56,59,19,30,37,54
1400000US42101000803,42101000803,"Census Tract 8.03, Philadelphia County, Pennsylvania",3680,352,3307,380,17,25,62,91,294,149,0,10,0,10,0,10,0,10,0,10
1400000US42101000804,42101000804,"Census Tract 8.04, Philadelphia County, Pennsylvania",3224,411,2765,405,73,78,29,38,298,224,0,10,12,21,47,64,0,10,47,64
1400000US42101000901,42101000901,"Census Tract 9.01, Philadelphia County, Pennsylvania",1910,326,1447,230,211,207,0,10,247,121,0,10,5,17,0,10,0,10,0,10
1400000US42101000902,42101000902,"Census Tract 9.02, Philadelphia County, Pennsylvania",2367,330,1691,293,90,64,0,10,562,156,0,10,0,10,24,24,0,10,24,24
1400000US42101001001,42101001001,"Census Tract 10.01, Philadelphia County, Pennsylvania",2392,265,2142,245,49,44,0,10,111,84,0,10,0,10,90,117,0,10,90,117
1400000US42101001002,42101001002,"Census Tract 10.02, Philadelphia County, Pennsylvania",3311,319,3075,345,33,46,2,6,171,136,0,10,0,10,30,48,0,10,30,48
1400000US42101001101,42101001101,"Census Tract 11.01, Philadelphia County, Pennsylvania",3123,383,2735,401,180,92,0,10,155,89,0,10,25,33,28,31,0,10,28,31
1400000US42101001102,42101001102,"Census Tract 11.02, Philadelphia County, Pennsylvania",2483,240,2194,240,9,21,59,81,198,107,0,10,13,24,10,16,0,10,10,16
1400000US42101001201,42101001201,"Census Tract 12.01, Philadelphia County, Pennsylvania",3636,417,3121,406,57,64,36,57,215,129,0,10,49,72,158,126,0,10,158,126
1400000US42101001202,42101001202,"Census Tract 12.02, Philadelphia County, Pennsylvania",5050,630,4127,592,393,167,0,15,291,144,0,15,127,155,112,81,19,25,93,77
1400000US42101001300,42101001300,"Census Tract 13, Philadelphia County, Pennsylvania",5413,441,3203,470,1733,389,0,15,259,105,32,57,1,2,185,119,0,15,185,119
1400000US42101001400,42101001400,"Census Tract 14, Philadelphia County, Pennsylvania",4400,518,2762,422,842,306,0,10,325,224,8,14,42,48,421,284,0,10,421,284
1400000US42101001500,42101001500,"Census Tract 15, Philadelphia County, Pennsylvania",2741,367,2054,317,379,185,0,10,159,138,0,10,56,56,93,103,0,10,93,103
1400000US42101001600,42101001600,"Census Tract 16, Philadelphia County, Pennsylvania",2025,255,1829,246,101,97,0,10,0,10,0,10,0,10,95,93,0,10,95,93
1400000US42101001700,42101001700,"Census Tract 17, Philadelphia County, Pennsylvania",2949,293,2411,252,356,300,0,10,166,153,0,10,0,10,16,26,0,10,16,26
1400000US42101001800,42101001800,"Census Tract 18, Philadelphia County, Pennsylvania",2797,275,2010,294,399,130,0,10,294,151,0,10,0,10,94,68,0,10,94,68
1400000US42101001900,42101001900,"Census Tract 19, Philadelphia County, Pennsylvania",2752,372,1509,252,1092,286,10,17,67,53,0,10,22,26,52,49,0,10,52,49
1400000US42101002000,42101002000,"Census Tract 20, Philadelphia County, Pennsylvania",1778,355,91,53,1577,332,0,10,0,10,0,10,1,3,109,107,0,10,109,107
1400000US42101002100,42101002100,"Census Tract 21, Philadelphia County, Pennsylvania",1809,245,257,88,1450,236,0,10,36,44,0,10,5,8,61,51,0,10,61,51
1400000US42101002200,42101002200,"Census Tract 22, Philadelphia County, Pennsylvania",1992,255,396,141,1336,245,0,10,105,66,0,10,9,14,146,131,11,19,135,130
1400000US42101002300,42101002300,"Census Tract 23, Philadelphia County, Pennsylvania",2464,294,1876,332,85,136,0,10,410,172,0,10,12,18,81,84,6,9,75,84
1400000US42101002400,42101002400,"Census Tract 24, Philadelphia County, Pennsylvania",4197,541,3426,510,185,139,0,10,453,179,0,10,42,50,91,85,23,41,68,75
1400000US42101002500,42101002500,"Census Tract 25, Philadelphia County, Pennsylvania",3568,382,2065,264,1066,281,0,10,219,203,0,10,71,79,147,93,8,12,139,93
1400000US42101002701,42101002701,"Census Tract 27.01, Philadelphia County, Pennsylvania",3815,453,1463,314,943,307,7,13,1218,349,0,10,19,25,165,195,139,193,26,31
1400000US42101002702,42101002702,"Census Tract 27.02, Philadelphia County, Pennsylvania",3337,388,3143,369,27,27,0,10,160,148,0,10,7,11,0,10,0,10,0,10
1400000US42101002801,42101002801,"Census Tract 28.01, Philadelphia County, Pennsylvania",3937,578,1940,494,297,140,0,10,1662,484,0,10,38,58,0,10,0,10,0,10
1400000US42101002802,42101002802,"Census Tract 28.02, Philadelphia County, Pennsylvania",4760,572,3571,555,109,132,0,10,965,329,36,67,0,10,79,65,0,10,79,65
1400000US42101002900,42101002900,"Census Tract 29, Philadelphia County, Pennsylvania",4081,340,3363,519,77,82,0,10,445,389,0,10,120,128,76,68,0,10,76,68
1400000US42101003001,42101003001,"Census Tract 30.01, Philadelphia County, Pennsylvania",4153,486,965,353,725,293,34,38,2043,430,8,13,133,196,245,202,0,10,245,202
1400000US42101003002,42101003002,"Census Tract 30.02, Philadelphia County, Pennsylvania",3224,465,821,397,1974,454,35,37,365,375,0,10,14,19,15,23,0,10,15,23
1400000US42101003100,42101003100,"Census Tract 31, Philadelphia County, Pennsylvania",3627,563,213,155,3220,580,0,10,93,141,0,10,0,10,101,131,0,10,101,131
1400000US42101003200,42101003200,"Census Tract 32, Philadelphia County, Pennsylvania",4620,677,311,328,4241,633,53,75,0,10,0,10,15,24,0,10,0,10,0,10
1400000US42101003300,42101003300,"Census Tract 33, Philadelphia County, Pennsylvania",6209,894,1506,406,4001,934,2,4,421,309,0,15,20,28,259,210,0,15,259,210
1400000US42101003600,42101003600,"Census Tract 36, Philadelphia County, Pennsylvania",7738,753,1382,315,4575,756,11,17,1110,340,0,15,94,79,566,431,251,287,315,341
1400000US42101003701,42101003701,"Census Tract 37.01, Philadelphia County, Pennsylvania",6683,874,315,135,4977,1088,15,45,1066,528,0,15,123,142,187,196,123,182,64,76
1400000US42101003702,42101003702,"Census Tract 37.02, Philadelphia County, Pennsylvania",3248,335,1049,184,1583,324,0,10,476,146,0,10,0,10,140,99,0,10,140,99
1400000US42101003800,42101003800,"Census Tract 38, Philadelphia County, Pennsylvania",3668,346,3640,352,1,2,0,10,7,12,0,10,0,10,20,22,0,10,20,22
1400000US42101003901,42101003901,"Census Tract 39.01, Philadelphia County, Pennsylvania",6857,576,4327,521,791,422,16,25,1525,449,0,15,150,192,48,53,0,15,48,53
1400000US42101003902,42101003902,"Census Tract 39.02, Philadelphia County, Pennsylvania",6233,526,5713,453,70,83,0,15,109,94,0,15,27,43,314,265,38,50,276,256
1400000US42101004001,42101004001,"Census Tract 40.01, Philadelphia County, Pennsylvania",4029,386,3363,408,102,92,0,10,409,194,0,10,34,36,121,130,0,10,121,130
1400000US42101004002,42101004002,"Census Tract 40.02, Philadelphia County, Pennsylvania",4377,334,4116,377,0,10,33,57,210,230,0,10,0,10,18,30,18,30,0,10
1400000US42101004101,42101004101,"Census Tract 41.01, Philadelphia County, Pennsylvania",5670,720,2207,571,1252,340,112,130,1714,647,0,15,198,218,187,143,91,129,96,91
1400000US42101004102,42101004102,"Census Tract 41.02, Philadelphia County, Pennsylvania",8105,919,3735,848,929,383,0,15,2959,636,0,15,52,61,430,289,0,15,430,289
1400000US42101004201,42101004201,"Census Tract 42.01, Philadelphia County, Pennsylvania",5929,564,4512,521,548,211,0,15,663,301,0,15,0,15,206,240,0,15,206,240
1400000US42101004202,42101004202,"Census Tract 42.02, Philadelphia County, Pennsylvania",5106,470,4229,431,325,259,0,15,485,185,0,15,0,15,67,66,0,15,67,66
1400000US42101005000,42101005000,"Census Tract 50, Philadelphia County, Pennsylvania",0,10,0,10,0,10,0,10,0,10,0,10,0,10,0,10,0,10,0,10
1400000US42101005400,42101005400,"Census Tract 54, Philadelphia County, Pennsylvania",1089,128,296,123,627,134,0,10,125,75,0,10,10,15,31,26,0,10,31,26
1400000US42101005500,42101005500,"Census Tract 55, Philadelphia County, Pennsylvania",6508,771,763,269,4974,800,20,30,582,391,0,15,0,15,169,204,0,15,169,204
1400000US42101005600,42101005600,"Census Tract 56, Philadelphia County, Pennsylvania",1348,222,89,86,1161,253,0,10,64,89,0,10,1,3,33,59,0,10,33,59
1400000US42101006000,42101006000,"Census Tract 60, Philadelphia County, Pennsylvania",5820,563,1349,303,4149,537,15,23,245,180,0,15,16,25,46,69,25,62,21,34
1400000US42101006100,42101006100,"Census Tract 61, Philadelphia County, Pennsylvania",3609,388,482,207,2520,407,0,10,534,288,0,10,47,48,26,41,0,10,26,41
1400000US42101006200,42101006200,"Census Tract 62, Philadelphia County, Pennsylvania",4693,623,660,264,3694,602,27,34,291,200,0,10,0,10,21,25,13,21,8,13
1400000US42101006300,42101006300,"Census Tract 63, Philadelphia County, Pennsylvania",3823,635,398,159,2678,587,0,10,554,342,0,10,50,78,143,202,0,10,143,202
1400000US42101006400,42101006400,"Census Tract 64, Philadelphia County, Pennsylvania",4340,613,492,237,3227,527,17,30,512,188,0,10,0,10,92,70,14,22,78,69
1400000US42101006500,42101006500,"Census Tract 65, Philadelphia County, Pennsylvania",4735,487,106,103,4345,467,10,17,54,65,0,10,23,25,197,184,27,43,170,177
1400000US42101006600,42101006600,"Census Tract 66, Philadelphia County, Pennsylvania",3783,530,159,153,3118,525,0,10,441,159,0,10,25,40,40,39,0,10,40,39
1400000US42101006700,42101006700,"Census Tract 67, Philadelphia County, Pennsylvania",6702,661,1050,373,4533,562,0,15,595,338,29,70,347,383,148,167,0,15,148,167
1400000US42101006900,42101006900,"Census Tract 69, Philadelphia County, Pennsylvania",2760,410,149,146,2593,396,0,10,0,10,0,10,0,10,18,28,0,10,18,28
1400000US42101007000,42101007000,"Census Tract 70, Philadelphia County, Pennsylvania",4910,713,100,104,4599,709,0,10,50,79,0,10,0,10,161,203,8,13,153,203
1400000US42101007101,42101007101,"Census Tract 71.01, Philadelphia County, Pennsylvania",2953,510,121,97,2794,515,0,10,6,12,0,10,32,32,0,10,0,10,0,10
1400000US42101007102,42101007102,"Census Tract 71.02, Philadelphia County, Pennsylvania",4834,548,70,109,4717,567,0,10,47,76,0,10,0,10,0,10,0,10,0,10
1400000US42101007200,42101007200,"Census Tract 72, Philadelphia County, Pennsylvania",4472,600,113,83,4275,583,14,25,26,44,0,10,0,10,44,56,0,10,44,56
1400000US42101007300,42101007300,"Census Tract 73, Philadelphia County, Pennsylvania",3089,415,169,141,2916,399,0,10,0,10,0,10,0,10,4,12,0,10,4,12
1400000US42101007400,42101007400,"Census Tract 74, Philadelphia County, Pennsylvania",4173,619,396,177,3669,638,0,10,50,46,0,10,15,20,43,38,10,16,33,34
1400000US42101007700,42101007700,"Census Tract 77, Philadelphia County, Pennsylvania",2376,324,1025,234,709,281,4,10,520,200,14,26,8,10,96,62,10,16,86,60
1400000US42101007800,42101007800,"Census Tract 78, Philadelphia County, Pennsylvania",3936,460,2468,392,1076,298,0,10,130,79,0,10,19,27,243,121,52,55,191,113
1400000US42101007900,42101007900,"Census Tract 79, Philadelphia County, Pennsylvania",4737,456,2580,362,1737,393,0,10,315,224,0,10,51,61,54,64,7,14,47,65
1400000US42101008000,42101008000,"Census Tract 80, Philadelphia County, Pennsylvania",3519,529,397,170,3055,541,3,7,0,10,0,10,27,42,37,36,10,15,27,24
1400000US42101008101,42101008101,"Census Tract 81.01, Philadelphia County, Pennsylvania",2296,374,26,40,2254,372,0,10,0,10,0,10,0,10,16,27,0,10,16,27
1400000US42101008102,42101008102,"Census Tract 81.02, Philadelphia County, Pennsylvania",5124,603,10,10,4989,622,31,54,27,44,0,15,0,15,67,84,0,15,67,84
1400000US42101008200,42101008200,"Census Tract 82, Philadelphia County, Pennsylvania",8382,980,26,28,8176,980,0,15,0,15,0,15,48,79,132,165,0,15,132,165
1400000US42101008301,42101008301,"Census Tract 83.01, Philadelphia County, Pennsylvania",4362,493,149,125,4129,480,0,10,46,50,0,10,7,16,31,33,0,10,31,33
1400000US42101008302,42101008302,"Census Tract 83.02, Philadelphia County, Pennsylvania",4257,490,14,20,4145,490,0,10,77,86,0,10,0,10,21,34,0,10,21,34
1400000US42101008400,42101008400,"Census Tract 84, Philadelphia County, Pennsylvania",5157,586,89,90,4906,598,0,15,8,13,0,15,22,39,132,86,15,24,117,85
1400000US42101008500,42101008500,"Census Tract 85, Philadelphia County, Pennsylvania",6731,793,217,140,6486,839,15,26,0,15,0,15,0,15,13,25,0,15,13,25
1400000US42101008601,42101008601,"Census Tract 86.01, Philadelphia County, Pennsylvania",2930,552,1355,315,1334,523,37,43,91,101,0,10,59,67,54,51,0,10,54,51
1400000US42101008602,42101008602,"Census Tract 86.02, Philadelphia County, Pennsylvania",3171,588,506,223,2339,627,0,10,149,127,0,10,147,236,30,42,0,10,30,42
1400000US42101008701,42101008701,"Census Tract 87.01, Philadelphia County, Pennsylvania",5524,952,2978,587,584,324,14,22,1540,768,0,15,145,196,263,234,0,15,263,234
1400000US42101008702,42101008702,"Census Tract 87.02, Philadelphia County, Pennsylvania",3792,809,2045,624,886,457,0,10,672,169,0,10,104,95,85,65,9,14,76,65
1400000US42101008801,42101008801,"Census Tract 88.01, Philadelphia County, Pennsylvania",1357,339,857,309,113,109,35,41,227,115,0,10,0,10,125,82,15,29,110,77
1400000US42101008802,42101008802,"Census Tract 88.02, Philadelphia County, Pennsylvania",7397,1541,4955,1358,699,235,0,15,1524,375,0,15,120,91,99,71,7,13,92,70
1400000US42101009000,42101009000,"Census Tract 90, Philadelphia County, Pennsylvania",5022,663,3467,463,424,180,0,15,941,321,0,15,127,112,63,43,16,26,47,36
1400000US42101009100,42101009100,"Census Tract 91, Philadelphia County, Pennsylvania",2283,295,840,208,996,209,2,5,351,171,0,10,33,54,61,49,26,38,35,32
1400000US42101009200,42101009200,"Census Tract 92, Philadelphia County, Pennsylvania",3521,526,447,258,2777,460,0,10,234,98,0,10,0,10,63,61,0,10,63,61
1400000US42101009300,42101009300,"Census Tract 93, Philadelphia County, Pennsylvania",3717,497,85,79,3582,499,21,20,20,33,0,10,0,10,9,13,0,10,9,13
1400000US42101009400,42101009400,"Census Tract 94, Philadelphia County, Pennsylvania",4027,480,34,43,3878,479,0,10,21,33,0,10,0,10,94,84,31,49,63,66
1400000US42101009500,42101009500,"Census Tract 95, Philadelphia County, Pennsylvania",3503,534,19,30,3416,538,19,20,0,10,0,10,49,76,0,10,0,10,0,10
1400000US42101009600,42101009600,"Census Tract 96, Philadelphia County, Pennsylvania",4348,760,48,41,4095,747,99,141,49,78,0,10,39,61,18,19,0,10,18,19
1400000US42101009801,42101009801,"Census Tract 98.01, Philadelphia County, Pennsylvania",2232,286,411,182,1754,352,11,18,28,43,0,10,0,10,28,36,0,10,28,36
1400000US42101009802,42101009802,"Census Tract 98.02, Philadelphia County, Pennsylvania",5880,502,645,231,5001,529,0,15,120,91,0,15,37,62,77,95,0,15,77,95
1400000US42101010000,42101010000,"Census Tract 100, Philadelphia County, Pennsylvania",5040,572,658,232,4346,593,0,15,6,11,0,15,0,15,30,29,0,15,30,29
1400000US42101010100,42101010100,"Census Tract 101, Philadelphia County, Pennsylvania",5173,843,52,54,4935,849,0,15,0,15,0,15,100,102,86,96,0,15,86,96
1400000US42101010200,42101010200,"Census Tract 102, Philadelphia County, Pennsylvania",2942,495,11,18,2877,504,24,28,0,10,0,10,0,10,30,34,0,10,30,34
1400000US42101010300,42101010300,"Census Tract 103, Philadelphia County, Pennsylvania",2503,301,7,12,2496,301,0,10,0,10,0,10,0,10,0,10,0,10,0,10
1400000US42101010400,42101010400,"Census Tract 104, Philadelphia County, Pennsylvania",3158,496,67,79,3085,487,0,10,6,10,0,10,0,10,0,10,0,10,0,10
1400000US42101010500,42101010500,"Census Tract 105, Philadelphia County, Pennsylvania",3624,495,253,98,3282,528,0,10,0,10,0,10,3,6,86,75,53,65,33,38
1400000US42101010600,42101010600,"Census Tract 106, Philadelphia County, Pennsylvania",1411,301,34,42,1322,302,0,10,31,41,0,10,0,10,24,30,10,24,14,16
1400000US42101010700,42101010700,"Census Tract 107, Philadelphia County, Pennsylvania",4074,659,230,116,3653,625,0,10,15,20,0,10,26,64,150,181,0,10,150,181
1400000US42101010800,42101010800,"Census Tract 108, Philadelphia County, Pennsylvania",3448,593,157,77,3242,596,0,10,16,25,0,10,14,21,19,21,0,10,19,21
1400000US42101010900,42101010900,"Census Tract 109, Philadelphia County, Pennsylvania",2135,273,136,95,1947,278,0,10,28,35,0,10,0,10,24,23,0,10,24,23
1400000US42101011000,42101011000,"Census Tract 110, Philadelphia County, Pennsylvania",3458,432,69,72,3342,400,0,10,8,13,0,10,30,48,9,14,0,10,9,14
1400000US42101011100,42101011100,"Census Tract 111, Philadelphia County, Pennsylvania",3488,453,67,48,3328,438,0,10,41,59,0,10,0,10,52,78,52,78,0,10
1400000US42101011200,42101011200,"Census Tract 112, Philadelphia County, Pennsylvania",5447,872,40,35,5255,876,36,57,2,4,0,15,0,15,114,141,29,83,85,115
1400000US42101011300,42101011300,"Census Tract 113, Philadelphia County, Pennsylvania",2868,458,0,10,2868,458,0,10,0,10,0,10,0,10,0,10,0,10,0,10
1400000US42101011400,42101011400,"Census Tract 114, Philadelphia County, Pennsylvania",7588,650,63,55,7371,676,27,45,82,128,0,15,0,15,45,49,27,40,18,32
1400000US42101011500,42101011500,"Census Tract 115, Philadelphia County, Pennsylvania",4482,410,417,134,3914,398,0,10,81,99,0,10,0,10,70,54,0,10,70,54
1400000US42101011700,42101011700,"Census Tract 117, Philadelphia County, Pennsylvania",2327,523,1560,501,575,205,33,43,113,88,3,5,31,36,12,16,6,13,6,9
1400000US42101011800,42101011800,"Census Tract 118, Philadelphia County, Pennsylvania",5794,620,75,72,5098,582,0,15,238,236,0,15,76,117,307,280,14,23,293,278
1400000US42101011900,42101011900,"Census Tract 119, Philadelphia County, Pennsylvania",5328,767,105,69,4831,742,0,15,109,108,0,15,105,166,178,157,0,15,178,157
1400000US42101012000,42101012000,"Census Tract 120, Philadelphia County, Pennsylvania",1835,202,607,162,1052,206,11,18,31,26,0,10,61,56,73,46,10,17,63,44
1400000US42101012100,42101012100,"Census Tract 121, Philadelphia County, Pennsylvania",3017,340,609,197,2122,382,10,15,75,66,32,43,133,132,36,46,11,18,25,43
1400000US42101012201,42101012201,"Census Tract 122.01, Philadelphia County, Pennsylvania",2888,365,1257,269,924,215,0,10,454,247,0,10,30,49,223,161,0,10,223,161
1400000US42101012203,42101012203,"Census Tract 122.03, Philadelphia County, Pennsylvania",1275,213,588,208,409,148,19,29,191,101,0,10,27,37,41,40,0,10,41,40
1400000US42101012204,42101012204,"Census Tract 122.04, Philadelphia County, Pennsylvania",3258,361,1038,190,1890,357,17,27,261,177,0,10,0,10,52,53,0,10,52,53
1400000US42101012500,42101012500,"Census Tract 125, Philadelphia County, Pennsylvania",4200,449,2754,460,367,155,0,10,892,225,0,10,77,73,110,93,0,10,110,93
1400000US42101013100,42101013100,"Census Tract 131, Philadelphia County, Pennsylvania",1471,236,260,113,1088,256,0,10,61,46,0,10,11,18,51,50,0,10,51,50
1400000US42101013200,42101013200,"Census Tract 132, Philadelphia County, Pennsylvania",2674,489,224,128,2198,390,3,9,232,228,0,10,17,18,0,10,0,10,0,10
1400000US42101013300,42101013300,"Census Tract 133, Philadelphia County, Pennsylvania",2927,386,1463,247,1247,292,0,10,71,58,0,10,81,89,65,57,10,17,55,53
1400000US42101013401,42101013401,"Census Tract 134.01, Philadelphia County, Pennsylvania",2346,212,2143,238,71,64,37,64,90,98,0,10,5,9,0,10,0,10,0,10
1400000US42101013402,42101013402,"Census Tract 134.02, Philadelphia County, Pennsylvania",3010,312,2157,284,396,268,0,10,272,155,0,10,72,74,113,141,0,10,113,141
1400000US42101013500,42101013500,"Census Tract 135, Philadelphia County, Pennsylvania",3345,341,1593,266,1564,373,0,10,76,55,0,10,48,50,64,64,9,13,55,63
1400000US42101013601,42101013601,"Census Tract 136.01, Philadelphia County, Pennsylvania",2676,451,2054,245,285,213,0,10,288,230,0,10,0,10,49,49,0,10,49,49
1400000US42101013602,42101013602,"Census Tract 136.02, Philadelphia County, Pennsylvania",3661,405,3207,454,278,195,0,10,68,72,0,10,40,55,68,58,38,49,30,27
1400000US42101013700,42101013700,"Census Tract 137, Philadelphia County, Pennsylvania",4380,585,949,314,3373,559,0,10,0,10,0,10,0,10,58,54,0,10,58,54
1400000US42101013800,42101013800,"Census Tract 138, Philadelphia County, Pennsylvania",2026,363,224,196,1674,357,10,27,0,10,0,10,11,18,107,91,0,10,107,91
1400000US42101013900,42101013900,"Census Tract 139, Philadelphia County, Pennsylvania",3323,609,296,120,2885,554,18,29,3,19,0,10,60,59,61,70,0,10,61,70
1400000US42101014000,42101014000,"Census Tract 140, Philadelphia County, Pennsylvania",2460,445,843,403,1524,304,0,10,3,8,0,10,44,44,46,47,0,10,46,47
1400000US42101014100,42101014100,"Census Tract 141, Philadelphia County, Pennsylvania",1947,357,378,168,1417,322,0,10,49,59,0,10,13,27,90,73,0,10,90,73
1400000US42101014200,42101014200,"Census Tract 142, Philadelphia County, Pennsylvania",3243,270,2618,258,260,111,0,10,93,84,0,10,133,125,139,70,24,29,115,67
1400000US42101014300,42101014300,"Census Tract 143, Philadelphia County, Pennsylvania",1466,161,1303,147,58,53,0,10,26,23,0,10,37,29,42,44,0,10,42,44
1400000US42101014400,42101014400,"Census Tract 144, Philadelphia County, Pennsylvania",3151,453,1724,371,386,223,25,38,308,351,0,10,490,166,218,156,86,99,132,81
1400000US42101014500,42101014500,"Census Tract 145, Philadelphia County, Pennsylvania",1603,242,181,134,1203,234,9,15,6,11,0,10,203,164,1,5,0,10,1,5
1400000US42101014600,42101014600,"Census Tract 146, Philadelphia County, Pennsylvania",3289,541,976,410,2126,239,30,44,130,95,0,10,13,26,14,26,0,10,14,26
1400000US42101014700,42101014700,"Census Tract 147, Philadelphia County, Pennsylvania",3747,613,1578,466,2001,452,28,43,118,80,0,10,22,22,0,10,0,10,0,10
1400000US42101014800,42101014800,"Census Tract 148, Philadelphia County, Pennsylvania",730,208,87,132,613,182,0,10,12,19,0,10,14,26,4,7,0,10,4,7
1400000US42101014900,42101014900,"Census Tract 149, Philadelphia County, Pennsylvania",3207,510,137,85,2681,471,0,10,154,180,0,10,0,10,235,330,7,13,228,330
1400000US42101015101,42101015101,"Census Tract 151.01, Philadelphia County, Pennsylvania",2323,448,45,57,2231,473,0,10,0,10,0,10,17,28,30,53,0,10,30,53
1400000US42101015102,42101015102,"Census Tract 151.02, Philadelphia County, Pennsylvania",4375,569,25,34,4275,548,37,41,0,10,0,10,26,35,12,22,0,10,12,22
1400000US42101015200,42101015200,"Census Tract 152, Philadelphia County, Pennsylvania",6284,982,426,345,5628,964,0,15,0,15,0,15,183,200,47,66,0,15,47,66
1400000US42101015300,42101015300,"Census Tract 153, Philadelphia County, Pennsylvania",4200,682,2035,563,1997,353,0,10,45,47,0,10,3,7,120,114,16,27,104,113
1400000US42101015600,42101015600,"Census Tract 156, Philadelphia County, Pennsylvania",1844,311,790,215,225,134,0,10,0,10,0,10,701,271,128,125,24,32,104,121
1400000US42101015700,42101015700,"Census Tract 157, Philadelphia County, Pennsylvania",2800,433,1491,410,106,65,141,113,113,172,0,10,879,303,70,86,52,84,18,21
1400000US42101015800,42101015800,"Census Tract 158, Philadelphia County, Pennsylvania",5603,619,5324,612,97,127,0,15,106,107,0,15,29,48,47,45,0,15,47,45
1400000US42101016000,42101016000,"Census Tract 160, Philadelphia County, Pennsylvania",7125,743,6456,706,45,44,55,73,426,248,0,15,75,70,68,48,0,15,68,48
1400000US42101016100,42101016100,"Census Tract 161, Philadelphia County, Pennsylvania",5037,588,2215,315,667,281,29,48,861,247,29,47,1211,453,25,28,0,15,25,28
1400000US42101016200,42101016200,"Census Tract 162, Philadelphia County, Pennsylvania",1794,235,701,280,600,243,0,10,0,10,0,10,359,156,134,109,82,82,52,70
1400000US42101016300,42101016300,"Census Tract 163, Philadelphia County, Pennsylvania",3622,641,964,368,1229,495,0,10,340,233,0,10,1061,337,28,24,23,26,5,7
1400000US42101016400,42101016400,"Census Tract 164, Philadelphia County, Pennsylvania",4718,660,725,256,2129,502,12,18,59,133,0,10,1503,569,290,272,27,31,263,271
1400000US42101016500,42101016500,"Census Tract 165, Philadelphia County, Pennsylvania",1911,372,38,50,1616,342,0,10,0,10,0,10,141,151,116,89,38,60,78,76
1400000US42101016600,42101016600,"Census Tract 166, Philadelphia County, Pennsylvania",1459,302,122,98,1306,315,0,10,0,10,0,10,8,14,23,40,0,10,23,40
1400000US42101016701,42101016701,"Census Tract 167.01, Philadelphia County, Pennsylvania",2778,481,19,24,2750,485,9,14,0,10,0,10,0,10,0,10,0,10,0,10
1400000US42101016702,42101016702,"Census Tract 167.02, Philadelphia County, Pennsylvania",3046,674,401,288,2645,675,0,10,0,10,0,10,0,10,0,10,0,10,0,10
1400000US42101016800,42101016800,"Census Tract 168, Philadelphia County, Pennsylvania",4284,608,101,80,4069,592,0,10,0,10,0,10,0,10,114,114,0,10,114,114
1400000US42101016901,42101016901,"Census Tract 169.01, Philadelphia County, Pennsylvania",3789,729,92,89,3559,686,0,10,44,61,0,10,0,10,94,94,0,10,94,94
1400000US42101016902,42101016902,"Census Tract 169.02, Philadelphia County, Pennsylvania",5587,712,136,169,5055,712,0,15,0,15,0,15,2,6,394,371,0,15,394,371
1400000US42101017000,42101017000,"Census Tract 170, Philadelphia County, Pennsylvania",2926,409,745,267,1981,336,0,10,115,101,0,10,69,70,16,23,12,20,4,9
1400000US42101017100,42101017100,"Census Tract 171, Philadelphia County, Pennsylvania",3606,512,210,112,3303,519,30,24,0,10,0,10,31,47,32,49,32,49,0,10
1400000US42101017201,42101017201,"Census Tract 172.01, Philadelphia County, Pennsylvania",3549,605,0,10,3476,618,0,10,0,10,0,10,49,74,24,29,0,10,24,29
1400000US42101017202,42101017202,"Census Tract 172.02, Philadelphia County, Pennsylvania",3469,532,124,176,3331,517,0,10,0,10,0,10,0,10,14,22,0,10,14,22
1400000US42101017300,42101017300,"Census Tract 173, Philadelphia County, Pennsylvania",3469,547,41,30,3359,521,0,10,0,10,0,10,35,42,34,47,0,10,34,47
1400000US42101017400,42101017400,"Census Tract 174, Philadelphia County, Pennsylvania",2105,386,23,26,1923,352,24,39,0,10,0,10,101,137,34,46,34,46,0,10
1400000US42101017500,42101017500,"Census Tract 175, Philadelphia County, Pennsylvania",6763,869,1246,328,2704,598,0,15,0,15,0,15,2766,748,47,57,16,26,31,49
1400000US42101017601,42101017601,"Census Tract 176.01, Philadelphia County, Pennsylvania",5198,794,1581,386,985,493,7,11,0,15,0,15,2529,735,96,78,96,78,0,15
1400000US42101017602,42101017602,"Census Tract 176.02, Philadelphia County, Pennsylvania",3729,479,1034,353,711,211,3,8,8,13,0,10,1824,436,149,106,106,88,43,63
1400000US42101017701,42101017701,"Census Tract 177.01, Philadelphia County, Pennsylvania",3288,590,988,394,1181,369,0,10,50,48,0,10,883,384,186,142,99,116,87,81
1400000US42101017702,42101017702,"Census Tract 177.02, Philadelphia County, Pennsylvania",6310,1087,1752,561,1304,524,0,15,44,70,0,15,2424,718,786,529,191,116,595,512
1400000US42101017800,42101017800,"Census Tract 178, Philadelphia County, Pennsylvania",6531,805,2007,498,1851,624,0,15,374,315,0,15,1975,612,324,199,105,124,219,197
1400000US42101017900,42101017900,"Census Tract 179, Philadelphia County, Pennsylvania",6290,1115,3524,596,1415,669,0,15,67,117,0,15,937,545,347,208,143,147,204,152
1400000US42101018001,42101018001,"Census Tract 180.01, Philadelphia County, Pennsylvania",2161,304,2117,302,0,10,0,10,41,44,0,10,0,10,3,6,0,10,3,6
1400000US42101018002,42101018002,"Census Tract 180.02, Philadelphia County, Pennsylvania",4888,557,4474,517,0,10,0,10,21,33,0,10,29,38,364,354,300,361,64,97
1400000US42101018300,42101018300,"Census Tract 183, Philadelphia County, Pennsylvania",4074,284,4051,284,12,18,0,10,11,17,0,10,0,10,0,10,0,10,0,10
1400000US42101018400,42101018400,"Census Tract 184, Philadelphia County, Pennsylvania",2214,246,2079,228,1,3,0,10,26,51,0,10,27,37,81,83,0,10,81,83
1400000US42101018800,42101018800,"Census Tract 188, Philadelphia County, Pennsylvania",8285,975,3369,774,2694,785,0,15,78,82,0,15,1784,589,360,250,112,133,248,212
1400000US42101019000,42101019000,"Census Tract 190, Philadelphia County, Pennsylvania",7848,885,2635,870,1824,531,0,15,283,123,28,45,2765,956,313,354,40,47,273,356
1400000US42101019100,42101019100,"Census Tract 191, Philadelphia County, Pennsylvania",7574,659,3092,577,1097,429,4,8,851,280,52,86,2377,706,101,106,25,41,76,100
1400000US42101019200,42101019200,"Census Tract 192, Philadelphia County, Pennsylvania",9285,1257,2679,630,2827,722,225,288,0,15,0,15,3131,1047,423,284,265,254,158,134
1400000US42101019501,42101019501,"Census Tract 195.01, Philadelphia County, Pennsylvania",4305,677,913,324,541,293,134,152,0,10,0,10,2588,691,129,104,96,98,33,57
1400000US42101019502,42101019502,"Census Tract 195.02, Philadelphia County, Pennsylvania",3711,706,1663,682,540,287,0,10,0,10,0,10,1457,555,51,71,0,10,51,71
1400000US42101019700,42101019700,"Census Tract 197, Philadelphia County, Pennsylvania",6659,826,745,326,2596,574,0,15,136,158,0,15,2952,692,230,150,104,86,126,120
1400000US42101019800,42101019800,"Census Tract 198, Philadelphia County, Pennsylvania",5867,574,889,349,1392,415,67,74,119,99,103,165,2926,585,371,288,244,286,127,93
1400000US42101019900,42101019900,"Census Tract 199, Philadelphia County, Pennsylvania",4674,617,969,390,1559,432,7,15,7,13,0,10,2003,572,129,98,47,58,82,80
1400000US42101020000,42101020000,"Census Tract 200, Philadelphia County, Pennsylvania",1369,247,144,96,1095,266,0,10,90,76,0,10,27,28,13,15,6,10,7,11
1400000US42101020101,42101020101,"Census Tract 201.01, Philadelphia County, Pennsylvania",3953,602,41,41,3907,603,0,10,0,10,0,10,5,9,0,10,0,10,0,10
1400000US42101020102,42101020102,"Census Tract 201.02, Philadelphia County, Pennsylvania",3476,686,161,220,3159,558,0,10,0,10,0,10,0,10,156,269,0,10,156,269
1400000US42101020200,42101020200,"Census Tract 202, Philadelphia County, Pennsylvania",5132,782,219,128,4902,796,0,15,0,15,0,15,10,18,1,2,0,15,1,2
1400000US42101020300,42101020300,"Census Tract 203, Philadelphia County, Pennsylvania",2830,380,76,56,2652,386,0,10,1,4,0,10,59,79,42,43,0,10,42,43
1400000US42101020400,42101020400,"Census Tract 204, Philadelphia County, Pennsylvania",2867,519,26,32,2762,498,21,34,0,10,0,10,31,110,27,41,0,10,27,41
1400000US42101020500,42101020500,"Census Tract 205, Philadelphia County, Pennsylvania",3036,400,81,64,2866,395,30,35,41,61,0,10,5,11,13,21,0,10,13,21
1400000US42101020600,42101020600,"Census Tract 206, Philadelphia County, Pennsylvania",2068,253,1054,257,781,238,9,14,126,90,0,10,51,68,47,45,0,10,47,45
1400000US42101020700,42101020700,"Census Tract 207, Philadelphia County, Pennsylvania",5672,571,4761,606,659,176,0,15,193,142,7,14,52,56,0,15,0,15,0,15
1400000US42101020800,42101020800,"Census Tract 208, Philadelphia County, Pennsylvania",2303,264,1180,185,708,237,0,10,254,104,0,10,111,133,50,58,0,10,50,58
1400000US42101020900,42101020900,"Census Tract 209, Philadelphia County, Pennsylvania",2949,392,2641,413,171,135,0,10,66,81,0,10,0,10,71,58,0,10,71,58
1400000US42101021000,42101021000,"Census Tract 210, Philadelphia County, Pennsylvania",4944,599,4462,597,365,298,0,10,52,48,0,10,0,10,65,64,29,47,36,42
1400000US42101021100,42101021100,"Census Tract 211, Philadelphia County, Pennsylvania",2289,360,2101,355,92,93,0,10,60,55,0,10,0,10,36,58,0,10,36,58
1400000US42101021200,42101021200,"Census Tract 212, Philadelphia County, Pennsylvania",2141,280,1776,205,105,73,29,42,69,46,0,10,116,182,46,32,0,10,46,32
1400000US42101021300,42101021300,"Census Tract 213, Philadelphia County, Pennsylvania",3197,302,2909,251,192,175,0,10,62,77,0,10,10,17,24,26,0,10,24,26
1400000US42101021400,42101021400,"Census Tract 214, Philadelphia County, Pennsylvania",3229,389,2867,391,334,195,8,14,0,10,0,10,0,10,20,24,12,19,8,13
1400000US42101021500,42101021500,"Census Tract 215, Philadelphia County, Pennsylvania",3541,339,3081,365,122,90,15,22,228,149,0,10,28,37,67,52,0,10,67,52
1400000US42101021600,42101021600,"Census Tract 216, Philadelphia County, Pennsylvania",1850,178,1579,226,150,93,42,63,20,30,0,10,26,39,33,28,0,10,33,28
1400000US42101021700,42101021700,"Census Tract 217, Philadelphia County, Pennsylvania",6106,448,5226,476,520,321,0,15,173,159,0,15,23,37,164,123,23,37,141,117
1400000US42101021800,42101021800,"Census Tract 218, Philadelphia County, Pennsylvania",4194,549,3381,518,468,186,0,10,225,171,0,10,41,66,79,104,0,10,79,104
1400000US42101021900,42101021900,"Census Tract 219, Philadelphia County, Pennsylvania",1421,175,1257,199,119,94,9,15,28,36,0,10,0,10,8,14,0,10,8,14
1400000US42101022000,42101022000,"Census Tract 220, Philadelphia County, Pennsylvania",1785,197,1278,163,235,140,0,10,62,48,0,10,152,171,58,54,0,10,58,54
1400000US42101023100,42101023100,"Census Tract 231, Philadelphia County, Pennsylvania",1181,85,1077,98,4,11,14,21,64,78,0,10,0,10,22,36,0,10,22,36
1400000US42101023500,42101023500,"Census Tract 235, Philadelphia County, Pennsylvania",1223,123,647,122,454,117,0,10,68,66,0,10,1,3,53,55,0,10,53,55
1400000US42101023600,42101023600,"Census Tract 236, Philadelphia County, Pennsylvania",3099,347,1703,234,1245,385,8,14,34,29,0,10,68,59,41,47,0,10,41,47
1400000US42101023700,42101023700,"Census Tract 237, Philadelphia County, Pennsylvania",4868,442,1596,265,2684,465,0,10,155,100,0,10,95,90,338,206,0,10,338,206
1400000US42101023800,42101023800,"Census Tract 238, Philadelphia County, Pennsylvania",4647,581,1245,261,3131,594,13,22,58,90,0,10,20,32,180,130,21,33,159,123
1400000US42101023900,42101023900,"Census Tract 239, Philadelphia County, Pennsylvania",1472,191,349,99,1018,168,0,10,21,29,0,10,41,58,43,46,0,10,43,46
1400000US42101024000,42101024000,"Census Tract 240, Philadelphia County, Pennsylvania",3799,537,1418,392,2176,450,0,10,84,88,0,10,81,116,40,42,0,10,40,42
1400000US42101024100,42101024100,"Census Tract 241, Philadelphia County, Pennsylvania",1101,204,233,101,823,200,10,11,6,13,0,10,7,14,22,26,15,21,7,14
1400000US42101024200,42101024200,"Census Tract 242, Philadelphia County, Pennsylvania",4230,658,521,253,3525,620,0,10,0,10,0,10,34,58,150,154,0,10,150,154
1400000US42101024300,42101024300,"Census Tract 243, Philadelphia County, Pennsylvania",4611,895,501,247,4064,904,0,10,13,36,0,10,3,7,30,38,0,10,30,38
1400000US42101024400,42101024400,"Census Tract 244, Philadelphia County, Pennsylvania",3104,1222,135,83,2937,1226,0,10,0,10,0,10,9,21,23,32,0,10,23,32
1400000US42101024500,42101024500,"Census Tract 245, Philadelphia County, Pennsylvania",3578,482,222,128,3296,516,0,10,14,17,0,10,8,12,38,44,16,25,22,37
1400000US42101024600,42101024600,"Census Tract 246, Philadelphia County, Pennsylvania",2829,480,225,161,2529,465,12,14,6,15,0,10,32,43,25,30,0,10,25,30
1400000US42101024700,42101024700,"Census Tract 247, Philadelphia County, Pennsylvania",4589,665,364,148,4158,628,0,10,0,10,10,20,16,24,41,47,0,10,41,47
1400000US42101024800,42101024800,"Census Tract 248, Philadelphia County, Pennsylvania",2177,286,16,19,2110,293,35,66,0,10,0,10,0,10,16,25,0,10,16,25
1400000US42101024900,42101024900,"Census Tract 249, Philadelphia County, Pennsylvania",3860,631,18,24,3728,632,0,10,0,10,0,10,75,121,39,39,0,10,39,39
1400000US42101025200,42101025200,"Census Tract 252, Philadelphia County, Pennsylvania",7877,1033,494,196,7197,984,19,32,6,13,0,15,19,31,142,128,5,13,137,128
1400000US42101025300,42101025300,"Census Tract 253, Philadelphia County, Pennsylvania",4086,568,271,122,3663,582,0,10,0,10,0,10,0,10,152,207,0,10,152,207
1400000US42101025400,42101025400,"Census Tract 254, Philadelphia County, Pennsylvania",4449,396,386,229,3787,410,0,10,15,24,0,10,35,43,226,118,16,31,210,115
1400000US42101025500,42101025500,"Census Tract 255, Philadelphia County, Pennsylvania",2885,285,797,179,2020,316,0,10,0,10,0,10,0,10,68,66,0,10,68,66
1400000US42101025600,42101025600,"Census Tract 256, Philadelphia County, Pennsylvania",2816,200,1521,197,1056,251,0,10,54,43,0,10,61,75,124,102,14,21,110,99
1400000US42101025700,42101025700,"Census Tract 257, Philadelphia County, Pennsylvania",3147,305,2255,266,756,239,14,22,40,44,0,10,0,10,82,73,0,10,82,73
1400000US42101025800,42101025800,"Census Tract 258, Philadelphia County, Pennsylvania",1594,191,31,30,1563,190,0,10,0,10,0,10,0,10,0,10,0,10,0,10
1400000US42101025900,42101025900,"Census Tract 259, Philadelphia County, Pennsylvania",4439,566,88,69,4244,577,0,10,42,45,0,10,0,10,65,68,0,10,65,68
1400000US42101026000,42101026000,"Census Tract 260, Philadelphia County, Pennsylvania",2827,431,140,102,2668,403,0,10,0,10,0,10,10,17,9,14,0,10,9,14
1400000US42101026100,42101026100,"Census Tract 261, Philadelphia County, Pennsylvania",2793,336,41,54,2740,316,1,3,1,3,0,10,0,10,10,16,0,10,10,16
1400000US42101026200,42101026200,"Census Tract 262, Philadelphia County, Pennsylvania",4695,450,95,63,4510,472,0,10,0,10,0,10,11,18,79,61,3,8,76,58
1400000US42101026301,42101026301,"Census Tract 263.01, Philadelphia County, Pennsylvania",4071,416,66,44,3917,411,0,10,0,10,0,10,0,10,88,77,0,10,88,77
1400000US42101026302,42101026302,"Census Tract 263.02, Philadelphia County, Pennsylvania",5380,762,196,140,5072,728,0,15,51,59,0,15,0,15,61,64,0,15,61,64
1400000US42101026400,42101026400,"Census Tract 264, Philadelphia County, Pennsylvania",5350,667,149,126,5142,688,0,15,13,20,0,15,1,2,45,75,0,15,45,75
1400000US42101026500,42101026500,"Census Tract 265, Philadelphia County, Pennsylvania",4745,547,65,55,4617,555,0,10,0,10,0,10,0,10,63,59,0,10,63,59
1400000US42101026600,42101026600,"Census Tract 266, Philadelphia County, Pennsylvania",6573,813,40,52,6418,810,9,20,0,15,0,15,2,4,104,92,0,15,104,92
1400000US42101026700,42101026700,"Census Tract 267, Philadelphia County, Pennsylvania",6470,877,269,314,6009,668,0,15,0,15,0,15,0,15,192,303,0,15,192,303
1400000US42101026800,42101026800,"Census Tract 268, Philadelphia County, Pennsylvania",5140,662,209,101,4553,683,0,15,139,96,0,15,156,112,83,54,20,22,63,55
1400000US42101026900,42101026900,"Census Tract 269, Philadelphia County, Pennsylvania",2124,309,358,119,1407,265,0,10,48,36,0,10,129,105,182,178,19,32,163,177
1400000US42101027000,42101027000,"Census Tract 270, Philadelphia County, Pennsylvania",2254,409,518,194,1420,339,0,10,170,117,0,10,146,194,0,10,0,10,0,10
1400000US42101027100,42101027100,"Census Tract 271, Philadelphia County, Pennsylvania",3101,322,315,131,1985,279,0,10,548,178,0,10,191,213,62,94,0,10,62,94
1400000US42101027200,42101027200,"Census Tract 272, Philadelphia County, Pennsylvania",4476,389,393,130,3624,405,12,19,335,137,0,10,73,87,39,39,31,37,8,13
1400000US42101027300,42101027300,"Census Tract 273, Philadelphia County, Pennsylvania",7046,690,1097,390,3364,562,0,15,2184,441,0,15,277,208,124,116,32,48,92,98
1400000US42101027401,42101027401,"Census Tract 274.01, Philadelphia County, Pennsylvania",3173,364,470,274,1266,438,0,10,949,359,0,10,279,216,209,221,0,10,209,221
1400000US42101027402,42101027402,"Census Tract 274.02, Philadelphia County, Pennsylvania",7546,993,774,257,4207,866,0,15,1024,539,667,724,678,363,196,162,41,64,155,149
1400000US42101027500,42101027500,"Census Tract 275, Philadelphia County, Pennsylvania",4576,486,558,198,3012,425,7,12,580,308,0,10,324,271,95,148,0,10,95,148
1400000US42101027600,42101027600,"Census Tract 276, Philadelphia County, Pennsylvania",4069,434,92,69,3766,411,0,10,0,10,0,10,0,10,211,170,0,10,211,170
1400000US42101027700,42101027700,"Census Tract 277, Philadelphia County, Pennsylvania",4910,624,146,214,4539,550,0,10,156,93,0,10,0,10,69,69,0,10,69,69
1400000US42101027800,42101027800,"Census Tract 278, Philadelphia County, Pennsylvania",4726,626,223,163,4467,649,36,60,0,10,0,10,0,10,0,10,0,10,0,10
1400000US42101027901,42101027901,"Census Tract 279.01, Philadelphia County, Pennsylvania",4892,1204,34,40,3663,551,17,22,149,147,0,10,991,1377,38,42,0,10,38,42
1400000US42101027902,42101027902,"Census Tract 279.02, Philadelphia County, Pennsylvania",4574,613,2054,589,1866,355,0,10,157,88,14,27,322,300,161,192,0,10,161,192
1400000US42101028000,42101028000,"Census Tract 280, Philadelphia County, Pennsylvania",4378,507,75,62,4269,495,10,16,0,10,0,10,0,10,24,37,0,10,24,37
1400000US42101028100,42101028100,"Census Tract 281, Philadelphia County, Pennsylvania",3361,386,163,93,3134,385,0,10,44,46,0,10,10,17,10,15,0,10,10,15
1400000US42101028200,42101028200,"Census Tract 282, Philadelphia County, Pennsylvania",5399,641,379,249,4386,595,19,23,395,181,0,15,62,74,158,145,0,15,158,145
1400000US42101028300,42101028300,"Census Tract 283, Philadelphia County, Pennsylvania",6228,720,180,221,5402,707,0,15,302,267,0,15,0,15,344,290,178,227,166,146
1400000US42101028400,42101028400,"Census Tract 284, Philadelphia County, Pennsylvania",4446,719,469,406,3078,547,0,10,116,121,0,10,707,386,76,64,0,10,76,64
1400000US42101028500,42101028500,"Census Tract 285, Philadelphia County, Pennsylvania",2326,360,357,262,994,319,155,195,441,286,0,10,375,217,4,6,0,10,4,6
1400000US42101028600,42101028600,"Census Tract 286, Philadelphia County, Pennsylvania",7741,856,908,373,4574,932,69,110,524,370,0,15,1201,674,465,429,311,364,154,204
1400000US42101028700,42101028700,"Census Tract 287, Philadelphia County, Pennsylvania",2475,331,369,188,628,161,27,25,0,10,0,10,1309,388,142,99,101,85,41,39
1400000US42101028800,42101028800,"Census Tract 288, Philadelphia County, Pennsylvania",4783,652,1307,424,822,255,0,10,367,96,0,10,2100,692,187,151,100,110,87,96
1400000US42101028901,42101028901,"Census Tract 289.01, Philadelphia County, Pennsylvania",4254,488,724,328,1098,371,26,41,377,202,0,10,1982,469,47,75,47,75,0,10
1400000US42101028902,42101028902,"Census Tract 289.02, Philadelphia County, Pennsylvania",7192,855,1500,591,2251,647,54,85,463,150,141,158,2674,832,109,101,40,64,69,76
1400000US42101029000,42101029000,"Census Tract 290, Philadelphia County, Pennsylvania",6439,653,799,306,2696,345,46,63,1549,416,0,15,1178,519,171,118,0,15,171,118
1400000US42101029100,42101029100,"Census Tract 291, Philadelphia County, Pennsylvania",3905,417,795,392,1776,371,0,10,848,208,0,10,327,197,159,98,100,87,59,55
1400000US42101029200,42101029200,"Census Tract 292, Philadelphia County, Pennsylvania",3234,394,997,256,1397,307,6,11,245,101,0,10,396,272,193,116,82,69,111,80
1400000US42101029300,42101029300,"Census Tract 293, Philadelphia County, Pennsylvania",2834,520,1103,424,837,276,0,10,55,79,0,10,777,322,62,60,0,10,62,60
1400000US42101029400,42101029400,"Census Tract 294, Philadelphia County, Pennsylvania",3600,435,1114,327,1699,434,5,9,9,20,0,10,756,222,17,25,0,10,17,25
1400000US42101029800,42101029800,"Census Tract 298, Philadelphia County, Pennsylvania",4804,464,2401,333,1484,346,0,10,32,52,0,10,792,389,95,78,34,44,61,62
1400000US42101029900,42101029900,"Census Tract 299, Philadelphia County, Pennsylvania",4247,552,1601,454,1828,423,75,77,104,104,0,10,461,252,178,134,108,115,70,68
1400000US42101030000,42101030000,"Census Tract 300, Philadelphia County, Pennsylvania",7758,742,1530,369,4981,751,138,158,161,158,0,15,470,190,478,294,161,136,317,248
1400000US42101030100,42101030100,"Census Tract 301, Philadelphia County, Pennsylvania",5490,697,1995,503,2569,562,0,15,0,15,0,15,573,443,353,258,186,173,167,151
1400000US42101030200,42101030200,"Census Tract 302, Philadelphia County, Pennsylvania",6806,820,2125,505,2959,578,0,15,186,205,0,15,1038,420,498,266,157,147,341,217
1400000US42101030501,42101030501,"Census Tract 305.01, Philadelphia County, Pennsylvania",5041,716,718,244,3514,826,5,9,0,15,0,15,745,479,59,70,0,15,59,70
1400000US42101030502,42101030502,"Census Tract 305.02, Philadelphia County, Pennsylvania",6174,659,1765,446,2779,681,75,125,606,249,0,15,697,375,252,234,0,15,252,234
1400000US42101030600,42101030600,"Census Tract 306, Philadelphia County, Pennsylvania",7403,791,3757,576,1805,472,28,45,484,223,0,15,1192,431,137,153,0,15,137,153
1400000US42101030700,42101030700,"Census Tract 307, Philadelphia County, Pennsylvania",3949,558,2321,332,1103,505,101,146,72,75,0,10,205,128,147,110,9,15,138,110
1400000US42101030800,42101030800,"Census Tract 308, Philadelphia County, Pennsylvania",4913,351,3122,328,854,343,0,10,555,169,0,10,27,34,355,216,18,26,337,215
1400000US42101030900,42101030900,"Census Tract 309, Philadelphia County, Pennsylvania",4656,516,1626,448,1604,427,58,73,512,310,0,10,777,346,79,81,53,67,26,32
1400000US42101031000,42101031000,"Census Tract 310, Philadelphia County, Pennsylvania",7951,653,3235,624,2141,449,86,114,1246,386,0,15,1013,627,230,192,114,134,116,135
1400000US42101031101,42101031101,"Census Tract 311.01, Philadelphia County, Pennsylvania",4788,564,1595,377,1886,433,0,10,813,365,0,10,396,248,98,90,0,10,98,90
1400000US42101031102,42101031102,"Census Tract 311.02, Philadelphia County, Pennsylvania",4265,533,1393,529,1848,552,0,10,338,129,0,10,645,396,41,50,0,10,41,50
1400000US42101031200,42101031200,"Census Tract 312, Philadelphia County, Pennsylvania",4716,619,1475,418,2110,531,0,10,419,244,0,10,691,339,21,26,0,10,21,26
1400000US42101031300,42101031300,"Census Tract 313, Philadelphia County, Pennsylvania",6337,828,3117,673,1592,532,0,15,1189,316,0,15,256,175,183,142,0,15,183,142
1400000US42101031401,42101031401,"Census Tract 314.01, Philadelphia County, Pennsylvania",6783,919,2111,531,1527,530,160,229,1675,629,0,15,525,405,785,580,171,277,614,463
1400000US42101031402,42101031402,"Census Tract 314.02, Philadelphia County, Pennsylvania",5796,554,3359,719,888,465,0,15,1396,337,0,15,44,56,109,111,14,21,95,110
1400000US42101031501,42101031501,"Census Tract 315.01, Philadelphia County, Pennsylvania",5872,486,4498,562,138,121,0,15,501,322,0,15,640,225,95,113,0,15,95,113
1400000US42101031502,42101031502,"Census Tract 315.02, Philadelphia County, Pennsylvania",3700,380,3042,397,362,235,12,22,213,121,0,10,41,63,30,44,0,10,30,44
1400000US42101031600,42101031600,"Census Tract 316, Philadelphia County, Pennsylvania",5944,524,4531,559,643,370,0,15,355,356,0,15,363,239,52,58,37,52,15,28
1400000US42101031700,42101031700,"Census Tract 317, Philadelphia County, Pennsylvania",5885,528,3462,344,1052,342,32,61,1105,467,0,15,104,140,130,158,120,151,10,24
1400000US42101031800,42101031800,"Census Tract 318, Philadelphia County, Pennsylvania",3634,338,1643,246,1205,304,29,46,444,193,0,10,239,226,74,59,8,13,66,56
1400000US42101031900,42101031900,"Census Tract 319, Philadelphia County, Pennsylvania",4670,480,2580,383,983,366,0,10,81,78,42,66,748,282,236,176,126,112,110,108
1400000US42101032000,42101032000,"Census Tract 320, Philadelphia County, Pennsylvania",7501,720,5010,667,1228,368,101,182,267,196,0,15,609,263,286,245,22,34,264,243
1400000US42101032100,42101032100,"Census Tract 321, Philadelphia County, Pennsylvania",4637,662,3016,521,1084,503,67,102,55,61,0,10,244,282,171,246,14,21,157,245
1400000US42101032300,42101032300,"Census Tract 323, Philadelphia County, Pennsylvania",3129,399,2058,338,660,272,33,56,73,115,0,10,220,145,85,94,0,10,85,94
1400000US42101032500,42101032500,"Census Tract 325, Philadelphia County, Pennsylvania",6020,622,4277,439,822,478,0,15,132,104,0,15,654,350,135,96,0,15,135,96
1400000US42101032600,42101032600,"Census Tract 326, Philadelphia County, Pennsylvania",6741,771,4879,696,1332,397,15,26,109,93,0,15,274,367,132,146,89,127,43,66
1400000US42101032900,42101032900,"Census Tract 329, Philadelphia County, Pennsylvania",4209,499,2373,419,1006,297,0,10,326,294,0,10,239,221,265,176,99,65,166,170
1400000US42101033000,42101033000,"Census Tract 330, Philadelphia County, Pennsylvania",8327,1055,6587,897,1217,789,0,15,0,15,0,15,215,200,308,236,18,28,290,235
1400000US42101033101,42101033101,"Census Tract 331.01, Philadelphia County, Pennsylvania",5158,396,4782,389,200,184,0,15,0,15,0,15,110,160,66,86,0,15,66,86
1400000US42101033102,42101033102,"Census Tract 331.02, Philadelphia County, Pennsylvania",3978,328,3504,379,328,247,0,10,101,136,0,10,17,27,28,45,28,45,0,10
1400000US42101033200,42101033200,"Census Tract 332, Philadelphia County, Pennsylvania",2728,268,2434,310,0,10,0,10,262,143,0,10,32,48,0,10,0,10,0,10
1400000US42101033300,42101033300,"Census Tract 333, Philadelphia County, Pennsylvania",4315,419,3395,462,471,165,0,10,252,131,0,10,148,126,49,56,0,10,49,56
1400000US42101033400,42101033400,"Census Tract 334, Philadelphia County, Pennsylvania",5098,439,3022,443,940,423,66,117,824,299,29,58,187,149,30,38,0,15,30,38
1400000US42101033500,42101033500,"Census Tract 335, Philadelphia County, Pennsylvania",3825,374,2467,406,731,266,0,10,382,107,0,10,173,203,72,59,33,46,39,37
1400000US42101033600,42101033600,"Census Tract 336, Philadelphia County, Pennsylvania",7249,794,5413,758,456,375,19,30,589,264,0,15,414,235,358,235,25,31,333,230
1400000US42101033701,42101033701,"Census Tract 337.01, Philadelphia County, Pennsylvania",4841,565,3981,593,92,94,5,10,340,200,0,10,297,351,126,178,126,178,0,10
1400000US42101033702,42101033702,"Census Tract 337.02, Philadelphia County, Pennsylvania",5335,403,3850,440,209,137,0,15,863,236,0,15,211,177,202,147,8,20,194,150
1400000US42101033800,42101033800,"Census Tract 338, Philadelphia County, Pennsylvania",6318,498,4756,451,736,351,0,15,111,124,0,15,444,359,271,206,73,57,198,195
1400000US42101033900,42101033900,"Census Tract 339, Philadelphia County, Pennsylvania",3048,257,2313,232,369,210,0,10,147,136,0,10,97,97,122,93,21,35,101,90
1400000US42101034000,42101034000,"Census Tract 340, Philadelphia County, Pennsylvania",3111,215,2332,267,217,125,0,10,425,301,0,10,98,134,39,63,0,10,39,63
1400000US42101034100,42101034100,"Census Tract 341, Philadelphia County, Pennsylvania",6299,788,5756,795,278,155,0,15,89,107,15,32,55,87,106,94,0,15,106,94
1400000US42101034200,42101034200,"Census Tract 342, Philadelphia County, Pennsylvania",3363,225,2818,280,369,196,0,10,152,184,0,10,0,10,24,25,0,10,24,25
1400000US42101034400,42101034400,"Census Tract 344, Philadelphia County, Pennsylvania",7657,548,6430,490,200,208,7,12,803,251,0,15,147,150,70,65,36,46,34,54
1400000US42101034501,42101034501,"Census Tract 345.01, Philadelphia County, Pennsylvania",3797,539,2532,556,360,295,18,30,661,206,0,10,187,187,39,39,24,41,15,24
1400000US42101034502,42101034502,"Census Tract 345.02, Philadelphia County, Pennsylvania",4954,606,3181,445,797,331,0,10,378,294,0,10,332,514,266,319,58,83,208,238
1400000US42101034600,42101034600,"Census Tract 346, Philadelphia County, Pennsylvania",2539,326,1310,226,750,264,0,10,309,154,0,10,114,103,56,44,0,10,56,44
1400000US42101034701,42101034701,"Census Tract 347.01, Philadelphia County, Pennsylvania",6546,692,4657,575,351,185,17,25,991,392,0,15,187,155,343,285,246,274,97,99
1400000US42101034702,42101034702,"Census Tract 347.02, Philadelphia County, Pennsylvania",4347,313,3658,391,284,238,0,10,304,255,0,10,20,23,81,78,62,72,19,28
1400000US42101034801,42101034801,"Census Tract 348.01, Philadelphia County, Pennsylvania",4172,425,3501,330,399,215,0,10,97,103,0,10,14,23,161,196,45,75,116,169
1400000US42101034802,42101034802,"Census Tract 348.02, Philadelphia County, Pennsylvania",5109,413,3568,465,1309,368,0,15,40,64,0,15,15,25,177,178,0,15,177,178
1400000US42101034803,42101034803,"Census Tract 348.03, Philadelphia County, Pennsylvania",4741,337,4088,339,361,270,16,24,158,147,0,10,50,76,68,89,0,10,68,89
1400000US42101034900,42101034900,"Census Tract 349, Philadelphia County, Pennsylvania",6312,635,4587,645,1063,278,47,58,304,150,0,15,255,222,56,66,0,15,56,66
1400000US42101035100,42101035100,"Census Tract 351, Philadelphia County, Pennsylvania",3310,344,3024,400,137,99,0,10,100,122,0,10,0,10,49,103,0,10,49,103
1400000US42101035200,42101035200,"Census Tract 352, Philadelphia County, Pennsylvania",4677,396,4142,405,92,88,0,10,406,216,0,10,28,45,9,14,0,10,9,14
1400000US42101035301,42101035301,"Census Tract 353.01, Philadelphia County, Pennsylvania",5311,392,4934,375,144,128,0,15,183,158,0,15,46,73,4,7,0,15,4,7
1400000US42101035302,42101035302,"Census Tract 353.02, Philadelphia County, Pennsylvania",4517,337,3874,348,346,204,0,10,93,64,0,10,99,97,105,160,0,10,105,160
1400000US42101035500,42101035500,"Census Tract 355, Philadelphia County, Pennsylvania",7094,524,5976,556,185,239,0,15,900,228,0,15,15,26,18,33,18,33,0,15
1400000US42101035601,42101035601,"Census Tract 356.01, Philadelphia County, Pennsylvania",5092,404,4550,378,54,56,0,15,409,192,0,15,61,102,18,21,0,15,18,21
1400000US42101035602,42101035602,"Census Tract 356.02, Philadelphia County, Pennsylvania",3570,286,2500,305,161,110,0,10,868,156,0,10,6,10,35,56,32,56,3,7
1400000US42101035701,42101035701,"Census Tract 357.01, Philadelphia County, Pennsylvania",4578,473,3278,468,236,147,10,15,999,335,0,10,28,44,27,41,27,41,0,10
1400000US42101035702,42101035702,"Census Tract 357.02, Philadelphia County, Pennsylvania",3941,364,3414,337,146,175,0,10,381,223,0,10,0,10,0,10,0,10,0,10
1400000US42101035800,42101035800,"Census Tract 358, Philadelphia County, Pennsylvania",6061,411,5212,387,88,114,0,15,740,290,0,15,1,2,20,31,0,15,20,31
1400000US42101035900,42101035900,"Census Tract 359, Philadelphia County, Pennsylvania",5159,373,4084,394,294,221,0,15,651,257,0,15,43,51,87,84,0,15,87,84
1400000US42101036000,42101036000,"Census Tract 360, Philadelphia County, Pennsylvania",2839,372,1801,329,159,91,0,10,798,219,0,10,6,14,75,72,11,18,64,73
1400000US42101036100,42101036100,"Census Tract 361, Philadelphia County, Pennsylvania",4216,318,3023,364,812,401,0,10,88,90,0,10,212,201,81,97,0,10,81,97
1400000US42101036201,42101036201,"Census Tract 362.01, Philadelphia County, Pennsylvania",4975,463,4012,454,698,423,0,10,140,142,0,10,0,10,125,95,0,10,125,95
1400000US42101036202,42101036202,"Census Tract 362.02, Philadelphia County, Pennsylvania",6415,420,5357,507,485,353,0,15,281,182,0,15,94,87,198,183,0,15,198,183
1400000US42101036203,42101036203,"Census Tract 362.03, Philadelphia County, Pennsylvania",4800,527,4359,571,93,83,0,10,167,141,0,10,101,147,80,66,32,51,48,56
1400000US42101036301,42101036301,"Census Tract 363.01, Philadelphia County, Pennsylvania",3778,408,3244,378,119,87,0,10,219,160,0,10,103,106,93,109,69,102,24,38
1400000US42101036302,42101036302,"Census Tract 363.02, Philadelphia County, Pennsylvania",3510,494,2752,458,501,167,137,216,63,74,0,10,43,44,14,22,14,22,0,10
1400000US42101036303,42101036303,"Census Tract 363.03, Philadelphia County, Pennsylvania",6497,422,6201,478,0,15,0,15,258,191,26,53,12,21,0,15,0,15,0,15
1400000US42101036400,42101036400,"Census Tract 364, Philadelphia County, Pennsylvania",363,193,210,148,91,74,7,11,7,17,9,16,29,38,10,15,0,10,10,15
1400000US42101036501,42101036501,"Census Tract 365.01, Philadelphia County, Pennsylvania",5758,612,4745,658,574,316,0,15,182,124,0,15,210,213,47,55,24,38,23,39
1400000US42101036502,42101036502,"Census Tract 365.02, Philadelphia County, Pennsylvania",4132,434,3859,479,64,89,0,10,200,158,0,10,0,10,9,14,0,10,9,14
1400000US42101036600,42101036600,"Census Tract 366, Philadelphia County, Pennsylvania",1518,219,1159,179,58,59,0,10,291,199,0,10,0,10,10,16,0,10,10,16
1400000US42101036700,42101036700,"Census Tract 367, Philadelphia County, Pennsylvania",2304,267,1686,236,484,157,5,8,81,48,0,10,33,43,15,22,0,10,15,22
1400000US42101036900,42101036900,"Census Tract 369, Philadelphia County, Pennsylvania",5666,1238,3079,673,506,132,0,15,1629,606,153,263,168,113,131,76,57,49,74,59
1400000US42101037200,42101037200,"Census Tract 372, Philadelphia County, Pennsylvania",4271,287,3450,336,175,143,10,14,603,123,0,10,20,31,13,21,0,10,13,21
1400000US42101037300,42101037300,"Census Tract 373, Philadelphia County, Pennsylvania",4794,451,3889,469,383,194,0,10,508,223,0,10,2,4,12,20,0,10,12,20
1400000US42101037500,42101037500,"Census Tract 375, Philadelphia County, Pennsylvania",4215,366,2248,302,1675,250,0,10,142,91,49,64,37,38,64,62,13,16,51,54
1400000US42101037600,42101037600,"Census Tract 376, Philadelphia County, Pennsylvania",2306,387,1096,335,627,299,9,21,494,201,0,10,0,10,80,61,0,10,80,61
1400000US42101037700,42101037700,"Census Tract 377, Philadelphia County, Pennsylvania",5158,777,1879,437,2409,625,8,13,190,157,53,91,555,285,64,41,0,15,64,41
1400000US42101037800,42101037800,"Census Tract 378, Philadelphia County, Pennsylvania",1937,354,1676,375,119,90,3,7,10,15,0,10,25,29,104,137,89,137,15,14
1400000US42101037900,42101037900,"Census Tract 379, Philadelphia County, Pennsylvania",4549,433,4084,397,194,221,0,10,83,84,0,10,155,207,33,53,0,10,33,53
1400000US42101038000,42101038000,"Census Tract 380, Philadelphia County, Pennsylvania",2331,323,1871,331,184,146,0,10,35,38,0,10,221,191,20,24,12,20,8,14
1400000US42101038100,42101038100,"Census Tract 381, Philadelphia County, Pennsylvania",825,141,506,111,283,100,0,10,7,11,0,10,8,9,21,30,0,10,21,30
1400000US42101038200,42101038200,"Census Tract 382, Philadelphia County, Pennsylvania",2627,359,1349,261,471,279,0,10,13,20,0,10,655,247,139,148,0,10,139,148
1400000US42101038300,42101038300,"Census Tract 383, Philadelphia County, Pennsylvania",3533,554,672,214,765,200,191,192,0,10,0,10,1676,644,229,181,37,53,192,171
1400000US42101038400,42101038400,"Census Tract 384, Philadelphia County, Pennsylvania",2438,238,2148,228,154,115,0,10,69,55,0,10,9,15,58,66,0,10,58,66
1400000US42101038500,42101038500,"Census Tract 385, Philadelphia County, Pennsylvania",1822,173,1653,177,87,113,0,10,82,91,0,10,0,10,0,10,0,10,0,10
1400000US42101038600,42101038600,"Census Tract 386, Philadelphia County, Pennsylvania",1485,124,1301,150,153,77,0,10,2,4,0,10,0,10,29,32,0,10,29,32
1400000US42101038700,42101038700,"Census Tract 387, Philadelphia County, Pennsylvania",2207,204,1847,187,183,93,15,25,78,37,0,10,15,21,69,72,0,10,69,72
1400000US42101038800,42101038800,"Census Tract 388, Philadelphia County, Pennsylvania",3357,186,1889,228,1137,200,0,10,155,113,0,10,115,131,61,47,0,10,61,47
1400000US42101038900,42101038900,"Census Tract 389, Philadelphia County, Pennsylvania",3262,522,141,67,3084,521,0,10,15,19,0,10,2,4,20,23,0,10,20,23
1400000US42101039000,42101039000,"Census Tract 390, Philadelphia County, Pennsylvania",7519,920,1812,461,4585,665,0,15,131,137,0,15,787,478,204,155,32,36,172,149
1400000US42101980000,42101980000,"Census Tract 9800, Philadelphia County, Pennsylvania",1087,335,543,199,240,193,0,10,266,274,0,10,12,23,26,27,0,10,26,27
1400000US42101980100,42101980100,"Census Tract 9801, Philadelphia County, Pennsylvania",51,17,51,17,0,10,0,10,0,10,0,10,0,10,0,10,0,10,0,10
1400000US42101980200,42101980200,"Census Tract 9802, Philadelphia County, Pennsylvania",242,145,206,132,15,13,0,10,0,10,5,10,0,10,16,33,0,10,16,33
1400000US42101980300,42101980300,"Census Tract 9803, Philadelphia County, Pennsylvania",0,10,0,10,0,10,0,10,0,10,0,10,0,10,0,10,0,10,0,10
1400000US42101980400,42101980400,"Census Tract 9804, Philadelphia County, Pennsylvania",0,10,0,10,0,10,0,10,0,10,0,10,0,10,0,10,0,10,0,10
1400000US42101980500,42101980500,"Census Tract 9805, Philadelphia County, Pennsylvania",0,10,0,10,0,10,0,10,0,10,0,10,0,10,0,10,0,10,0,10
1400000US42101980600,42101980600,"Census Tract 9806, Philadelphia County, Pennsylvania",0,10,0,10,0,10,0,10,0,10,0,10,0,10,0,10,0,10,0,10
1400000US42101980700,42101980700,"Census Tract 9807, Philadelphia County, Pennsylvania",0,10,0,10,0,10,0,10,0,10,0,10,0,10,0,10,0,10,0,10
1400000US42101980800,42101980800,"Census Tract 9808, Philadelphia County, Pennsylvania",0,10,0,10,0,10,0,10,0,10,0,10,0,10,0,10,0,10,0,10
1400000US42101980900,42101980900,"Census Tract 9809, Philadelphia County, Pennsylvania",4,6,4,6,0,10,0,10,0,10,0,10,0,10,0,10,0,10,0,10
1400000US42101989100,42101989100,"Census Tract 9891, Philadelphia County, Pennsylvania",4985,735,946,170,3543,576,10,19,67,41,0,10,365,122,54,44,25,34,29,26
