,id,name,lat,lon,first,last,rides
0,254.0,W 11 St & 6 Ave,40.73532427,-73.99800419,2013-06-01,2019-07-31,168076
1,151.0,Cleveland Pl & Spring St,40.7218158,-73.99720307,2013-06-01,2019-07-31,445639
2,352.0,W 56 St & 6 Ave,40.76340613,-73.97722479,2013-06-01,2016-12-31,122203
3,490.0,8 Ave & W 33 St,40.751551,-73.993934,2013-06-01,2019-07-31,480463
4,236.0,St Marks Pl & 2 Ave,40.7284186,-73.98713956,2013-06-01,2019-07-31,292217
5,351.0,Front St & Maiden Ln,40.70530954,-74.00612572,2013-06-01,2019-07-31,134525
6,2000.0,Front St & Washington St,40.70255088,-73.98940236,2013-06-01,2019-07-31,140996
7,533.0,Broadway & W 39 St,40.75299641,-73.98721619,2013-06-01,2019-07-31,190289
8,301.0,E 2 St & Avenue B,40.72217444,-73.98368779,2013-06-01,2019-07-31,243511
9,421.0,Clermont Ave & Park Ave,40.69573398,-73.97129668,2013-06-01,2019-07-31,35193
10,249.0,Harrison St & Hudson St,40.71870987,-74.0090009,2013-06-01,2019-07-31,106440
11,2002.0,Wythe Ave & Metropolitan Ave,40.716887,-73.96319799999999,2013-06-01,2019-07-31,160406
12,415.0,Pearl St & Hanover Square,40.7047177,-74.00926027,2013-06-01,2019-07-31,137685
13,466.0,W 25 St & 6 Ave,40.74395411,-73.99144871,2013-06-01,2019-07-31,307931
14,494.0,W 26 St & 8 Ave,40.74734825,-73.99723551,2013-06-01,2019-07-31,310581
15,384.0,Fulton St & Waverly Ave,40.68317813,-73.9659641,2013-06-01,2017-09-30,48377
16,457.0,Broadway & W 58 St,40.76695317,-73.98169333,2013-06-01,2018-10-31,308408
17,290.0,2 Ave & E 58 St,40.76020258,-73.96478473,2013-06-01,2015-12-31,63706
18,306.0,Cliff St & Fulton St,40.70823502,-74.00530063,2013-06-01,2018-08-31,128228
19,505.0,6 Ave & W 33 St,40.74901271,-73.98848395,2013-06-01,2019-07-31,349002
20,334.0,W 20 St & 7 Ave,40.74238787,-73.99726235,2013-06-01,2019-07-31,282042
21,382.0,University Pl & E 14 St,40.73492695,-73.99200509,2013-06-01,2019-07-31,416217
22,496.0,E 16 St & 5 Ave,40.73726186,-73.99238967,2013-06-01,2019-07-31,312469
23,297.0,E 15 St & 3 Ave,40.734232,-73.986923,2013-06-01,2019-07-31,287965
24,367.0,E 53 St & Lexington Ave,40.75828065,-73.97069431,2013-06-01,2017-01-27,89426
25,327.0,Vesey Pl & River Terrace,40.715337899999994,-74.01658354,2013-06-01,2019-07-31,387823
26,224.0,Spruce St & Nassau St,40.71146364,-74.00552427,2013-06-01,2019-07-31,93033
27,428.0,E 3 St & 1 Ave,40.72467721,-73.98783413,2013-06-01,2018-01-31,175200
28,438.0,St Marks Pl & 1 Ave,40.72779126,-73.98564945,2013-06-01,2019-07-31,242754
29,385.0,E 55 St & 2 Ave,40.75797322,-73.96603308,2013-06-01,2019-06-30,130924
30,2017.0,E 43 St & 2 Ave,40.75022392,-73.97121414,2013-07-01,2019-07-31,65533
31,510.0,W 51 St & 6 Ave,40.7606597,-73.98042047,2013-06-01,2016-08-29,99518
32,326.0,E 11 St & 1 Ave,40.72953837,-73.98426726,2013-06-01,2019-07-31,259026
33,432.0,E 7 St & Avenue A,40.72621788,-73.98379855,2013-06-01,2019-07-31,331819
34,319.0,Park Pl & Church St,40.71336124,-74.00937622,2013-06-01,2019-07-31,175420
35,284.0,Greenwich Ave & 8 Ave,40.7390169121,-74.0026376103,2013-06-01,2019-07-31,351641
36,168.0,W 18 St & 6 Ave,40.73971301,-73.99456405,2013-06-01,2019-07-31,396710
37,509.0,9 Ave & W 22 St,40.7454973,-74.00197139,2013-06-01,2019-05-31,318114
38,328.0,Watts St & Greenwich St,40.72405549,-74.00965965,2013-06-01,2019-07-31,194298
39,469.0,Broadway & W 53 St,40.76344058,-73.98268129,2013-06-01,2019-07-31,202754
40,479.0,9 Ave & W 45 St,40.76019252,-73.9912551,2013-06-01,2019-07-31,305136
41,389.0,Broadway & Berry St,40.71044554,-73.96525063,2013-06-01,2019-07-31,93423
42,157.0,Henry St & Atlantic Ave,40.69089272,-73.99612349,2013-06-01,2019-07-31,98241
43,402.0,Broadway & E 22 St,40.740343200000005,-73.98955109,2013-06-01,2019-07-31,544391
44,247.0,Perry St & Bleecker St,40.73535398,-74.00483091,2013-06-01,2019-07-31,155720
45,396.0,Lefferts Pl & Franklin Ave,40.680342423,-73.9557689392,2013-06-01,2019-07-31,50612
46,387.0,Centre St & Chambers St,40.71273266,-74.0046073,2013-06-01,2019-07-31,370499
47,116.0,W 17 St & 8 Ave,40.74177603,-74.00149746,2013-06-01,2019-07-31,229554
48,501.0,FDR Drive & E 35 St,40.744219,-73.97121214,2013-06-01,2019-07-31,223192
49,285.0,Broadway & E 14 St,40.73454567,-73.99074142,2013-06-01,2019-07-31,507772
50,520.0,W 52 St & 5 Ave,40.75992262,-73.97648516,2013-06-01,2019-07-31,237971
51,502.0,Henry St & Grand St,40.714215,-73.981346,2013-06-01,2019-07-31,159798
52,212.0,W 16 St & The High Line,40.74334935,-74.00681753,2013-06-01,2019-07-31,256088
53,460.0,S 4 St & Wythe Ave,40.71285887,-73.96590294,2013-06-01,2019-07-31,131475
54,405.0,Washington St & Gansevoort St,40.739323,-74.008119,2013-06-01,2019-07-31,287556
55,380.0,W 4 St & 7 Ave S,40.73401143,-74.00293877,2013-06-01,2019-07-31,312747
56,449.0,W 52 St & 9 Ave,40.76461837,-73.98789473,2013-06-01,2018-03-31,112516
57,237.0,E 11 St & 2 Ave,40.73047309,-73.98672378,2013-06-01,2019-07-31,299051
58,504.0,1 Ave & E 15 St,40.73221853,-73.98165557,2013-06-01,2019-07-31,362165
59,379.0,W 31 St & 7 Ave,40.749156,-73.9916,2013-06-01,2019-07-31,397676
60,525.0,W 34 St & 11 Ave,40.75594159,-74.0021163,2013-06-01,2019-07-31,192791
61,477.0,W 41 St & 8 Ave,40.75640548,-73.9900262,2013-06-01,2019-07-31,455704
62,260.0,Broad St & Bridge St,40.70365182,-74.01167797,2013-06-01,2019-07-31,78378
63,369.0,Washington Pl & 6 Ave,40.73224119,-74.00026394,2013-06-01,2019-07-31,169742
64,517.0,Pershing Square S,40.75149263,-73.97798848,2013-06-01,2019-07-31,304004
65,410.0,Suffolk St & Stanton St,40.72066442,-73.98517977,2013-06-01,2019-07-31,252086
66,426.0,West St & Chambers St,40.71754834,-74.01322069,2013-06-01,2019-07-31,543920
67,470.0,W 20 St & 8 Ave,40.74345335,-74.00004031,2013-06-01,2019-07-31,232964
68,312.0,Allen St & E Houston St,40.722055,-73.989111,2013-06-01,2019-07-31,276438
69,342.0,Columbia St & Rivington St,40.71739973,-73.98016555,2013-06-01,2019-07-31,105295
70,347.0,W Houston St & Hudson St,40.72873888,-74.00748842,2013-06-01,2019-07-31,303586
71,448.0,W 37 St & 10 Ave,40.75660359,-73.9979009,2013-06-01,2019-07-31,228518
72,468.0,Broadway & W 55 St,40.7652654,-73.98192338,2013-06-01,2019-07-31,269944
73,540.0,Lexington Ave & E 26 St,40.74147286,-73.98320928,2013-06-01,2019-07-31,252856
74,459.0,W 20 St & 11 Ave,40.746745000000004,-74.007756,2013-06-01,2019-07-31,454129
75,453.0,W 22 St & 8 Ave,40.74475148,-73.99915362,2013-06-01,2019-07-31,302603
76,252.0,MacDougal St & Washington Sq,40.73226398,-73.99852205,2013-06-01,2019-07-31,200142
77,467.0,Dean St & 4 Ave,40.68312489,-73.97895137,2013-06-01,2019-07-31,110129
78,536.0,1 Ave & E 30 St,40.74144387,-73.97536082,2013-06-01,2019-07-31,250422
79,528.0,2 Ave & E 31 St,40.74290902,-73.97706058,2013-06-01,2019-07-31,280705
80,372.0,Franklin Ave & Myrtle Ave,40.694528000000005,-73.958089,2013-06-01,2019-07-31,28307
81,346.0,Bank St & Hudson St,40.73652889,-74.00618026,2013-06-01,2019-07-31,214906
82,253.0,W 13 St & 5 Ave,40.73543934,-73.99453948,2013-06-01,2018-10-31,147080
83,280.0,E 10 St & 5 Ave,40.73331967,-73.99510132,2013-06-01,2019-07-31,185628
84,386.0,Centre St & Worth St,40.71494807,-74.00234482,2013-06-01,2019-07-31,147348
85,480.0,W 53 St & 10 Ave,40.76669671,-73.99061728,2013-06-01,2019-07-31,193165
86,441.0,E 52 St & 2 Ave,40.756014,-73.967416,2013-06-01,2019-07-31,153407
87,225.0,W 14 St & The High Line,40.74195138,-74.00803013,2013-06-01,2017-05-31,116605
88,492.0,W 33 St & 7 Ave,40.75019995,-73.99093085,2013-06-01,2019-07-31,378174
89,2003.0,1 Ave & E 18 St,40.73416059,-73.98024289,2013-06-01,2019-07-31,237164
90,524.0,W 43 St & 6 Ave,40.75527307,-73.98316936,2013-06-01,2019-06-30,202876
91,2006.0,Central Park S & 6 Ave,40.76590936,-73.97634151,2013-06-01,2019-07-31,395064
92,444.0,Broadway & W 24 St,40.742354299999995,-73.98915076,2013-06-01,2017-10-31,285239
93,2012.0,E 27 St & 1 Ave,40.739445,-73.97680600000001,2013-06-01,2019-07-31,190908
94,343.0,Clinton Ave & Flushing Ave,40.69794,-73.96986848,2013-06-01,2019-07-31,47024
95,434.0,9 Ave & W 18 St,40.74317449,-74.00366443,2013-06-01,2019-07-31,183616
96,2022.0,E 59 St & Sutton Pl,40.75849116,-73.95920622,2013-06-01,2019-07-31,80523
97,446.0,W 24 St & 7 Ave,40.74487634,-73.99529885,2013-06-01,2019-07-31,352276
98,418.0,Front St & Gold St,40.70224,-73.982578,2013-06-01,2019-07-31,55185
99,513.0,W 56 St & 10 Ave,40.768254,-73.988639,2013-06-01,2019-07-31,161153
100,516.0,E 47 St & 1 Ave,40.75206862,-73.96784384,2013-06-01,2019-07-31,97032
101,304.0,Broadway & Battery Pl,40.70463334,-74.01361706,2013-06-01,2019-07-31,235504
102,481.0,S 3 St & Bedford Ave,40.71260486,-73.96264403,2013-06-01,2019-07-31,97513
103,79.0,Franklin St & W Broadway,40.71911552,-74.00666661,2013-06-01,2019-07-31,159451
104,310.0,State St & Smith St,40.68926942,-73.98912867,2013-06-01,2019-07-31,102147
105,439.0,E 4 St & 2 Ave,40.726280700000004,-73.98978041,2013-06-01,2019-07-31,232131
106,257.0,Lispenard St & Broadway,40.71939226,-74.00247214,2013-06-01,2019-07-31,190540
107,361.0,Allen St & Hester St,40.71605866,-73.99190759,2013-06-01,2019-07-31,233004
108,293.0,Lafayette St & E 8 St,40.73028666,-73.9907647,2013-06-01,2019-07-31,495305
109,251.0,Mott St & Prince St,40.72317958,-73.99480012,2013-06-01,2019-07-31,288151
110,523.0,W 38 St & 8 Ave,40.75466591,-73.99138152,2013-06-01,2019-07-31,398704
111,161.0,LaGuardia Pl & W 3 St,40.72917025,-73.99810231,2013-06-01,2019-07-31,281664
112,486.0,Broadway & W 29 St,40.7462009,-73.98855723,2013-06-01,2019-07-31,305477
113,497.0,E 17 St & Broadway,40.73704984,-73.99009296,2013-06-01,2019-07-31,607361
114,330.0,Reade St & Broadway,40.71450451,-74.00562789,2013-06-01,2019-07-31,139792
115,483.0,E 12 St & 3 Ave,40.73223272,-73.98889957,2013-06-01,2019-07-31,294271
116,404.0,9 Ave & W 14 St,40.7405826,-74.00550867,2013-06-01,2015-08-31,91736
117,465.0,Broadway & W 41 St,40.75513557,-73.98658032,2013-06-01,2019-07-31,313594
118,473.0,Rivington St & Chrystie St,40.72110063,-73.99192540000001,2013-06-01,2019-07-31,164096
119,345.0,W 13 St & 6 Ave,40.73649403,-73.99704374,2013-06-01,2018-10-31,244193
120,229.0,Great Jones St,40.72743423,-73.99379025,2013-06-01,2019-07-31,356177
121,281.0,Grand Army Plaza & Central Park S,40.764397100000004,-73.97371465,2013-06-01,2019-07-31,384308
122,358.0,Christopher St & Greenwich St,40.73291553,-74.00711384,2013-06-01,2019-07-31,425185
123,349.0,Rivington St & Ridge St,40.71850211,-73.98329859,2013-06-01,2019-07-31,114386
124,394.0,E 9 St & Avenue C,40.72521311,-73.97768752,2013-06-01,2019-07-31,201425
125,450.0,W 49 St & 8 Ave,40.76227205,-73.98788205,2013-06-01,2019-07-31,278679
126,482.0,W 15 St & 7 Ave,40.73935542,-73.99931783,2013-06-01,2019-07-31,305108
127,390.0,Duffield St & Willoughby St,40.69221589,-73.9842844,2013-06-01,2019-07-31,74799
128,2023.0,E 55 St & Lexington Ave,40.75968085,-73.97031366,2013-06-01,2019-07-31,110090
129,146.0,Hudson St & Reade St,40.71625008,-74.0091059,2013-06-01,2019-07-31,156277
130,228.0,E 48 St & 3 Ave,40.7546011026,-73.971878855,2013-06-01,2019-07-31,155484
131,276.0,Duane St & Greenwich St,40.71748752,-74.0104554,2013-06-01,2019-07-31,125675
132,263.0,Elizabeth St & Hester St,40.717290000000006,-73.996375,2013-06-01,2016-09-30,109751
133,268.0,Howard St & Centre St,40.71910537,-73.99973337,2013-06-01,2019-07-31,220333
134,495.0,W 47 St & 10 Ave,40.76269882,-73.99301222,2013-06-01,2019-07-31,213630
135,128.0,MacDougal St & Prince St,40.72710258,-74.00297088,2013-06-01,2019-07-31,335424
136,500.0,Broadway & W 51 St,40.76228826,-73.98336183,2013-06-01,2019-07-31,208063
137,475.0,E 16 St & Irving Pl,40.73524276,-73.98758561,2013-06-01,2017-02-28,127196
138,359.0,E 47 St & Park Ave,40.75510267,-73.97498696,2013-06-01,2019-07-31,352516
139,323.0,Lawrence St & Willoughby St,40.69236178,-73.98631746,2013-06-01,2019-07-31,141935
140,2004.0,6 Ave & Broome St,40.724399,-74.004704,2013-06-01,2017-03-29,92078
141,164.0,E 47 St & 2 Ave,40.75323098,-73.97032517,2013-06-01,2019-07-31,166143
142,303.0,Mercer St & Spring St,40.72362738,-73.99949601,2013-06-01,2019-07-31,197581
143,488.0,W 39 St & 9 Ave,40.75645824,-73.99372222,2013-06-01,2017-06-30,186290
144,325.0,E 19 St & 3 Ave,40.73624527,-73.98473765,2013-06-01,2019-07-31,207350
145,354.0,Emerson Pl & Myrtle Ave,40.69363137,-73.96223558,2013-06-01,2019-07-31,58743
146,539.0,Metropolitan Ave & Bedford Ave,40.71534825,-73.96024116,2013-06-01,2019-07-31,180189
147,423.0,W 54 St & 9 Ave,40.76584941,-73.98690506,2013-06-01,2019-07-31,149002
148,265.0,Stanton St & Chrystie St,40.72229346,-73.99147535,2013-06-01,2019-07-31,229786
149,532.0,S 5 Pl & S 4 St,40.710451,-73.960876,2013-06-01,2019-07-31,190638
150,519.0,Pershing Square N,40.75188406,-73.97770164,2013-06-01,2019-07-31,801965
151,2010.0,Grand St & Greene St,40.72165481,-74.00234737,2013-06-01,2019-03-31,166489
152,238.0,Bank St & Washington St,40.7361967,-74.00859207,2013-06-01,2019-07-31,173001
153,2021.0,W 45 St & 8 Ave,40.75929124,-73.98859651,2013-06-01,2019-07-31,248669
154,267.0,Broadway & W 36 St,40.75097711,-73.98765428,2013-06-01,2019-07-31,180210
155,329.0,Greenwich St & N Moore St,40.72043411,-74.01020609,2013-06-01,2016-09-30,122492
156,366.0,Clinton Ave & Myrtle Ave,40.693261,-73.968896,2013-06-01,2019-07-31,109802
157,173.0,Broadway & W 49 St,40.76064679,-73.98442659,2013-06-01,2019-07-31,305321
158,416.0,Cumberland St & Lafayette Ave,40.68753406,-73.97265183,2013-06-01,2019-07-31,70267
159,471.0,Grand St & Havemeyer St,40.71286844,-73.95698119,2013-06-01,2019-07-31,81702
160,243.0,Fulton St & Rockwell Pl,40.687979,-73.978474,2013-06-01,2019-07-31,66383
161,521.0,8 Ave & W 31 St,40.75044999,-73.99481051,2013-06-01,2016-05-31,273216
162,271.0,Ashland Pl & Hanson Pl,40.68528172,-73.97805813,2013-06-01,2015-08-31,33672
163,456.0,E 53 St & Madison Ave,40.75971079999999,-73.97402311,2013-06-01,2019-07-31,158197
164,217.0,Old Fulton St,40.70277159,-73.99383605,2013-06-01,2019-07-31,149467
165,461.0,E 20 St & 2 Ave,40.73587678,-73.98205027,2013-06-01,2019-07-31,289742
166,83.0,Atlantic Ave & Fort Greene Pl,40.68382604,-73.97632328,2013-06-01,2019-07-31,81771
167,375.0,Mercer St & Bleecker St,40.72679454,-73.99695094,2013-06-01,2016-06-29,120910
168,518.0,E 39 St & 2 Ave,40.74780373,-73.97344190000001,2013-06-01,2019-07-31,315272
169,195.0,Liberty St & Broadway,40.70905623,-74.01043382,2013-06-01,2019-07-31,218387
170,291.0,Madison St & Montgomery St,40.713126,-73.984844,2013-06-01,2019-07-31,90942
171,499.0,Broadway & W 60 St,40.76915505,-73.98191841,2013-06-01,2019-07-31,431132
172,435.0,W 21 St & 6 Ave,40.74173969,-73.99415556,2013-06-01,2019-07-31,572916
173,307.0,Canal St & Rutgers St,40.71427487,-73.98990025,2013-06-01,2019-07-31,252620
174,529.0,W 42 St & 8 Ave,40.75756989999999,-73.99098507,2013-06-01,2019-07-31,271380
175,153.0,E 40 St & 5 Ave,40.752062306999996,-73.9816324043,2013-06-01,2017-10-31,163375
176,440.0,E 45 St & 3 Ave,40.75255434,-73.97282625,2013-06-01,2019-07-31,175858
177,537.0,Lexington Ave & E 24 St,40.74025878,-73.98409214,2013-06-01,2018-10-31,290202
178,348.0,W Broadway & Spring St,40.72490985,-74.00154702,2013-06-01,2017-08-28,177211
179,232.0,Cadman Plaza E & Tillary St,40.69597683,-73.99014892,2013-06-01,2018-11-30,66209
180,462.0,W 22 St & 10 Ave,40.74691959,-74.00451887,2013-06-01,2019-07-31,335489
181,454.0,E 51 St & 1 Ave,40.75455731,-73.96592976,2013-06-01,2019-07-31,117835
182,350.0,Clinton St & Grand St,40.71559509,-73.9870295,2013-06-01,2019-07-31,172288
183,422.0,W 59 St & 10 Ave,40.770513,-73.988038,2013-06-01,2019-07-31,157270
184,167.0,E 39 St & 3 Ave,40.7489006,-73.97604882,2013-06-01,2019-07-31,251756
185,320.0,Church St & Leonard St,40.71743998,-74.00583475,2013-06-01,2019-07-31,141462
186,341.0,Stanton St & Mangin St,40.71782143,-73.97628939,2013-06-01,2019-07-31,90773
187,392.0,Jay St & Tech Pl,40.695065,-73.987167,2013-06-01,2019-07-31,99020
188,401.0,Allen St & Rivington St,40.72019576,-73.98997825,2013-06-01,2019-07-31,266264
189,442.0,W 27 St & 7 Ave,40.746646999999996,-73.993915,2013-06-01,2019-07-31,322146
190,363.0,West Thames St,40.70834698,-74.01713445,2013-06-01,2019-07-31,228856
191,294.0,Washington Square E,40.73049393,-73.99572140000001,2013-06-01,2016-01-31,92144
192,335.0,Washington Pl & Broadway,40.72903917,-73.99404649,2013-06-01,2019-07-31,231810
193,489.0,10 Ave & W 28 St,40.75066386,-74.00176802,2013-06-01,2019-07-31,105798
194,368.0,Carmine St & 6 Ave,40.73038599,-74.00214988,2013-06-01,2019-07-31,441596
195,515.0,W 43 St & 10 Ave,40.76009437,-73.99461843,2013-06-01,2019-07-31,238895
196,445.0,E 10 St & Avenue A,40.72740794,-73.98142006,2013-06-01,2019-07-31,325488
197,514.0,12 Ave & W 40 St,40.76087502,-74.00277668,2013-06-01,2019-07-31,414283
198,485.0,W 37 St & 5 Ave,40.75038009,-73.98338988,2013-06-01,2019-07-31,199571
199,436.0,Hancock St & Bedford Ave,40.68216564,-73.95399026,2013-06-01,2019-07-31,31276
200,137.0,E 56 St & Madison Ave,40.761628,-73.972924,2013-06-01,2016-11-30,69288
201,463.0,9 Ave & W 16 St,40.74206539,-74.00443172,2013-06-01,2016-05-31,118639
202,127.0,Barrow St & Hudson St,40.73172428,-74.00674436,2013-06-01,2019-07-31,343949
203,120.0,Lexington Ave & Classon Ave,40.68676793,-73.95928168,2013-06-01,2019-07-31,45705
204,317.0,E 6 St & Avenue B,40.72453734,-73.98185424,2013-06-01,2019-07-31,216203
205,472.0,E 32 St & Park Ave,40.745712100000006,-73.98194829,2013-06-01,2019-07-31,338077
206,476.0,E 31 St & 3 Ave,40.74394314,-73.97966069,2013-06-01,2019-07-31,257204
207,305.0,E 58 St & 3 Ave,40.76095756,-73.96724467,2013-06-01,2019-07-31,242940
208,493.0,W 45 St & 6 Ave,40.7568001,-73.98291153,2013-06-01,2019-07-31,138828
209,336.0,Sullivan St & Washington Sq,40.73047747,-73.99906065,2013-06-01,2019-07-31,255258
210,538.0,W 49 St & 5 Ave,40.75795248,-73.97787642,2013-06-01,2015-10-31,37833
211,275.0,Washington Ave & Greene Ave,40.68650065,-73.96563307,2013-06-01,2019-07-31,45983
212,309.0,Murray St & West St,40.7149787,-74.013012,2013-06-01,2019-07-31,167230
213,355.0,Bayard St & Baxter St,40.71602118,-73.99974372,2013-06-01,2019-07-31,192294
214,433.0,E 13 St & Avenue A,40.72955361,-73.98057249,2013-06-01,2018-10-31,233730
215,526.0,E 33 St & 5 Ave,40.74765947,-73.98490707,2013-06-01,2019-07-31,241438
216,393.0,E 5 St & Avenue C,40.72299208,-73.97995466,2013-06-01,2019-07-31,123834
217,313.0,Washington Ave & Park Ave,40.69610226,-73.96751037,2013-06-01,2019-07-31,68330
218,447.0,8 Ave & W 52 St,40.76370739,-73.9851615,2013-06-01,2019-07-31,250771
219,296.0,Division St & Bowery,40.71413089,-73.99704679999999,2013-06-01,2019-07-31,164023
220,2008.0,Little West St & 1 Pl,40.70569254,-74.01677685,2013-06-01,2019-07-31,243880
221,308.0,St James Pl & Oliver St,40.71307916,-73.99851193,2013-06-01,2019-07-31,122042
222,72.0,W 52 St & 11 Ave,40.76727216,-73.99392888,2013-06-01,2019-07-31,206859
223,408.0,Market St & Cherry St,40.71076228,-73.99400398,2013-06-01,2019-07-31,88615
224,233.0,Joralemon St & Adams St,40.69246277,-73.98963911,2013-06-01,2016-06-29,37171
225,478.0,11 Ave & W 41 St,40.76030096,-73.99884222,2013-06-01,2019-07-31,248400
226,458.0,11 Ave & W 27 St,40.751396,-74.00522600000001,2013-06-01,2019-07-31,293213
227,531.0,Forsyth St & Broome St,40.71893904,-73.99266288,2013-06-01,2019-07-31,257791
228,377.0,6 Ave & Canal St,40.72243797,-74.00566443,2013-06-01,2019-07-31,198874
229,239.0,Willoughby St & Fleet St,40.69196566,-73.9813018,2013-06-01,2019-07-31,102213
230,3002.0,South End Ave & Liberty St,40.711512,-74.01575600000001,2013-06-01,2019-07-31,384776
231,241.0,DeKalb Ave & S Portland Ave,40.68981035,-73.97493121,2013-06-01,2019-07-31,67425
232,507.0,E 25 St & 2 Ave,40.73912601,-73.97973776,2013-06-01,2019-07-31,294824
233,474.0,5 Ave & E 29 St,40.7451677,-73.98683077,2013-06-01,2019-07-31,265521
234,279.0,Sands St & Gold St,40.69986937,-73.98271933,2013-06-01,2019-07-31,164213
235,298.0,3 Ave & Schermerhorn St,40.68683208,-73.9796772,2013-06-01,2019-07-31,36284
236,512.0,W 29 St & 9 Ave,40.750072700000004,-73.99839279,2013-06-01,2016-02-29,73624
237,498.0,Broadway & W 32 St,40.74854862,-73.98808416,2013-06-01,2019-05-31,282395
238,511.0,E 14 St & Avenue B,40.72938685,-73.97772429,2013-06-01,2017-07-31,179917
239,250.0,Lafayette St & Jersey St,40.72456089,-73.99565293,2013-06-01,2016-07-31,152131
240,399.0,Lafayette Ave & St James Pl,40.68851534,-73.9647628,2013-06-01,2019-07-31,65888
241,311.0,Norfolk St & Broome St,40.7172274,-73.98802084,2013-06-01,2019-07-31,166151
242,430.0,York St & Jay St,40.7014851,-73.98656928,2013-06-01,2018-02-28,108108
243,388.0,W 26 St & 10 Ave,40.749717753,-74.002950346,2013-06-01,2019-07-31,246035
244,362.0,Broadway & W 37 St,40.75172632,-73.98753523,2013-06-01,2019-07-31,152823
245,464.0,E 56 St & 3 Ave,40.75934501,-73.96759673,2013-06-01,2015-08-31,38432
246,406.0,Hicks St & Montague St,40.69512845,-73.99595065,2013-06-01,2019-07-31,102765
247,318.0,E 43 St & Vanderbilt Ave,40.75320159,-73.9779874,2013-06-01,2015-10-31,131691
248,258.0,DeKalb Ave & Vanderbilt Ave,40.68940747,-73.96885458,2013-06-01,2019-07-31,79591
249,508.0,W 46 St & 11 Ave,40.76341379,-73.99667444,2013-06-01,2019-07-31,199154
250,527.0,E 33 St & 1 Ave,40.74315566,-73.97434726,2013-06-01,2018-06-30,221758
251,356.0,Bialystoker Pl & Delancey St,40.71622644,-73.98261206,2013-06-01,2019-07-31,114761
252,412.0,Forsyth St & Canal St,40.715815500000005,-73.99422366,2013-06-01,2019-07-31,196734
253,223.0,W 13 St & 7 Ave,40.73781509,-73.99994661,2013-06-01,2019-07-31,202030
254,152.0,Warren St & Church St,40.71473993,-74.00910627,2013-06-01,2018-04-30,103246
255,147.0,Greenwich St & Warren St,40.71542197,-74.01121978,2013-06-01,2017-05-31,164376
256,218.0,Gallatin Pl & Livingston St,40.69028437,-73.98707105,2013-06-01,2015-12-31,10924
257,546.0,E 30 St & Park Ave S,40.74444921,-73.98303529,2013-06-01,2019-07-31,248989
258,2009.0,Catherine St & Monroe St,40.71117444,-73.99682619,2013-06-01,2019-07-31,109501
259,266.0,Avenue D & E 8 St,40.72368361,-73.97574813,2013-06-01,2019-07-31,81594
260,376.0,John St & William St,40.70862144,-74.00722156,2013-06-01,2019-07-31,125783
261,357.0,E 11 St & Broadway,40.73261787,-73.99158043,2013-06-01,2019-04-30,155456
262,364.0,Lafayette Ave & Classon Ave,40.68900443,-73.96023854,2013-06-01,2019-07-31,60184
263,391.0,Clark St & Henry St,40.69760127,-73.99344559,2013-06-01,2019-07-31,131636
264,395.0,Bond St & Schermerhorn St,40.68807003,-73.98410637,2013-06-01,2017-09-30,47109
265,259.0,South St & Whitehall St,40.70122128,-74.01234218,2013-06-01,2019-07-31,150121
266,295.0,Pike St & E Broadway,40.71406667,-73.99293911,2013-06-01,2019-07-31,142487
267,427.0,State St,40.70251526,-74.01427023,2013-06-01,2019-07-31,141768
268,400.0,Pitt St & Stanton St,40.71926081,-73.98178024,2013-06-01,2019-07-31,50472
269,411.0,E 6 St & Avenue D,40.72228087,-73.97668709,2013-06-01,2019-07-31,107909
270,302.0,Avenue D & E 3 St,40.72082834,-73.97793172,2013-06-01,2019-07-31,109787
271,419.0,Carlton Ave & Park Ave,40.69580705,-73.97355569,2013-06-01,2019-07-31,40467
272,339.0,Avenue D & E 12 St,40.72580614,-73.97422494,2013-06-01,2019-07-31,59832
273,420.0,Clermont Ave & Lafayette Ave,40.68764484,-73.96968902,2013-06-01,2019-07-31,49047
274,487.0,E 20 St & FDR Drive,40.73314259,-73.97573881,2013-06-01,2019-07-31,247736
275,174.0,E 25 St & 1 Ave,40.7381765,-73.97738662,2013-06-01,2019-07-31,204378
276,545.0,E 23 St & 1 Ave,40.736502,-73.97809472,2013-06-01,2019-07-31,275251
277,340.0,Madison St & Clinton St,40.71269042,-73.98776323,2013-06-01,2019-07-31,102565
278,331.0,Pike St & Monroe St,40.71173107,-73.99193043,2013-06-01,2019-07-31,88605
279,455.0,1 Ave & E 44 St,40.75001986,-73.96905301,2013-06-01,2019-07-31,166304
280,417.0,Barclay St & Church St,40.71291224,-74.01020234,2013-06-01,2019-07-31,290371
281,119.0,Park Ave & St Edwards St,40.69608941,-73.97803415,2013-06-01,2019-07-31,16114
282,373.0,Willoughby Ave & Walworth St,40.69331716,-73.95381995,2013-06-01,2019-07-31,32953
283,314.0,Montague St & Clinton St,40.69424674,-73.99215922,2013-06-01,2019-07-31,81655
284,332.0,Cherry St,40.71219906,-73.97948148,2013-06-01,2019-07-31,96875
285,522.0,E 51 St & Lexington Ave,40.75714758,-73.97207836,2013-06-01,2019-07-31,157376
286,503.0,E 20 St & Park Ave,40.73827428,-73.98751968,2013-06-01,2019-07-31,246343
287,484.0,W 44 St & 5 Ave,40.75500254,-73.98014437,2013-06-01,2019-07-31,219545
288,337.0,Old Slip & Front St,40.703799200000006,-74.00838676,2013-06-01,2019-07-31,104684
289,160.0,E 37 St & Lexington Ave,40.748238,-73.978311,2013-06-01,2016-09-30,57071
290,282.0,Kent Ave & S 11 St,40.70827295,-73.96834101,2013-06-01,2019-07-31,79169
291,407.0,Henry St & Poplar St,40.700469,-73.991454,2013-06-01,2019-05-31,46995
292,315.0,South St & Gouverneur Ln,40.70355377,-74.00670227,2013-06-01,2019-07-31,209251
293,248.0,Laight St & Hudson St,40.72185379,-74.00771779,2013-06-01,2019-07-31,64863
294,262.0,Washington Park,40.69178232,-73.97372989,2013-06-01,2019-07-31,58407
295,278.0,Concord St & Bridge St,40.69766564,-73.98476437,2013-06-01,2019-07-31,43040
296,403.0,E 2 St & 2 Ave,40.72502876,-73.99069656,2013-06-01,2019-07-31,186514
297,321.0,Cadman Plaza E & Red Cross Pl,40.69991755,-73.98971773,2013-06-01,2019-07-31,90602
298,270.0,Adelphi St & Myrtle Ave,40.69308257,-73.97178913,2013-06-01,2019-07-31,86771
299,344.0,Monroe St & Bedford Ave,40.6851443,-73.95380904,2013-06-01,2019-07-31,48243
300,150.0,E 2 St & Avenue C,40.720873600000004,-73.98085795,2013-06-01,2019-07-31,150791
301,414.0,Pearl St & Anchorage Pl,40.70281858,-73.98765762,2013-06-01,2019-06-30,84950
302,397.0,Fulton St & Clermont Ave,40.68415748,-73.96922273,2013-06-01,2019-07-31,43453
303,143.0,Clinton St & Joralemon St,40.69239502,-73.99337909,2013-06-01,2019-07-31,97541
304,261.0,Johnson St & Gold St,40.69474881,-73.98362464,2013-06-01,2019-07-31,75235
305,216.0,Columbia Heights & Cranberry St,40.70037867,-73.99548059,2013-06-01,2019-07-31,43550
306,289.0,Monroe St & Classon Ave,40.684568299999995,-73.95881081,2013-06-01,2019-07-31,32939
307,245.0,Myrtle Ave & St Edwards St,40.69327018,-73.97703874,2013-06-01,2019-07-31,35143
308,244.0,Willoughby Ave & Hall St,40.69196035,-73.96536851,2013-06-01,2019-07-31,73876
309,274.0,Lafayette Ave & Fort Greene Pl,40.68691865,-73.976682,2013-06-01,2019-07-31,78536
310,353.0,S Portland Ave & Hanson Pl,40.68539567,-73.97431458,2013-06-01,2019-07-31,51692
311,322.0,Clinton St & Tillary St,40.696191999999996,-73.991218,2013-06-01,2018-11-30,64061
312,398.0,Atlantic Ave & Furman St,40.69165183,-73.99997859999999,2013-06-01,2019-07-31,99888
313,360.0,William St & Pine St,40.70717936,-74.00887308,2013-06-01,2019-07-31,126528
314,443.0,Bedford Ave & S 9th St,40.70853074,-73.96408963,2013-06-01,2019-07-31,25649
315,437.0,Macon St & Nostrand Ave,40.6809833854,-73.9500479759,2013-06-01,2019-07-31,64816
316,409.0,DeKalb Ave & Skillman St,40.6906495,-73.95643107,2013-06-01,2019-03-31,33460
317,264.0,Maiden Ln & Pearl St,40.70706456,-74.00731853,2013-06-01,2019-07-31,133649
318,534.0,Water - Whitehall Plaza,40.70255065,-74.0127234,2013-06-01,2019-07-31,103724
319,365.0,Fulton St & Grand Ave,40.68223166,-73.9614583,2013-06-01,2019-07-31,54016
320,431.0,Hanover Pl & Livingston St,40.68864636,-73.98263429,2013-06-01,2015-09-30,5816
321,383.0,Greenwich Ave & Charles St,40.735238,-74.000271,2013-06-01,2019-07-31,244792
322,82.0,St James Pl & Pearl St,40.71117416,-74.00016545,2013-06-01,2019-07-31,65624
323,144.0,Nassau St & Navy St,40.69839895,-73.98068914,2013-06-01,2019-07-31,40594
324,2005.0,Railroad Ave & Kay Ave,40.70531194,-73.97100056,2013-06-01,2019-07-31,6551
325,2001.0,7 Ave & Farragut St,40.69892054,-73.97332996,2013-06-01,2018-06-30,14427
326,242.0,Flushing Ave & Carlton Ave,40.69788349,-73.97350332,2013-06-01,2019-07-31,57654
327,324.0,DeKalb Ave & Hudson Ave,40.689888,-73.981013,2013-06-01,2019-07-31,111137
328,316.0,Fulton St & William St,40.70955958,-74.00653609,2013-06-01,2019-07-31,132547
329,300.0,Shevchenko Pl & E 6 St,40.728145,-73.990214,2013-06-01,2016-08-29,96871
330,3101.0,N 12 St & Bedford Ave,40.72079821,-73.95484712,2015-08-01,2019-07-31,57309
331,3265.0,E 2 St & 2 Ave,40.7245634290432,-73.9894437789917,2016-07-01,2017-03-29,19468
332,3066.0,Tompkins Ave & Hopkins St,40.69957608,-73.94708417,2015-08-01,2019-07-31,18836
333,3118.0,McGuinness Blvd & Eagle St,40.73555,-73.95284000000001,2015-08-01,2019-07-31,51332
334,3145.0,E 84 St & Park Ave,40.77862688,-73.95772073,2015-09-01,2019-07-31,82000
335,3224.0,W 13 St & Hudson St,40.73997354103409,-74.00513872504234,2015-08-01,2018-05-31,136120
336,3067.0,Broadway & Whipple St,40.7016657,-73.9437303,2015-08-01,2019-07-31,25806
337,3178.0,Riverside Dr & W 78 St,40.78414472,-73.98362492,2015-09-01,2019-07-31,64599
338,3093.0,N 6 St & Bedford Ave,40.71745169,-73.95850939,2015-08-01,2019-07-31,143107
339,3111.0,Norman Ave & Leonard St,40.725848299999996,-73.95064893,2015-08-01,2017-07-31,15761
340,3255.0,8 Ave & W 31 St,40.7505853470215,-73.9946848154068,2016-05-01,2019-07-31,293131
341,3137.0,5 Ave & E 73 St,40.77282817,-73.96685276,2015-09-01,2019-07-31,176457
342,3260.0,Mercer St & Bleecker St,40.72706363348306,-73.99662137031554,2016-06-01,2019-07-31,162733
343,3259.0,9 Ave & W 28 St,40.74937024193277,-73.99923384189607,2016-06-01,2019-07-31,106005
344,3158.0,W 63 St & Broadway,40.77163851,-73.98261428,2015-08-01,2019-07-31,161198
345,3147.0,E 85 St & 3 Ave,40.77801203,-73.95407149,2015-09-01,2019-02-28,122515
346,3171.0,Amsterdam Ave & W 82 St,40.78524672,-73.97667321,2015-10-01,2019-07-31,101237
347,3092.0,Berry St & N 8 St,40.7190095,-73.95852515,2015-08-01,2019-07-31,90147
348,3052.0,Lewis Ave & Madison St,40.686312,-73.935775,2015-08-01,2019-07-31,27835
349,3246.0,Montague St & Clinton St,40.694281141397326,-73.99230033159256,2016-03-01,2017-02-28,13754
350,3041.0,Kingston Ave & Herkimer St,40.67890679,-73.94142771,2015-08-01,2019-07-31,17924
351,3238.0,E 80 St & 2 Ave,40.77391390238118,-73.9543953537941,2015-12-01,2018-02-28,32408
352,3095.0,Graham Ave & Herbert St,40.71929301,-73.94500379,2015-08-01,2019-07-31,22554
353,3155.0,Lexington Ave & E 63 St,40.76440023,-73.96648977,2015-10-01,2019-07-31,81432
354,3140.0,1 Ave & E 78 St,40.77140426,-73.9535166,2015-09-01,2019-07-31,151025
355,3157.0,East End Ave & E 86 St,40.77518615,-73.94446054,2015-10-01,2019-07-31,33155
356,3138.0,E 77 St & Park Ave,40.774405455003,-73.96175265312193,2015-12-01,2016-09-30,6728
357,3167.0,Amsterdam Ave & W 73 St,40.779668090073116,-73.98093044757842,2015-09-01,2019-07-31,181015
358,3263.0,Cooper Square & E 7 St,40.72923649910006,-73.99086803197861,2016-07-01,2019-07-31,249142
359,3154.0,E 77 St & 3 Ave,40.77314236,-73.95856158,2015-11-01,2019-07-31,26688
360,3165.0,Central Park West & W 72 St,40.77579376683666,-73.97620573639871,2015-09-01,2019-07-31,191855
361,3085.0,Roebling St & N 4 St,40.714690000000004,-73.95739,2015-09-01,2019-07-31,42758
362,3180.0,Brooklyn Bridge Park - Pier 2,40.69878,-73.99712,2015-07-01,2018-09-30,36326
363,491.0,E 24 St & Park Ave S,40.74096374,-73.98602213,2013-06-01,2019-07-31,293998
364,3142.0,1 Ave & E 62 St,40.761227399999996,-73.96094022,2015-09-01,2019-07-31,150797
365,3103.0,N 11 St & Wythe Ave,40.72153267,-73.95782357,2015-08-01,2018-05-31,28040
366,3064.0,Myrtle Ave & Lewis Ave,40.69681963,-73.93756926,2015-08-01,2019-07-31,46712
367,3164.0,Columbus Ave & W 72 St,40.7770575,-73.97898475,2015-09-01,2019-07-31,207792
368,3047.0,Halsey St & Tompkins Ave,40.682368700000005,-73.944118,2015-08-01,2019-07-31,23634
369,3062.0,Myrtle Ave & Marcy Ave,40.69539817,-73.94954908,2015-08-01,2019-07-31,22914
370,3016.0,Kent Ave & N 7 St,40.72036775298455,-73.96165072917937,2015-08-01,2019-07-31,135229
371,3231.0,E 67 St & Park Ave,40.76780080148132,-73.96592080593109,2015-09-01,2019-07-31,51010
372,3161.0,W 76 St & Columbus Ave,40.7801839724239,-73.97728532552719,2015-10-01,2019-07-31,98724
373,3065.0,Union Ave & Wallabout St,40.70029511,-73.95032283,2015-08-01,2019-07-31,14956
374,3105.0,N 15 St & Wythe Ave,40.724055,-73.955736,2015-08-01,2019-07-31,25983
375,3131.0,E 68 St & 3 Ave,40.76712840349542,-73.96224617958069,2016-04-01,2019-07-31,42958
376,3090.0,N 8 St & Driggs Ave,40.71774592,-73.95600096,2015-08-01,2018-11-30,95789
377,3222.0,Hanson Pl & St Felix St,40.68515959989177,-73.97711366415024,2015-08-01,2016-09-30,22008
378,3264.0,E 61 St & Park Ave,40.76421007169064,-73.96910458803177,2016-07-01,2017-03-29,10364
379,3144.0,E 81 St & Park Ave,40.77677702,-73.95900970000001,2015-09-01,2019-06-30,29129
380,3226.0,W 82 St & Central Park West,40.78275,-73.97137,2015-09-01,2019-07-31,92325
381,3146.0,E 81 St & 3 Ave,40.77573034,-73.9567526,2015-09-01,2019-07-31,62140
382,3163.0,Central Park West & W 68 St,40.7734066,-73.97782542,2015-09-01,2019-07-31,164998
383,3148.0,E 84 St & 1 Ave,40.77565541,-73.95068615,2015-09-01,2019-07-31,71167
384,3119.0,Vernon Blvd & 50 Ave,40.74232744,-73.95411749,2015-08-01,2019-07-31,91356
385,3156.0,E 72 St & York Ave,40.76663814,-73.95348296,2015-09-01,2019-07-31,128093
386,3175.0,W 70 St & Amsterdam Ave,40.77748046,-73.98288594,2015-09-01,2019-07-31,107712
387,3135.0,E 75 St & 3 Ave,40.77112927,-73.95772297,2015-09-01,2019-07-31,67164
388,3129.0,Queens Plaza North & Crescent St,40.75110165,-73.94073717,2015-08-01,2019-07-31,84852
389,3116.0,Huron St & Franklin St,40.732659999999996,-73.95826,2015-10-01,2019-07-31,55234
390,3151.0,E 81 St & York Ave,40.7728384,-73.94989233,2015-11-01,2019-07-31,64843
391,3160.0,Central Park West & W 76 St,40.77896784,-73.97374737,2015-09-01,2019-07-31,116840
392,3170.0,W 84 St & Columbus Ave,40.78499979,-73.97283406,2015-09-01,2019-07-31,98063
393,3141.0,1 Ave & E 68 St,40.76500525,-73.95818491,2015-09-01,2019-07-31,228157
394,3134.0,3 Ave & E 62 St,40.76312584,-73.96526895,2015-09-01,2019-07-31,80475
395,3236.0,W 42 St & Dyer Ave,40.75898481399634,-73.99379968643187,2015-11-01,2019-07-31,163603
396,3230.0,Penn Station Valet,40.751283596962296,-73.99692445993422,2015-09-01,2017-02-28,76665
397,3049.0,Cambridge Pl & Gates Ave,40.68488,-73.96304,2015-08-01,2019-07-31,24297
398,3061.0,Throop Ave & Myrtle Ave,40.69622937,-73.94371094,2015-08-01,2019-07-31,11383
399,3162.0,W 78 St & Broadway,40.78339981,-73.98093133,2015-10-01,2019-07-31,77642
400,3081.0,Graham Ave & Grand St,40.711863,-73.944024,2015-08-01,2019-07-31,34865
401,3172.0,W 74 St & Columbus Ave,40.7785669,-73.97754961,2015-09-01,2019-07-31,67890
402,3152.0,3 Ave & E 71 St,40.76873687,-73.96119945,2016-06-01,2019-07-31,34012
403,3108.0,Nassau Ave & Russell St,40.725570000000005,-73.94434,2015-08-01,2019-07-31,64948
404,3087.0,Metropolitan Ave & Meeker Ave,40.71413311,-73.95234386,2015-08-01,2019-07-31,59191
405,3233.0,E 48 St & 5 Ave,40.75724567911726,-73.97805914282799,2015-10-01,2019-07-31,185332
406,3127.0,9 St & 44 Rd,40.74966,-73.9521,2015-08-01,2019-07-31,13426
407,3173.0,Riverside Blvd & W 67 St,40.777507027547976,-73.98888587951659,2015-10-01,2019-07-31,105057
408,3150.0,E 85 St & York Ave,40.77536905,-73.94803392,2015-09-01,2019-07-31,64035
409,3058.0,Lewis Ave & Kosciuszko St,40.69237074,-73.93705428,2015-08-01,2019-07-31,20749
410,3244.0,University Pl & E 8 St,40.73143724085228,-73.99490341544151,2016-01-01,2019-07-31,148125
411,3243.0,E 58 St & 1 Ave,40.75892386377695,-73.96226227283478,2016-01-01,2019-07-31,67468
412,3168.0,Central Park West & W 85 St,40.78472675,-73.96961715,2015-10-01,2019-07-31,150774
413,3082.0,Hope St & Union Ave,40.71167351,-73.95141312,2015-09-01,2019-07-31,51821
414,3258.0,W 27 St & 10 Ave,40.750181563256824,-74.00218427181244,2016-07-01,2019-06-30,148368
415,3256.0,Pier 40 - Hudson River Park,40.7277140777778,-74.01129573583603,2016-06-01,2019-07-31,173566
416,3117.0,Franklin St & Dupont St,40.735640000000004,-73.95866,2015-08-01,2019-07-31,40567
417,3132.0,E 59 St & Madison Ave,40.76350532,-73.97109243,2015-09-01,2019-07-31,94830
418,3072.0,Leonard St & Boerum St,40.70583339,-73.94644578,2015-08-01,2019-07-31,18203
419,3153.0,E 71 St & 2 Ave,40.76817546742245,-73.95910263061523,2015-12-01,2019-01-31,18652
420,3177.0,W 84 St & Broadway,40.7867947,-73.977112,2015-09-01,2019-07-31,100028
421,3080.0,S 4 St & Rodney St,40.709340000000005,-73.95608,2015-09-01,2019-07-31,35525
422,530.0,11 Ave & W 59 St,40.771522,-73.99054100000001,2013-06-01,2019-07-31,213228
423,3057.0,Kosciuszko St & Tompkins Ave,40.69128258,-73.9452416,2015-08-01,2019-07-31,24346
424,3159.0,W 67 St & Broadway,40.77492513,-73.98266566,2015-09-01,2019-07-31,143588
425,3109.0,Banker St & Meserole Ave,40.72606,-73.95621,2015-08-01,2019-07-31,50759
426,3076.0,Scholes St & Manhattan Ave,40.70870368,-73.9448625,2015-08-01,2019-07-31,34676
427,3120.0,Center Blvd & Borden Ave,40.741609999999994,-73.96044,2015-08-01,2018-12-31,17613
428,3112.0,Milton St & Franklin St,40.72906,-73.95779,2015-08-01,2019-07-31,102902
429,3107.0,Bedford Ave & Nassau Ave,40.72311651,-73.95212324,2015-08-01,2019-07-31,94420
430,3223.0,E 55 St & 3 Ave,40.758996559605116,-73.96865397691727,2015-08-01,2019-06-30,121580
431,3074.0,Montrose Ave & Bushwick Ave,40.70767788,-73.94016171,2015-08-01,2019-07-31,45680
432,3176.0,W 64 St & West End Ave,40.77452835,-73.98753759,2015-09-01,2018-07-31,57162
433,3124.0,46 Ave & 5 St,40.74731,-73.95451,2015-08-01,2019-07-31,56642
434,3122.0,48 Ave & 5 St,40.74436328706688,-73.95587325096129,2015-10-01,2019-07-31,20496
435,3121.0,Jackson Ave & 46 Rd,40.74524768,-73.94733276,2015-08-01,2019-07-31,21206
436,3055.0,Greene Ave & Nostrand Ave,40.68833370000001,-73.950916,2015-08-01,2019-07-31,20593
437,3098.0,Leonard St & Bayard St,40.71928,-73.94861,2015-08-01,2017-02-28,7600
438,3166.0,Riverside Dr & W 72 St,40.780577990103346,-73.98562431335448,2015-09-01,2019-07-31,94326
439,3086.0,Graham Ave & Conselyea St,40.715143,-73.944507,2015-08-01,2019-07-31,76676
440,3126.0,44 Dr & Jackson Ave,40.74718234,-73.9432635,2015-08-01,2019-07-31,46803
441,3099.0,Leonard St & Manhattan Ave,40.72152240339303,-73.94898265600203,2015-10-01,2016-12-31,4586
442,3042.0,Fulton St & Utica Ave,40.6794268,-73.92989109999999,2015-08-01,2019-07-31,22883
443,3106.0,Driggs Ave & N Henry St,40.72325,-73.94308000000001,2015-08-01,2019-07-31,51893
444,3083.0,Bushwick Ave & Powers St,40.71247661,-73.94100005,2015-08-01,2019-07-31,36460
445,3048.0,Putnam Ave & Nostrand Ave,40.684020000000004,-73.94977,2015-08-01,2019-07-31,16186
446,3169.0,Riverside Dr & W 82 St,40.78720869,-73.98128127,2015-09-01,2019-07-31,74485
447,3077.0,Stagg St & Union Ave,40.70877084,-73.95095259,2015-08-01,2019-07-31,45838
448,3143.0,5 Ave & E 78 St,40.77682863439968,-73.96388769149779,2015-10-01,2019-07-31,143497
449,3115.0,India St & Manhattan Ave,40.73232194,-73.9550858,2015-08-01,2019-07-31,52486
450,3113.0,Greenpoint Ave & Manhattan Ave,40.730259999999994,-73.95394,2015-08-01,2019-07-31,65858
451,3068.0,Humboldt St & Varet St,40.7031724,-73.940636,2015-08-01,2019-07-31,25659
452,3241.0,Monroe St & Tompkins Ave,40.686203000000006,-73.944694,2015-12-01,2019-07-31,23378
453,3096.0,Union Ave & N 12 St,40.71924,-73.95241999999999,2015-11-01,2019-07-31,58818
454,3059.0,Pulaski St & Marcus Garvey Blvd,40.693398200000004,-73.939877,2015-08-01,2019-07-31,12896
455,3054.0,Greene Ave & Throop Ave,40.6894932,-73.942061,2015-08-01,2019-07-31,19475
456,3094.0,Graham Ave & Withers St,40.7169811,-73.94485918,2015-08-01,2019-07-31,30774
457,3110.0,Meserole Ave & Manhattan Ave,40.72708584,-73.95299117,2015-08-01,2019-07-31,68804
458,3100.0,Nassau Ave & Newell St,40.724812564400175,-73.94752621650694,2016-03-01,2019-07-31,43086
459,3088.0,Union Ave & Jackson St,40.7160751,-73.95202900000001,2015-08-01,2019-07-31,27082
460,3235.0,E 41 St & Madison Ave,40.752165280621966,-73.97992193698882,2015-10-01,2019-07-31,129012
461,3043.0,Lewis Ave & Decatur St,40.6814598,-73.934903,2015-08-01,2019-07-31,12563
462,3139.0,E 72 St & Park Ave,40.77118287540658,-73.96409422159195,2015-09-01,2019-07-31,67824
463,3079.0,Leonard St & Grand St,40.71103537,-73.94714303,2015-08-01,2016-12-31,10083
464,3102.0,Driggs Ave & Lorimer St,40.72179134,-73.95041540000001,2015-08-01,2019-07-31,41861
465,3237.0,21 St & 41 Ave,40.75383343437622,-73.94267678260802,2015-10-01,2017-02-28,3752
466,3123.0,31 St & Thomson Ave,40.74469738,-73.93540375,2015-08-01,2019-07-31,13506
467,3078.0,Broadway & Roebling St,40.70925562,-73.95982218,2015-11-01,2019-07-31,57153
468,3091.0,Frost St & Meeker St,40.71764,-73.94882,2015-08-01,2019-01-31,17974
469,3179.0,Park Ave & Marcus Garvey Blvd,40.698617,-73.941342,2015-08-01,2019-07-31,13158
470,3046.0,Marcus Garvey Blvd & Macon St,40.682601,-73.938037,2015-08-01,2019-07-31,17643
471,3249.0,Verona Pl & Fulton St,40.680356084043396,-73.94767910242079,2016-04-01,2019-07-31,19782
472,3232.0,Bond St & Fulton St,40.68962188790333,-73.98304268717766,2015-09-01,2019-07-31,60504
473,3050.0,Putnam Ave & Throop Ave,40.6851532,-73.94111,2015-08-01,2019-07-31,21975
474,3056.0,Kosciuszko St & Nostrand Ave,40.69072549,-73.95133465,2015-08-01,2019-07-31,19799
475,3053.0,Marcy Ave & Lafayette Ave,40.6900815,-73.94791500000001,2015-08-01,2019-07-31,14140
476,3089.0,Leonard St & Meeker Ave,40.717318403855785,-73.9482021331787,2015-11-01,2016-11-30,2811
477,3060.0,Willoughby Ave & Tompkins Ave,40.69425403,-73.94626915,2015-08-01,2019-07-31,18274
478,3071.0,Boerum St & Broadway,40.70538077,-73.94976519,2015-08-01,2019-07-31,22307
479,3069.0,Lorimer St & Broadway,40.70411791,-73.94818595,2015-08-01,2019-07-31,16600
480,3084.0,Devoe St & Leonard St,40.71348658,-73.94792458,2015-08-01,2016-12-31,8694
481,3242.0,Schermerhorn St & Court St,40.69102925677968,-73.99183362722397,2015-12-01,2019-07-31,56681
482,3070.0,McKibbin St & Manhattan Ave,40.70510918,-73.94407279,2015-08-01,2019-07-31,16941
483,3073.0,Division Ave & Hooper St,40.70691254,-73.95441667,2015-08-01,2018-07-31,15378
484,3128.0,21 St & 43 Ave,40.75052534,-73.94594845,2015-08-01,2019-07-31,10996
485,3125.0,45 Rd & 11 St,40.74708586,-73.94977234,2015-08-01,2019-07-31,39660
486,3245.0,Kiosk in a box Motivate,40.646677898897856,-74.01630342006682,2016-07-01,2019-06-30,637
487,3044.0,Albany Ave & Fulton St,40.6800105,-73.938475,2015-08-01,2019-07-31,8957
488,3221.0,47 Ave & 31 St,40.743,-73.93561,2015-09-01,2019-07-31,14288
489,3063.0,Nostrand Ave & Myrtle Ave,40.69527008,-73.95238108,2015-08-01,2019-07-31,13689
490,3254.0,Soissons Landing,40.69231660719192,-74.01486575603484,2016-05-01,2019-07-31,29717
491,255.0,NYCBS Depot - SSP,40.646768,-74.01651,2013-06-01,2017-05-31,1718
492,3282.0,5 Ave & E 88 St,40.78307,-73.95939,2016-08-01,2019-07-31,137669
493,3114.0,India St & East River,40.73165141,-73.96161892,2015-08-01,2017-04-30,5273
494,3182.0,Yankee Ferry Terminal,40.686931,-74.016966,2015-08-01,2019-07-31,30802
495,3285.0,W 87 St  & Amsterdam Ave,40.78839,-73.9747,2016-08-01,2019-07-31,58550
496,3284.0,E 88 St & Park Ave,40.781410700190015,-73.95595908164978,2016-08-01,2019-07-31,33498
497,3075.0,Division Ave & Marcy Ave,40.70708701,-73.95796783,2015-08-01,2019-07-31,11981
498,3287.0,W 87 St & West End Ave,40.790261,-73.977131,2016-08-01,2016-09-30,2828
500,3219.0,NYCBS Depot - STY,40.729193,-73.97665500000001,2016-07-01,2017-05-31,323
501,3288.0,E 88 St & 1 Ave,40.778301,-73.9488134,2016-08-02,2019-07-31,50218
502,3291.0,Riverside Dr & W 91 St,40.7933718,-73.97685115,2016-08-02,2016-09-30,2407
503,3286.0,E 89 St & 3 Ave,40.7806284,-73.9521667,2016-08-02,2019-07-31,45413
504,3292.0,5 Ave & E 93 St,40.785785100000005,-73.957481,2016-08-03,2019-07-31,49038
505,3294.0,E 91 St & Park Ave,40.7835016,-73.955327,2016-08-03,2019-07-31,36731
506,3312.0,1 Ave & E 94 St,40.78172120000001,-73.94594000000001,2016-08-04,2019-07-31,41389
507,3295.0,Central Park W & W 96 St,40.791270000000004,-73.964839,2016-08-04,2019-07-31,98851
508,3290.0,E 89 St & York Ave,40.7779453,-73.94604100000001,2016-08-04,2019-07-31,36129
509,3301.0,Columbus Ave & W 95 St,40.7919557,-73.968087,2016-08-04,2019-07-31,72453
510,3307.0,West End Ave & W 94 St,40.7941654,-73.974124,2016-08-05,2019-07-31,45712
511,3314.0,W 95 St & Broadway,40.7937704,-73.971888,2016-08-05,2019-07-31,70381
512,3336.0,E 97 St & Madison Ave,40.787801,-73.953559,2016-08-05,2019-07-31,51111
513,3325.0,E 95 St & 3 Ave,40.7849032,-73.950503,2016-08-05,2018-05-31,13959
514,3425.0,2 Ave  & E 104 St,40.789210499999996,-73.94370784,2016-08-06,2019-07-31,27732
515,3305.0,E 91 St & 2 Ave,40.781122299341654,-73.94965589046478,2016-08-08,2019-07-31,65421
516,3320.0,Central Park West & W 100 St,40.793393,-73.96355559999999,2016-08-08,2019-07-31,57005
517,3351.0,E 102 St & 1 Ave,40.7869946,-73.94164802,2016-08-08,2019-07-31,47157
518,3341.0,Central Park West & W 102 St,40.795346,-73.96186,2016-08-08,2019-07-31,35422
519,3289.0,W 90 St & Amsterdam Ave,40.79017948095081,-73.97288918495178,2016-08-08,2019-07-31,38538
520,3309.0,E 97 St & 3 Ave,40.7859201,-73.94860294,2016-08-09,2019-07-31,14367
521,3327.0,3 Ave & E 100 St,40.787721399999995,-73.94728331,2016-08-09,2019-07-31,10286
522,3350.0,W 100 St & Broadway,40.797372100000004,-73.97041192,2016-08-09,2019-07-31,60149
523,3316.0,W 104 St & Amsterdam Ave,40.798993700000004,-73.96621737779999,2016-08-09,2018-06-30,17412
524,3302.0,Columbus Ave & W 103 St,40.7969347,-73.9643412291,2016-08-09,2019-07-31,13874
525,3345.0,Madison Ave & E 99 St,40.78948541553215,-73.9524292945862,2016-08-10,2019-07-31,29801
526,3363.0,E 102 St & Park Ave,40.7904828,-73.95033068,2016-08-10,2019-07-31,19345
527,3357.0,W 106 St & Amsterdam Ave,40.80083629999999,-73.9664492472,2016-08-11,2019-07-31,36289
528,3323.0,W 106 St & Central Park West,40.798185600000004,-73.96059090060001,2016-08-11,2019-07-31,54944
529,3367.0,5 Ave & E 103 St,40.792255299999994,-73.95249933,2016-08-11,2019-07-31,55496
530,3343.0,W 107 St & Columbus Ave,40.7997568,-73.9621128676,2016-08-11,2019-07-31,26061
531,3391.0,E 106 St & 1 Ave,40.7892529,-73.93956237,2016-08-11,2019-07-31,16069
533,3390.0,E 109 St & 3 Ave,40.79329668,-73.9432083,2016-08-12,2019-07-31,21669
534,3400.0,E 110 St & Madison Ave,40.796153499999996,-73.94782145,2016-08-12,2019-07-31,39601
535,3387.0,E 106 St & Madison Ave,40.79343370000001,-73.94945003,2016-08-12,2019-07-31,18029
536,3379.0,E 103 St & Lexington Ave,40.790305100000005,-73.94755757,2016-08-16,2019-07-31,27251
537,3331.0,Riverside Dr & W 104 St,40.8013434,-73.97114574390001,2016-08-16,2019-07-31,41008
538,3366.0,West End Ave & W 107 St,40.8021174,-73.9681805305,2016-08-16,2019-07-31,34584
539,3408.0,Congress St & Clinton St,40.6881529,-73.99520919,2016-08-18,2019-07-31,40322
540,3411.0,Bond St & Bergen St,40.6849668,-73.98620772,2016-08-18,2019-07-31,32760
541,3413.0,Wyckoff St & 3 Ave,40.6827549,-73.98258555,2016-08-18,2019-07-31,25004
542,3417.0,Baltic St & 5 Ave,40.6795766,-73.97854971,2016-08-19,2019-07-31,37946
543,3416.0,7 Ave & Park Pl,40.67761470000001,-73.97324283,2016-08-19,2019-07-31,32126
544,3415.0,Prospect Pl & 6 Ave,40.6793307,-73.97519523,2016-08-19,2019-07-31,29265
545,3419.0,Douglass St & 4 Ave,40.67927879999999,-73.98154004,2016-08-20,2019-07-31,30212
546,3420.0,Douglass St & 3 Ave,40.6802133,-73.98432695,2016-08-22,2019-07-31,35901
547,3303.0,Butler St & Court St,40.6849894,-73.99440329,2016-08-22,2019-07-31,25348
548,3422.0,Columbia St & Degraw St,40.6859296,-74.00242364,2016-08-22,2019-07-31,30950
549,3311.0,Columbia St & Kane St,40.68763155,-74.0016256,2016-08-22,2019-07-31,28557
550,3321.0,Clinton St & Union St,40.683116399999996,-73.99785267,2016-08-22,2019-07-31,31473
551,3335.0,Union St & 4 Ave,40.6772744,-73.98282002,2016-08-23,2019-07-31,37379
552,3383.0,Cathedral Pkwy & Broadway,40.804213,-73.96699104,2016-08-23,2019-07-31,67159
553,3389.0,Carroll St & Columbia St,40.6830456,-74.00348559,2016-08-23,2019-07-31,28704
554,3393.0,Richards St & Delavan St,40.67943270000001,-74.00785041,2016-08-23,2019-07-31,8282
555,3392.0,Commerce St & Van Brunt St,40.681211700000006,-74.00860912,2016-08-23,2019-07-31,10963
556,3395.0,Henry St & W 9 St,40.6763744,-74.00324957,2016-08-24,2019-07-31,3858
557,3315.0,Henry St & Degraw St,40.684751399999996,-73.99917254,2016-08-24,2019-07-31,45369
558,3403.0,4 Ave & 9 St,40.6705135,-73.98876585,2016-08-24,2019-07-31,25946
559,3373.0,3 St & 3 Ave,40.675070500000004,-73.98775226,2016-08-24,2019-07-31,37515
560,3401.0,2 Ave & 9 St,40.6724811,-73.99331394,2016-08-24,2019-05-31,10259
561,3398.0,Smith St & 9 St,40.67469570000001,-73.99785768,2016-08-24,2019-07-31,31585
562,3396.0,Clinton St & 4 Place,40.6783563,-74.00014502,2016-08-24,2019-07-31,29157
563,3339.0,Berkeley Pl & 6 Ave,40.6765304,-73.97846879,2016-08-24,2019-07-31,25941
564,3368.0,5 Ave & 3 St,40.672815500000006,-73.98352355,2016-08-25,2019-07-31,45540
565,3308.0,Kane St & Clinton St,40.686175799999994,-73.99645295,2016-08-25,2019-07-31,35142
566,3405.0,5 St & 6 Ave,40.670483600000004,-73.98208968,2016-08-25,2019-07-31,18032
567,3304.0,6 Ave & 9 St,40.668127,-73.98377641,2016-08-25,2019-07-31,32907
568,3310.0,14 St & 7 Ave,40.663779,-73.98396846,2016-08-25,2019-07-31,29635
569,3306.0,10 St & 7 Ave,40.666207799999995,-73.98199886,2016-08-25,2019-07-31,28499
570,3297.0,6 St & 7 Ave,40.668662700000006,-73.97988067,2016-08-25,2019-07-31,22015
571,3404.0,7 St & 5 Ave,40.670492200000005,-73.98541675,2016-08-25,2019-07-31,22364
572,3402.0,Court St & State St,40.6902375,-73.99203074,2016-08-26,2019-07-31,68620
573,3313.0,6 Ave & 12 St,40.666318100000005,-73.9854617,2016-08-26,2019-07-31,19230
574,3322.0,12 St & 4 Ave,40.668603000000004,-73.99043940000001,2016-08-26,2019-07-31,12776
575,3333.0,Columbia St & Lorraine St,40.6747055,-74.00755720000001,2016-08-26,2019-07-31,3198
576,3317.0,10 St & 5 Ave,40.6686273,-73.98700053,2016-08-27,2019-07-31,18324
577,3330.0,Henry St & Bay St,40.672505799999996,-74.00494695,2016-08-27,2019-07-31,6306
578,3427.0,Lafayette St & Jersey St,40.72430527250332,-73.99600982666016,2016-08-29,2019-07-31,179488
579,3364.0,Carroll St & 5 Ave,40.6751622,-73.9814832,2016-08-29,2019-07-31,34551
580,3324.0,3 Ave & 14 St,40.6685455,-73.99333264,2016-08-29,2019-07-31,16055
581,3388.0,President St & Henry St,40.6828003,-73.99990419,2016-08-29,2019-07-31,24923
582,3298.0,Warren St & Court St,40.686371,-73.99383324,2016-08-29,2019-07-31,34313
583,3421.0,Hoyt St & Warren St,40.6843549,-73.98901629,2016-08-29,2018-11-30,10118
584,3329.0,Degraw St & Smith St,40.6829151,-73.99318208,2016-08-30,2019-07-31,28844
585,3326.0,Clinton St & Centre St,40.67434,-74.00194698,2016-08-30,2019-07-31,6523
586,3410.0,Dean St & Hoyt St,40.686444200000004,-73.98759104,2016-08-30,2019-07-31,25239
588,3300.0,Prospect Park West & 8 St,40.66514681533792,-73.97637605667114,2016-08-30,2019-07-31,34652
589,3361.0,Carroll St & 6 Ave,40.6740886,-73.9787282,2016-08-30,2019-07-31,36176
590,3382.0,Carroll St & Smith St,40.680611,-73.99475825,2016-08-30,2019-07-31,51667
591,3397.0,Court St & Nelson St,40.6763947,-73.99869893,2016-08-30,2019-07-31,23750
592,3386.0,1 Pl & Clinton St,40.6809591,-73.99905709,2016-08-30,2019-07-31,24249
593,3340.0,Wolcott St & Dwight St,40.6753274,-74.0100698,2016-08-30,2019-07-31,7217
594,3394.0,Columbia St & W 9 St,40.6769993,-74.00647134,2016-08-30,2019-07-31,5032
595,3353.0,Reed St & Van Brunt St,40.6747844,-74.01612847,2016-08-31,2017-08-28,8246
596,3342.0,Pioneer St & Richards St,40.677774799999995,-74.0094613,2016-08-31,2019-07-31,7728
598,3130.0,21 St & Queens Plaza North,40.75325964,-73.94335788,2015-08-01,2019-07-31,17642
599,3136.0,5 Ave & E 63 St,40.766368,-73.971518,2015-09-01,2019-07-31,69587
600,3240.0,NYCBS Depot BAL - DYR,40.759030082196055,-73.9938586950302,2016-12-01,2018-08-31,124
601,3283.0,W 89 St & Columbus Ave,40.7882213,-73.97041561,2016-09-01,2019-07-31,63091
602,3293.0,W 92 St & Broadway,40.7921,-73.9739,2016-09-01,2019-07-31,51569
603,3296.0,E 93 St & 2 Ave,40.78245417527987,-73.94891962409021,2017-08-01,2019-07-31,21551
604,3299.0,E 98 St & Park Ave,40.788129999999995,-73.95206,2018-03-01,2019-07-31,6542
605,3318.0,2 Ave & E 96 St,40.7839636,-73.94716729999999,2017-02-01,2019-07-31,56575
606,3319.0,14 St & 5 Ave,40.666287,-73.98895053,2016-09-01,2019-07-31,28543
607,3328.0,W 100 St & Manhattan Ave,40.795,-73.9645,2016-09-01,2019-07-31,38060
608,3332.0,Degraw St & Hoyt St,40.68199044270703,-73.99079024791719,2016-09-01,2019-07-31,17975
609,3337.0,Dwight St & Van Dyke St,40.67363551341504,-74.01195555925368,2017-02-01,2019-07-31,5961
610,3338.0,2 Ave & E 99 St,40.786258600000004,-73.94552579,2016-09-01,2019-07-31,17383
611,3344.0,Pioneer St & Van Brunt St,40.679043,-74.011169,2016-09-01,2019-07-31,19879
612,3346.0,Berkeley Pl & 7 Ave,40.675146838709786,-73.9752320945263,2016-10-01,2019-07-31,47903
613,3347.0,Van Brunt St & Wolcott St,40.6773429,-74.01275056,2016-09-01,2019-07-31,20220
614,3348.0,Coffey St & Conover St,40.677236,-74.015665,2016-09-01,2019-07-31,14754
615,3349.0,Grand Army Plaza & Plaza St West,40.6729679,-73.97087984,2016-09-01,2019-07-31,68232
616,3352.0,Sigourney St & Columbia St,40.67267243410948,-74.00879524648191,2017-01-01,2019-07-31,7827
617,3354.0,3 St & Prospect Park West,40.668132,-73.97363831,2016-09-01,2019-07-31,48988
618,3355.0,E 66 St & Madison Ave,40.768008893059466,-73.96845281124116,2016-09-01,2019-07-31,25134
619,3356.0,Amsterdam Ave & W 66 St,40.7746671,-73.98470567,2016-09-01,2019-07-31,44583
620,3358.0,Garfield Pl & 8 Ave,40.671197799999995,-73.97484126,2016-09-01,2019-07-31,28849
621,3359.0,E 68 St & Madison Ave,40.7691572,-73.96703464,2016-09-01,2019-07-31,29651
622,3360.0,Amsterdam Ave & W 79 St,40.7829391,-73.9786517,2016-09-01,2019-07-31,80263
623,3362.0,Madison Ave & E 82 St,40.7781314,-73.96069399,2016-09-01,2019-07-31,51101
624,3365.0,3 St & 7 Ave,40.67038370000001,-73.97839676,2016-09-01,2019-07-31,36557
625,3369.0,E 82 St & East End Ave,40.7724607,-73.9468208,2017-06-01,2019-07-31,25146
626,3370.0,E 78 St & 2 Ave,40.7727966,-73.95577801,2016-09-01,2019-07-31,35133
627,3371.0,4 Ave & 2 St,40.674613422475815,-73.98501142859459,2016-12-01,2019-04-30,12345
628,3372.0,E 74 St & 1 Ave,40.7689738,-73.95482273,2016-09-01,2019-07-31,65239
629,3374.0,Central Park North & Adam Clayton Powell Blvd,40.799484,-73.955613,2016-09-01,2019-07-31,111439
630,3375.0,3 Ave & E 72 St,40.7699426,-73.96060712,2016-09-01,2019-07-31,29240
631,3376.0,E 65 St & 2 Ave,40.76471851944339,-73.96222069859505,2016-09-01,2019-07-31,41145
632,3377.0,Carroll St & Bond St,40.6786115,-73.99037292,2016-09-01,2019-07-31,28889
633,3378.0,E 76 St & Park Ave,40.773763,-73.96222088,2016-09-01,2019-07-31,43727
634,3381.0,3 St & Hoyt St,40.6777287,-73.99364123,2016-09-01,2019-07-31,17880
635,3384.0,Smith St & 3 St,40.678724200000005,-73.99599099,2016-09-01,2019-07-31,28671
636,3399.0,7 St & 3 Ave,40.67260298150126,-73.98983001708984,2016-09-01,2019-07-31,15786
637,3407.0,Union St & Nevins St,40.67909799721684,-73.98765474557877,2016-10-01,2019-07-31,27728
638,3409.0,Bergen St & Smith St,40.686744299999994,-73.99063168,2016-09-01,2019-07-31,93000
639,3412.0,Pacific St & Nevins St,40.6853761,-73.98302136,2016-09-01,2019-07-31,27006
640,3414.0,Bergen St & Flatbush Ave,40.680944723477296,-73.97567331790923,2016-09-01,2019-07-31,37383
641,3418.0,Plaza St West & Flatbush Ave,40.675020700000005,-73.97111473,2016-09-01,2019-07-31,59817
642,3423.0,West Drive & Prospect Park West,40.6610633719006,-73.97945255041121,2016-09-01,2019-07-31,73634
643,3424.0,E 106 St & Lexington Ave,40.791976,-73.945993,2016-09-01,2019-07-31,15009
644,3429.0,Hanson Pl & Ashland Pl,40.68506807308177,-73.97790759801863,2016-09-01,2019-07-31,112788
645,3430.0,Richardson St & N Henry St,40.71907891179564,-73.94223690032959,2016-09-01,2019-07-31,32793
646,3431.0,E 35 St & 3 Ave,40.746524,-73.977885,2016-09-01,2019-02-28,69131
647,3432.0,NYCBS Depot - GOW,40.66906013501107,-73.99463653564453,2016-09-01,2019-06-30,1522
648,3434.0,W 88 St & West End Ave,40.790254173304184,-73.97718340158461,2016-09-01,2019-07-31,36997
649,3435.0,Grand St & Elizabeth St,40.718821999999996,-73.99596,2016-09-01,2019-07-31,187190
650,3437.0,Riverside Dr & W 91 St,40.793134809866636,-73.97700369358063,2017-07-01,2019-07-31,25239
651,3438.0,E 76 St & 3 Ave,40.772248537721744,-73.95842134952545,2016-11-01,2018-09-30,23978
652,3440.0,Fulton St & Adams St,40.692418292578466,-73.98949474096298,2016-11-01,2019-07-31,71492
653,3441.0,10 Hudson Yards,40.752957,-74.00264,2017-03-01,2019-07-31,10303
654,3443.0,W 52 St & 6 Ave,40.76132983124814,-73.97982001304626,2017-01-01,2019-07-31,142452
655,3449.0,Eckford St & Engert Ave,40.72146256229816,-73.94800901412964,2017-03-01,2019-07-31,14291
656,3452.0,Bayard St & Leonard St,40.71915571696044,-73.94885390996933,2017-02-01,2019-07-31,21418
657,3453.0,Devoe St & Lorimer St,40.71335226222875,-73.9491033554077,2017-02-01,2019-07-31,30911
658,3454.0,Leonard St & Maujer St,40.71036854235229,-73.94705951213838,2017-02-01,2019-07-31,22695
659,3456.0,Jackson St & Leonard St,40.716380319735606,-73.94821286201476,2017-03-01,2019-07-31,8183
660,3457.0,E 58 St & Madison Ave,40.763025942805186,-73.97209525108337,2017-04-01,2019-05-31,35485
661,3458.0,W 55 St & 6 Ave,40.76309387270797,-73.97835016250609,2017-05-01,2019-05-31,82763
662,3459.0,E 53 St & 3 Ave,40.75763227739443,-73.9693057537079,2017-04-01,2019-07-31,73540
663,3461.0,Murray St & Greenwich St,40.71485150526252,-74.01122331619263,2017-05-01,2019-07-31,78139
664,3462.0,E 44 St & 2 Ave,40.75118387463277,-73.97138714790343,2017-04-01,2019-02-28,37954
665,3463.0,E 16 St & Irving Pl,40.735367055605394,-73.98797392845155,2017-04-01,2019-07-31,89634
666,3466.0,W 45 St & 6 Ave (OLD),40.75668720603179,-73.98257732391356,2017-05-01,2019-04-30,52295
667,3467.0,W Broadway & Spring Street,40.72494672359416,-74.00165855884552,2017-08-01,2019-07-31,80726
668,3468.0,NYCBS Depot - STY - Garage 4,40.730380100000005,-73.9747502,2017-05-01,2018-07-31,508
669,3469.0,India St & West St,40.73181401720966,-73.95995020866394,2017-06-01,2019-07-31,16778
670,3472.0,W 15 St & 10 Ave,40.742753828659026,-74.00747358798982,2017-06-01,2019-07-31,81489
671,3474.0,6 Ave & Spring St,40.7252556952547,-74.00412082672119,2017-06-01,2019-03-31,58525
672,3477.0,39 St & 2 Ave - Citi Bike HQ at Industry City,40.65539977447831,-74.0106278657913,2017-07-01,2019-07-31,5340
673,3478.0,2 Ave & 36 St - Citi Bike HQ at Industry City,40.65708866668485,-74.00870203971863,2017-07-01,2019-07-31,14257
674,3479.0,Picnic Point,40.68512559515415,-74.02535319328308,2017-08-01,2019-07-31,13554
676,3486.0,Schermerhorn St & Bond St,40.68841742754083,-73.98451656103134,2017-09-01,2019-07-31,41442
677,3489.0,Gold St & Frankfort St,40.710699946313866,-74.00354146957396,2017-08-01,2019-01-31,18083
678,3490.0,E 116 St & 2 Ave,40.796879,-73.93726099999999,2017-09-01,2019-07-31,8516
679,3491.0,E 118 St & 1 Ave,40.797470000000004,-73.93504,2017-10-01,2019-07-31,10607
680,3492.0,E 118 St & Park Ave,40.8005385,-73.9419949,2017-09-01,2019-07-31,4645
681,3493.0,E 118 St & 3 Ave,40.799139000000004,-73.9389152,2017-09-01,2019-07-31,10482
682,3494.0,E 115 St & Lexington Ave,40.797911,-73.9423,2017-09-01,2019-07-31,11438
683,3495.0,E 114 St & 1 Ave,40.79456629999999,-73.9362541,2017-09-01,2019-07-31,8966
684,3496.0,1 Ave & E 110 St,40.7923272,-73.9383,2017-09-01,2019-07-31,20826
685,3497.0,Pleasant Ave & E 116 St,40.794987899999995,-73.9333349,2017-09-01,2019-07-31,25456
686,3498.0,Pleasant Ave & E 120 St,40.7974772,-73.9311847,2017-10-01,2019-07-31,7730
687,3499.0,2 Ave & E 122 St,40.8006721,-73.9349,2017-09-01,2019-07-31,7662
688,3500.0,E 115 St & Madison Ave,40.7989445,-73.944846,2017-09-01,2019-07-31,8337
689,3501.0,E 118 St & Madison Ave,40.801486600000004,-73.9442507,2017-09-01,2019-07-31,9042
690,3502.0,Lexington Ave & E 111 St,40.79541210000001,-73.9441232,2017-09-01,2019-07-31,13943
691,3503.0,Madison Ave & E 120 St,40.80295,-73.942954,2017-09-01,2019-07-31,6890
692,3504.0,E 123 St & Lexington Ave,40.802926299999996,-73.9379,2017-09-01,2019-07-31,10133
693,3505.0,Lexington Ave & E 127 St,40.805726,-73.936322,2017-11-01,2019-07-31,5610
694,3506.0,Lexington Ave & E 120 St,40.8013066,-73.93981670000001,2017-09-01,2019-07-31,6367
695,3507.0,Park Ave & E 124 St,40.8045555,-73.93968609999999,2017-09-01,2019-07-31,41642
696,3508.0,St Nicholas Ave & Manhattan Ave,40.809725,-73.953149,2017-09-01,2019-07-31,25064
697,3509.0,Lenox Ave & W 115 St,40.8011939,-73.9500739,2017-09-01,2019-07-31,16061
698,3510.0,Adam Clayton Powell Blvd & W 123 St,40.8078316,-73.949373,2017-09-01,2019-07-31,14372
699,3511.0,Adam Clayton Powell Blvd & W 115 St,40.802535,-73.9532423,2017-09-01,2019-07-31,10711
700,3512.0,27 Ave & 4 St,40.7747175,-73.93378940000001,2017-10-01,2019-07-31,2214
701,3513.0,21 St & Hoyt Ave S,40.774645,-73.92370600000001,2017-10-01,2019-07-31,5387
702,3514.0,Astoria Park S & Shore Blvd,40.7767,-73.927631,2017-10-01,2019-07-31,9153
703,3515.0,24 Ave & 26 St,40.774591,-73.918544,2017-10-01,2019-07-31,7958
704,3516.0,31 St & Astoria Blvd,40.76991760000001,-73.91840570000001,2017-10-01,2019-07-31,15431
705,3517.0,31 St & Hoyt Ave N,40.771152799999996,-73.9170074,2017-10-01,2019-07-31,8910
706,3518.0,Lenox Ave & W 126 St,40.808442,-73.94520870000001,2017-09-01,2019-07-31,24527
707,3520.0,Adam Clayton Powell Blvd & W 118 St,40.804372,-73.951475,2017-10-01,2019-07-31,10491
708,3521.0,Lenox Ave & W 111 St,40.7987859,-73.9523,2017-10-01,2019-07-31,44600
709,3522.0,37 St & 24 Ave,40.7701477,-73.9120938,2017-10-01,2019-07-31,6173
710,3523.0,24 Ave & 29 St,40.7729,-73.91614200000001,2017-10-01,2019-07-31,6899
711,3524.0,19 St & 24 Ave,40.777455200000006,-73.9225403,2017-10-01,2019-07-31,9509
712,3525.0,23 Ave & 27 St,40.776165,-73.9153175,2017-10-01,2019-07-31,4448
713,3526.0,31 St & 23 Ave,40.7747878,-73.91255509999999,2017-10-01,2019-07-31,24573
714,3527.0,5 Ave & E 126 St,40.806979999999996,-73.94174699999999,2017-10-01,2019-07-31,7699
715,3528.0,Steinway St & 23 Ave,40.771393700000004,-73.9077436,2017-10-01,2019-07-31,7461
716,3529.0,Lenox Ave & W 130 St,40.8107922,-73.9430681,2017-09-01,2019-07-31,21639
717,3530.0,Crescent St & Ditmars Blvd,40.7787185,-73.9145645,2017-10-01,2019-07-31,7077
718,3531.0,Frederick Douglass Blvd & W 129 St,40.8125511,-73.9492286,2017-09-01,2019-07-31,9993
719,3532.0,Ditmars Blvd & 19 St,40.78145,-73.9183302,2017-10-01,2019-07-31,10984
720,3533.0,St. Nicholas Ave & W 126 St,40.8114323,-73.95187759999999,2017-09-01,2019-07-31,17906
721,3534.0,Frederick Douglass Blvd & W 117 St,40.805159,-73.95469200000001,2017-10-01,2019-07-31,32980
722,3535.0,Mt Morris Park W & W 120 St,40.804038,-73.945925,2017-09-01,2019-07-31,14161
723,3536.0,W 116 St & Broadway,40.8082,-73.9641,2017-09-01,2019-07-31,23194
724,3537.0,Carlton Ave & Dean St,40.68097410000001,-73.97100970000001,2017-10-01,2019-07-31,18522
725,3538.0,W 110 St & Amsterdam Ave,40.802692,-73.96295,2017-09-01,2019-07-31,23980
726,3539.0,W 116 St & Amsterdam Ave,40.8067581,-73.9607082,2017-10-01,2019-07-31,22308
727,3540.0,Morningside Ave & W 123 St,40.81,-73.9551508,2017-09-01,2019-07-31,11947
728,3541.0,Amsterdam Ave & W 125 St,40.813358,-73.956461,2017-09-01,2019-07-31,11571
729,3542.0,Amsterdam Ave & W 119 St,40.8086249,-73.9596214,2017-09-01,2019-07-31,17432
730,3543.0,Morningside Dr & Amsterdam Ave,40.81028506306003,-73.95736455917357,2017-12-01,2019-07-31,5508
731,3544.0,Underhill Ave & Pacific St,40.6804836,-73.9646795,2017-10-01,2019-07-31,15623
732,3545.0,Broadway & W 122 St,40.8120562,-73.9612547,2017-09-01,2019-07-31,11090
733,3546.0,Pacific St & Classon Ave,40.67919439999999,-73.95879029999999,2017-10-01,2019-07-31,6032
734,3547.0,Broadway & Moylan Pl,40.8143256,-73.9590255,2017-09-01,2019-07-31,24575
735,3549.0,Grand Ave & Bergen St,40.678045000000004,-73.962408,2017-10-01,2019-07-31,18144
736,3551.0,3 Ave & E 112 St,40.795508,-73.94160600000001,2017-09-01,2019-07-31,7047
737,3552.0,W 113 St & Broadway,40.805973,-73.964928,2017-09-01,2019-07-31,22664
738,3553.0,Frederick Douglass Blvd & W 112 St,40.801694,-73.957145,2017-09-01,2019-07-31,32049
739,3554.0,Vernon Blvd & 41 Rd,40.7552433,-73.94856779999999,2017-09-01,2019-07-31,6187
740,3555.0,28 St & 41 Ave,40.751047,-73.93796999999999,2017-10-01,2019-07-31,16253
741,3556.0,24 St & 41 Ave,40.752708500000004,-73.9397405,2017-09-01,2019-07-31,9957
742,3557.0,40 Ave & 9 St,40.75742,-73.945133,2017-10-01,2019-07-31,3681
743,3558.0,Bergen St & Vanderbilt Ave,40.6794388,-73.96804379999999,2017-10-01,2019-07-31,24667
744,3559.0,21 St & 38 Ave,40.7576314,-73.9391224,2017-10-01,2019-07-31,2425
745,3560.0,28 St & 38 Ave,40.754876,-73.934326,2017-09-01,2019-07-31,8222
746,3561.0,37 Ave & 35 St,40.7531106,-73.9279917,2017-09-01,2019-07-31,6706
747,3562.0,Classon Ave & St Marks Ave,40.676519799999994,-73.9596082,2017-10-01,2019-07-31,19947
748,3563.0,28 St & 36 Ave,40.757186,-73.93271899999999,2017-09-01,2019-07-31,7351
749,3564.0,21 St & 36 Ave,40.760185299999996,-73.9362726,2017-09-01,2019-07-31,2457
750,3565.0,36 Ave & 10 St,40.7614376,-73.9411265,2017-09-01,2019-07-31,7214
751,3566.0,Crescent St & 35 Ave,40.7596276,-73.93214549999999,2017-09-01,2019-07-31,5935
752,3567.0,11 St & 35 Ave,40.76274420000001,-73.9391141,2017-09-01,2019-07-31,2409
753,3568.0,34 St & 35 Ave,40.756933200000006,-73.92622309999999,2017-09-01,2019-07-31,9714
754,3569.0,Franklin Ave & St Marks Ave,40.6758324,-73.95616770000001,2017-10-01,2019-07-31,15331
755,3570.0,35 Ave & 37 St,40.7557327,-73.92366109999999,2017-09-01,2019-07-31,10582
756,3571.0,Bedford Ave & Bergen St,40.676368,-73.95291800000001,2017-11-01,2019-07-31,16416
757,3572.0,34 Ave & 38 St,40.756913,-73.921631,2017-09-01,2019-07-31,19049
758,3573.0,35 St & 34 Ave,40.7580583,-73.92427509999999,2017-09-01,2019-07-31,6740
759,3574.0,Prospect Pl & Underhill Ave,40.6769694,-73.96579,2017-10-01,2019-07-31,15281
760,3575.0,Crescent St & 34 Ave,40.76108,-73.930562,2017-11-01,2019-07-31,7194
761,3576.0,Park Pl & Vanderbilt Ave,40.6767,-73.969024,2017-10-01,2019-07-31,27020
762,3577.0,34 Ave & 21 St,40.762813799999996,-73.9342862,2017-09-01,2019-07-31,6201
763,3578.0,Park Pl & Franklin Ave,40.67418060000001,-73.95649470000001,2017-10-01,2019-07-31,11151
764,3579.0,Sterling Pl & Bedford Ave,40.672695000000004,-73.954131,2017-10-01,2019-07-31,13403
765,3580.0,St Johns Pl & Washington Ave,40.6737236,-73.9631611,2017-10-01,2019-07-31,17149
766,3581.0,Underhill Ave & Lincoln Pl,40.674012299999994,-73.9671457,2017-10-01,2019-07-31,20370
767,3582.0,Lincoln Pl & Classon Ave,40.672168299999996,-73.9609,2017-10-01,2019-07-31,7383
768,3583.0,Eastern Pkwy & Washington Ave,40.6716493,-73.9631145,2017-10-01,2019-07-31,16712
769,3584.0,Eastern Pkwy & Franklin Ave,40.670776700000005,-73.9576801,2017-10-01,2019-07-31,25288
770,3585.0,Union St & Bedford Ave,40.6691783,-73.9554162,2017-10-01,2019-07-31,5556
771,3586.0,34 Ave & 13 St,40.763875299999995,-73.9364848,2017-09-01,2019-07-31,3024
772,3587.0,Carroll St & Washington Ave,40.6686744,-73.9618148,2017-10-01,2019-07-31,5624
773,3588.0,Vernon Blvd & 10 St,40.7671863,-73.9373554,2017-09-01,2019-07-31,9999
774,3589.0,Broadway & 12 St,40.7668,-73.93477740000002,2017-09-01,2019-07-31,7054
775,3590.0,Carroll St & Franklin Ave,40.6679411,-73.9588,2017-10-01,2019-07-31,3461
776,3591.0,21 St & 31 Dr,40.7659,-73.930819,2017-09-01,2019-07-31,10150
777,3592.0,Crescent St & Broadway,40.7633589,-73.92864709999999,2017-09-01,2019-07-31,13395
778,3593.0,31 St & Broadway,40.761584,-73.925921,2017-09-01,2019-07-31,22314
779,3595.0,35 St & Broadway,40.760339,-73.9222427,2017-10-01,2019-07-31,9173
780,3596.0,Sullivan Pl & Bedford Ave,40.6642406,-73.9574686,2017-10-01,2019-07-31,2720
781,3597.0,43 St & Broadway,40.7577284,-73.9166368,2017-10-01,2019-07-31,11157
782,3598.0,Newton Rd & 44 St,40.7595701,-73.91426779999999,2017-09-01,2019-07-31,7010
783,3599.0,Franklin Ave & Empire Blvd,40.663140000000006,-73.96056949999999,2017-10-01,2019-07-31,20243
784,3601.0,Sterling St & Bedford Ave,40.6627059,-73.9569115,2017-10-01,2019-07-31,4388
785,3602.0,31 Ave & 34 St,40.763154,-73.920827,2017-09-01,2019-07-31,14339
786,3603.0,31 Ave & 30 St,40.7647,-73.9240312,2017-09-01,2019-07-31,9598
787,3604.0,Rogers Ave & Sterling St,40.6630619,-73.95387459999999,2017-10-01,2019-07-31,7829
788,3605.0,31 Ave & Crescent St,40.765834600000005,-73.9265474,2017-09-01,2019-07-31,9683
789,3606.0,49 Ave & 21 St,40.74252,-73.948852,2017-10-01,2019-07-31,7612
790,3607.0,31 Ave & 14 St,40.7682,-73.9322662,2017-10-01,2019-07-31,5835
791,3608.0,5 St & 51 Ave,40.7423737,-73.9566,2018-02-01,2019-07-31,6045
792,3609.0,Vernon Blvd & 31 Ave,40.7692475,-73.93545040000001,2017-09-01,2019-07-31,7801
793,3610.0,Vernon Blvd & 30 Rd,40.770845,-73.93417099999999,2017-09-01,2019-07-31,11190
794,3611.0,Vernon Blvd & 47 Rd,40.7449067,-73.9534573,2017-10-01,2019-07-31,13533
795,3612.0,30 Ave & 21 St,40.77037429999999,-73.9286078,2017-10-01,2019-07-31,4831
796,3613.0,Center Blvd & 48 Ave,40.745038,-73.957539,2017-10-01,2019-07-31,13887
797,3614.0,Crescent St & 30 Ave,40.768692,-73.9249574,2017-10-01,2019-07-31,9116
798,3615.0,44 Dr & 21 St,40.748000000000005,-73.94609270000001,2017-10-01,2019-07-31,17248
799,3616.0,Steinway St & 28 Ave,40.7656251,-73.9136695,2017-10-01,2019-07-31,10222
800,3617.0,28 Ave & 35 St,40.7671,-73.9169858,2017-10-01,2019-07-31,9371
801,3618.0,27 St & Hunter St,40.7485,-73.941275,2017-10-01,2019-07-31,10040
802,3619.0,Newtown Ave & 23 St,40.7713615,-73.9246145,2017-10-01,2019-07-31,9520
803,3620.0,11 St & 43 Ave,40.7519071,-73.94791190000001,2017-10-01,2019-07-31,2755
804,3621.0,27 Ave & 9 St,40.7739825,-73.93091340000001,2017-10-01,2019-07-31,4540
805,3622.0,E 128 St & Madison Ave,40.807559999999995,-73.93918199999999,2017-10-01,2019-07-31,8184
806,3623.0,W 120 St & Claremont Ave,40.8109494,-73.9634,2017-10-01,2019-07-31,13687
807,3625.0,28 St & 40 Ave,40.752575799999995,-73.9364281,2017-10-01,2018-10-31,2288
808,3628.0,Lenox Ave & W 117 St,40.8025566,-73.9490782,2018-04-01,2019-07-31,16665
809,3629.0,Adam Clayton Powell Blvd & W 126 St,40.809495347779475,-73.94776493310928,2018-01-01,2019-07-31,10213
810,3631.0,Crown St & Bedford Ave,40.666563000000004,-73.95674100000001,2017-12-01,2019-07-31,3414
811,3632.0,E 12 St & Avenue B,40.728048571362606,-73.97881150245668,2017-09-01,2018-10-31,46345
812,3635.0,W 36 St & 9 Ave,40.754623240291046,-73.99516761302948,2017-09-01,2018-08-31,33110
813,3637.0,Fulton St & Waverly Ave,40.68323865460341,-73.96599590778352,2017-09-01,2019-07-31,27080
814,3641.0,Broadway & W 25 St,40.74286877312112,-73.98918628692627,2017-10-01,2019-07-31,138785
815,3646.0,35 Ave & 10 St,40.763154819103725,-73.93985509872438,2017-10-01,2019-07-31,5013
816,3647.0,48 Ave & 30 Pl,40.74128309355993,-73.93725872039794,2017-10-01,2019-07-31,3751
817,3648.0,Flushing Ave & Vanderbilt Ave,40.69795031569544,-73.97077560424805,2017-11-01,2019-07-31,23228
818,3649.0,W 129 St & Convent Ave,40.81439443791581,-73.95324736833571,2017-11-01,2019-07-31,7129
819,3650.0,8D Mobile 01,45.506264191001186,-73.56890559196472,2017-11-01,2018-07-11,144
820,3653.0,31 St & 35 Ave,40.75820464696758,-73.92832159996033,2017-12-01,2019-02-28,5703
821,3654.0,31 St & Northern Blvd,40.75186951421875,-73.93349289894103,2017-12-01,2019-07-31,5811
822,3656.0,E 2 St & Avenue A,40.72307749068673,-73.98583620786667,2018-01-01,2019-07-31,69177
823,3658.0,W 18 St & 9 Ave,40.7435337324616,-74.00367558002472,2018-01-01,2019-06-30,42804
824,3659.0,W 17 St & 9 Ave,40.7429489166009,-74.00413691997528,2018-01-01,2019-03-31,36654
825,3660.0,W 16 St & 8 Ave,40.74102150900266,-74.001384973526,2018-01-01,2019-06-30,95901
826,3661.0,Montgomery St & Franklin Ave,40.666439306870814,-73.96055638790129,2018-01-01,2019-07-31,3282
827,3662.0,31 Ave & Steinway St,40.76129389728909,-73.916916847229,2018-01-01,2019-07-31,9605
828,3663.0,Sterling Pl & 7 Ave,40.67716489469059,-73.97382795810701,2018-01-01,2019-02-28,14635
829,3664.0,North Moore St & Greenwich St,40.72019521437465,-74.0103006362915,2018-01-01,2019-07-31,78249
830,3666.0,32 St & 30 Ave,40.7664255270288,-73.92062902450563,2018-05-01,2018-12-31,8168
831,3668.0,Leonard St & Nassau Ave,40.7239567849954,-73.94984364509583,2018-03-01,2019-07-31,22704
832,3669.0,Henry St & W 9 St,40.67630357634183,-74.00314047932625,2018-03-01,2018-12-31,2000
833,3671.0,E 81 St & 2 Ave,40.77477944895728,-73.95427465438844,2018-03-01,2019-07-31,21641
834,3673.0,Dean St & Franklin Ave,40.67759206937376,-73.95563721656801,2018-04-01,2019-07-31,13226
835,3674.0,Jay St & York St,40.70140317257725,-73.98672670125961,2018-03-01,2019-07-31,51288
836,3675.0,3 Ave & E 95 St,40.784596798848916,-73.94968539476396,2018-05-01,2019-07-31,12553
837,3676.0,Van Brunt St & Van Dyke St,40.675832943912894,-74.01472628116608,2018-05-01,2019-07-31,12848
838,3680.0,E 43 St & 5 Ave,40.754120810779256,-73.98025184869765,2018-04-01,2019-07-31,48680
840,3684.0,W 12 St & W 4 St,40.73756121181137,-74.00398269295692,2018-05-01,2019-04-30,35700
841,3686.0,Gansevoort St & Hudson St,40.73944820130404,-74.00507032871245,2018-05-01,2019-07-31,75387
842,3687.0,E 33 St & 1 Ave,40.74322681432173,-73.97449783980845,2018-06-01,2019-07-31,65939
843,3688.0,2 Ave & E 55 St,40.75792020879402,-73.96638214588165,2018-06-01,2018-11-30,13109
844,3689.0,W 104 St & Amsterdam Ave,40.79904139288298,-73.96649479866028,2018-06-01,2019-07-31,12548
845,3690.0,Park Pl & Church St,40.71334184275907,-74.00935515761375,2018-07-09,2019-07-31,22016
846,3691.0,28 Ave & 44 St,40.76408932350689,-73.9106512069702,2018-06-01,2019-07-31,5176
847,3692.0,5 St & Market St,40.6999974843885,-73.97440128028394,2018-06-01,2019-07-31,4241
848,3693.0,N 11 St & Kent Ave,40.72248188638219,-73.95921930670737,2018-07-05,2019-07-31,12742
849,3695.0,E 5 St & 2 Ave,40.72686951528207,-73.9891903102398,2018-07-23,2018-09-30,9385
850,3697.0,W 64 St & Thelonious Monk Circle,40.77515953434235,-73.98918695747851,2018-07-27,2019-07-31,32454
851,3428.0,8 Ave & W 16 St,40.740983,-74.00170200000001,2016-09-01,2017-11-30,68884
852,3447.0,E 71 St & 1 Ave,40.76703432309872,-73.95622730255127,2017-02-01,2018-06-30,25366
853,3476.0,Norman Ave & Leonard St,40.725769967272136,-73.9507395029068,2017-07-01,2017-11-30,4418
854,3436.0,Greenwich St & Hubert St,40.721319,-74.010065,2016-09-01,2017-10-31,37797
855,3455.0,Schermerhorn St & 3 Ave,40.68680820503432,-73.98036181926726,2017-03-01,2018-06-30,9875
858,3630.0,Frederick Douglass Blvd & W 115 St,40.8038654,-73.95593079999999,2018-09-01,2019-07-31,11038
859,3707.0,Lexington Ave & E 26 St,40.741459000000006,-73.983293,2019-03-01,2019-07-31,28763
860,3745.0,36 Ave & 31 St,40.75651272984955,-73.92957486212252,2019-02-01,2019-07-31,2880
861,3746.0,6 Ave & Broome St,40.72430832160217,-74.00473035871983,2019-03-01,2019-07-31,22318
862,3760.0,Willoughby Ave & Wyckoff Ave,40.705614000000004,-73.92153,2019-04-01,2019-07-31,2191
863,3734.0,E 58 St &  1 Ave (NW Corner),40.759125,-73.96265799999999,2019-03-01,2019-07-31,9803
864,3718.0,E 11 St & Avenue B,40.727464206923926,-73.97950418293476,2018-12-01,2019-07-31,27459
865,3724.0,7 Ave & Central Park South,40.7667405590595,-73.9790689945221,2019-01-01,2019-07-31,28087
866,3714.0,Division Av & Hooper St,40.70684203101325,-73.9544353965357,2018-11-01,2019-07-31,5988
867,3759.0,Irving Ave & Jefferson St,40.70538,-73.92535,2019-04-01,2019-07-31,1734
868,3737.0,Stanton St & Norfolk St,40.720746999999996,-73.986274,2019-02-01,2019-07-31,15600
869,3699.0,W 50 St & 9 Ave,40.76360467795863,-73.98917958140373,2018-08-01,2019-07-31,22706
870,3749.0,Lexington Ave & E 36 St,40.747573958954796,-73.97880077362059,2019-03-01,2019-07-31,11913
871,3708.0,W 13 St & 5 Ave,40.735445,-73.99431,2019-03-01,2019-07-31,23354
872,3712.0,W 35 St & Dyer Ave,40.754691750226016,-73.9974018931389,2018-10-01,2019-07-31,19655
873,3762.0,3 Ave & Carroll St,40.677027,-73.9865,2019-04-01,2019-07-31,1990
874,3723.0,Cadman Plaza E & Johnson St,40.69531727766904,-73.99015724658966,2019-01-01,2019-07-31,7087
875,3725.0,2 Ave & E 72 St,40.7687620293096,-73.95840793848038,2019-01-01,2019-07-31,14447
876,3709.0,W 15 St & 6 Ave,40.73804614248277,-73.99642959237099,2018-10-01,2019-07-31,30599
877,3701.0,Cliff St & Fulton St,40.70831794366396,-74.0050408244133,2018-08-01,2019-06-30,25632
878,3711.0,E 13 St & Avenue A,40.72966729392978,-73.98067966103555,2018-10-01,2019-07-31,57311
879,3733.0,Avenue C & E 18 St,40.730563000000004,-73.973984,2019-02-01,2019-07-31,12822
880,3747.0,E 84 St & 3 Ave,40.777553742988864,-73.95512759685515,2019-03-01,2019-07-31,14071
881,3716.0,40 Ave & Crescent St,40.7535992020056,-73.9379560947418,2018-11-01,2019-07-31,1216
882,3715.0,Driggs Ave & N 9 St,40.71816969454208,-73.95520135760306,2018-11-01,2019-07-31,20053
883,3727.0,Frost St & Meeker Ave,40.71766197083994,-73.94880026578903,2019-01-01,2019-07-31,3350
884,3761.0,Cedar St & Myrtle Ave,40.697842,-73.926241,2019-04-01,2019-07-31,2899
885,3776.0,Central Ave & Starr Street,40.700003,-73.92834,2019-04-01,2019-07-31,2347
886,3728.0,Pierrepont St & Monroe Pl,40.69535693320225,-73.99344027042389,2019-01-01,2019-07-31,5282
887,3767.0,Powers St & Olive St,40.713229999999996,-73.93894,2019-04-01,2019-07-31,1690
888,3755.0,DeKalb Ave & Franklin Ave,40.69064807082943,-73.95746178925037,2019-04-01,2019-07-31,3538
889,3721.0,31 St & Newtown Ave,40.7675487799971,-73.92093345522879,2018-12-01,2019-07-31,8555
890,3726.0,Center Blvd & 51 Ave,40.74336608027021,-73.95960688591003,2019-01-01,2019-07-31,5480
891,3764.0,Bushwick Ave & McKibbin St,40.705517,-73.93936,2019-04-01,2019-07-31,1051
892,3766.0,Sharon St & Olive St,40.715353,-73.93856,2019-04-01,2019-07-31,2227
893,3763.0,Wyckoff Av & Jefferson St,40.707165,-73.923711,2019-04-01,2019-07-31,3453
894,3772.0,Devoe St & Morgan Ave,40.713811,-73.93515,2019-04-01,2019-07-31,1168
895,3756.0,White St & Moore St,40.704508000000004,-73.9351,2019-04-01,2019-07-31,2104
896,3775.0,Suydam St & Knickerbocker Ave,40.702013,-73.923769,2019-04-01,2019-07-31,2007
897,3704.0,47 Ave & Skillman Ave,40.7437524099784,-73.94176483154297,2018-08-01,2019-07-31,1332
898,3758.0,George St & Wilson Ave,40.702996999999996,-73.92997,2019-04-01,2019-07-31,1587
899,3771.0,McKibbin St & Bogart St,40.706237,-73.933871,2019-04-01,2019-07-31,2514
900,3757.0,Stagg St & Morgan Ave,40.710681,-73.93372,2019-04-01,2019-07-31,1081
901,3720.0,Wyckoff St & Bond St,40.68461653897949,-73.98721285164356,2018-12-01,2019-07-31,2013
902,3769.0,White St & Johnson Ave,40.707174,-73.93581,2019-04-01,2019-07-31,688
903,3781.0,Greene Av & Myrtle Av,40.698568,-73.918877,2019-05-02,2019-07-31,2471
904,3768.0,Waterbury St & Stagg St,40.710190000000004,-73.93734,2019-05-03,2019-07-31,973
905,3765.0,Bushwick Ave & Stagg St,40.709897,-73.94008000000001,2019-05-07,2019-07-31,661
906,3770.0,Central Ave & Flushing Ave,40.702831,-73.9333,2019-05-09,2019-07-31,1660
907,3790.0,Henry St & Middagh St,40.7003,-73.99158100000001,2019-05-16,2019-07-31,4034
908,3787.0,Dock 72 Way & Market St,40.69985,-73.97140999999999,2019-05-17,2019-07-31,1290
909,3773.0,Knickerbocker Ave & Thames St,40.70539,-73.92976,2019-05-28,2019-07-31,1104
910,3774.0,Knickerbocker Ave & George St,40.704425,-73.92836,2019-05-28,2019-07-31,942
911,3777.0,Stockholm St & Wilson Ave,40.699304,-73.92304399999999,2019-05-28,2019-07-31,928
912,3788.0,E 12 St & 4 Av,40.732690000000005,-73.98974,2019-05-31,2019-07-31,8150
913,3778.0,Irving Ave & DeKalb Ave,40.7027,-73.92095,2019-05-31,2019-07-31,831
914,3104.0,Kent Ave & N 7 St,40.72057658,-73.96150225,2015-08-01,2016-03-31,13840
915,3149.0,E 82 St & 2 Ave,40.77517793,-73.95324922,2015-09-01,2015-11-30,3107
916,3097.0,N Henry St & Richardson St,40.71921585,-73.94244690000001,2015-08-01,2016-05-31,5025
917,3229.0,Marcy Ave & MacDonough St,40.68061768455451,-73.94624948501588,2015-10-07,2016-04-30,916
918,3234.0,E 40 St & Madison Ave,40.75159368451112,-73.98043155670166,2015-10-21,2016-01-31,6945
919,3719.0,S Portland Ave & Atlantic Ave,40.683222541615955,-73.9738118648529,2018-12-07,2019-01-31,248
920,3239.0,Bressler,40.646538367096475,-74.0165877342224,2016-12-01,2018-12-10,309
921,3644.0,Van Dyke St & Van Brunt St,40.67581622522832,-74.01488184928894,2017-10-01,2018-05-31,2954
922,3642.0,E 98 St & Lexington Ave,40.787285198609524,-73.95012259483337,2017-10-01,2018-03-31,732
923,3643.0,E 41 St & 5 Ave,40.75272201381188,-73.98123621940613,2017-10-01,2018-04-30,12077
924,3548.0,Pacific St & Bedford Ave,40.6777747,-73.9529322,2017-10-01,2017-12-31,671
925,3594.0,Montgomery St & Franklin Ave OLD,40.6661649,-73.95934840000001,2017-10-01,2018-01-31,269
926,3700.0,E 87 St & 3 Ave,40.779406085297865,-73.95333588123322,2018-08-09,2018-09-30,1520
927,3705.0,Thompson St & Bleecker St,40.72840059450829,-73.99968780577183,2018-08-22,2018-10-31,7572
928,3445.0,Riverside Dr & W 89 St,40.791811715010965,-73.9786022901535,2017-02-01,2017-07-31,5056
929,3464.0,W 37 St & Broadway,40.752270938374096,-73.98770570755005,2017-05-01,2017-10-31,8237
930,3017.0,NYCBS Depot - FAR,40.751483,-73.996764,2013-06-01,2017-02-03,804
931,3450.0,Penn Station Valet - Valet Scan,40.7512836,-73.9969245,2017-02-23,2017-04-30,1670
933,3782.0,Brooklyn Bridge Park - Pier 2,40.698458,-73.997178,2019-06-01,2019-07-31,2736
934,3779.0,Hart St & Wyckoff Ave,40.704876,-73.919911,2019-06-01,2019-07-31,1110
935,3795.0,10 St & 2 Ave,40.671907,-73.993612,2019-06-01,2019-07-31,520
936,3783.0,Cliff St & Fulton St,40.70838,-74.00495,2019-06-01,2019-07-31,5953
937,3793.0,Stuyvesant Walk & 1 Av Loop,40.732339777151054,-73.97898383438587,2019-06-01,2019-07-31,697
938,3789.0,Fulton St & Irving Pl,40.68186,-73.95943199999999,2019-07-17,2019-07-31,461
939,3799.0,6 Ave & W 34 St,40.74964,-73.98805,2019-07-22,2019-07-31,923
940,3798.0,W 40 St & 5 Ave,40.752269,-73.982079,2019-07-25,2019-07-31,688
945,3257.0,Adventures NYC,40.77376867022874,-73.97116988897324,2016-06-18,2017-06-30,247
946,3014.0,E.T. Bike-In Movie Valet Station ,40.722852,-73.959114,2013-06-01,2016-05-31,540
947,3181.0,Soissons Landing,40.692609000000004,-74.016398,2015-08-03,2015-09-30,2380
948,3133.0,E 67 St & Park Ave,40.76735637,-73.96493528,2015-08-31,2015-09-30,2678
950,3253.0,Bike The Branches - Central Branch,40.67280641227746,-73.96886587142943,2016-05-01,2017-05-20,154
957,3019.0,NYCBS Depot - DEL,40.716633,-73.981933,2013-06-01,2013-07-01,351
958,3020.0,NYCBS Test,40.646606799999994,-74.01597,2013-06-01,2013-07-01,189
