GEO.id,GEO.id2,GEO.display-label,HD01_VD01,HD02_VD01,HD01_VD02,HD02_VD02,HD01_VD03,HD02_VD03,HD01_VD04,HD02_VD04,HD01_VD05,HD02_VD05,HD01_VD06,HD02_VD06,HD01_VD07,HD02_VD07,HD01_VD08,HD02_VD08,HD01_VD09,HD02_VD09,HD01_VD10,HD02_VD10
Id,Id2,Geography,Estimate; Total:,Margin of Error; Total:,Estimate; White alone,Margin of Error; White alone,Estimate; Black or African American alone,Margin of Error; Black or African American alone,Estimate; American Indian and Alaska Native alone,Margin of Error; American Indian and Alaska Native alone,Estimate; Asian alone,Margin of Error; Asian alone,Estimate; Native Hawaiian and Other Pacific Islander alone,Margin of Error; Native Hawaiian and Other Pacific Islander alone,Estimate; Some other race alone,Margin of Error; Some other race alone,Estimate; Two or more races:,Margin of Error; Two or more races:,Estimate; Two or more races: - Two races including Some other race,Margin of Error; Two or more races: - Two races including Some other race,"Estimate; Two or more races: - Two races excluding Some other race, and three or more races","Margin of Error; Two or more races: - Two races excluding Some other race, and three or more races"
1400000US42101000100,42101000100,"Census Tract 1, Philadelphia County, Pennsylvania",3315,532,2905,331,240,293,0,109,102,68,0,109,53,59,15,24,0,109,15,24
1400000US42101000200,42101000200,"Census Tract 2, Philadelphia County, Pennsylvania",1633,271,330,74,46,74,0,109,1241,259,0,109,0,109,16,19,0,109,16,19
1400000US42101000300,42101000300,"Census Tract 3, Philadelphia County, Pennsylvania",4497,2700,3237,1907,473,542,9,14,636,295,0,109,42,51,100,72,28,32,72,67
1400000US42101000400,42101000400,"Census Tract 4, Philadelphia County, Pennsylvania",4403,362,3327,278,248,120,35,48,503,148,0,109,34,57,256,253,32,59,224,240
1400000US42101000500,42101000500,"Census Tract 5, Philadelphia County, Pennsylvania",1320,219,683,177,438,154,10,16,87,76,0,109,60,28,42,40,10,17,32,37
1400000US42101000600,42101000600,"Census Tract 6, Philadelphia County, Pennsylvania",1622,549,917,278,315,293,0,109,304,128,0,109,37,58,49,58,49,58,0,109
1400000US42101000700,42101000700,"Census Tract 7, Philadelphia County, Pennsylvania",2502,310,1971,281,66,56,9,15,389,178,0,109,19,30,48,49,0,109,48,49
1400000US42101000800,42101000800,"Census Tract 8, Philadelphia County, Pennsylvania",7696,574,6810,551,81,55,0,109,659,223,0,109,78,71,68,58,0,109,68,58
1400000US42101000900,42101000900,"Census Tract 9, Philadelphia County, Pennsylvania",4443,588,3316,467,402,264,0,109,653,201,0,109,8,13,64,64,0,109,64,64
1400000US42101001000,42101001000,"Census Tract 10, Philadelphia County, Pennsylvania",6195,588,5759,570,187,96,0,109,185,87,0,109,19,30,45,58,0,109,45,58
1400000US42101001100,42101001100,"Census Tract 11, Philadelphia County, Pennsylvania",5445,642,4543,626,252,134,85,91,392,172,0,109,64,73,109,116,58,95,51,63
1400000US42101001200,42101001200,"Census Tract 12, Philadelphia County, Pennsylvania",8515,677,7498,684,399,184,58,67,350,157,0,109,99,97,111,84,0,109,111,84
1400000US42101001300,42101001300,"Census Tract 13, Philadelphia County, Pennsylvania",4916,498,2401,432,2083,297,37,53,89,90,0,109,0,109,306,190,0,109,306,190
1400000US42101001400,42101001400,"Census Tract 14, Philadelphia County, Pennsylvania",3739,442,2428,376,942,388,35,51,169,124,0,109,15,23,150,126,0,109,150,126
1400000US42101001500,42101001500,"Census Tract 15, Philadelphia County, Pennsylvania",2553,292,1915,277,367,124,0,109,143,172,0,109,31,32,97,61,12,21,85,55
1400000US42101001600,42101001600,"Census Tract 16, Philadelphia County, Pennsylvania",2095,281,1937,265,91,57,0,109,0,109,0,109,0,109,67,86,0,109,67,86
1400000US42101001700,42101001700,"Census Tract 17, Philadelphia County, Pennsylvania",2870,309,2545,225,263,284,22,36,40,32,0,109,0,109,0,109,0,109,0,109
1400000US42101001800,42101001800,"Census Tract 18, Philadelphia County, Pennsylvania",3208,357,2663,372,351,210,19,31,142,115,0,109,12,18,21,30,0,109,21,30
1400000US42101001900,42101001900,"Census Tract 19, Philadelphia County, Pennsylvania",2643,725,1138,291,1368,473,0,109,0,109,0,109,49,62,88,84,0,109,88,84
1400000US42101002000,42101002000,"Census Tract 20, Philadelphia County, Pennsylvania",1656,437,0,109,1523,411,0,109,0,109,0,109,0,109,133,135,0,109,133,135
1400000US42101002100,42101002100,"Census Tract 21, Philadelphia County, Pennsylvania",1855,283,68,61,1745,303,0,109,33,55,0,109,0,109,9,13,0,109,9,13
1400000US42101002200,42101002200,"Census Tract 22, Philadelphia County, Pennsylvania",2032,458,714,396,1207,329,0,109,64,65,0,109,0,109,47,41,14,21,33,38
1400000US42101002300,42101002300,"Census Tract 23, Philadelphia County, Pennsylvania",2741,365,2022,343,125,90,0,109,538,206,0,109,8,13,48,59,11,17,37,58
1400000US42101002400,42101002400,"Census Tract 24, Philadelphia County, Pennsylvania",4625,1026,3492,985,350,193,0,109,421,337,0,109,342,343,20,30,6,16,14,27
1400000US42101002500,42101002500,"Census Tract 25, Philadelphia County, Pennsylvania",3753,301,2032,285,1268,263,0,109,217,201,0,109,165,204,71,77,0,109,71,77
1400000US42101002600,42101002600,"Census Tract 26, Philadelphia County, Pennsylvania",0,109,0,109,0,109,0,109,0,109,0,109,0,109,0,109,0,109,0,109
1400000US42101002700,42101002700,"Census Tract 27, Philadelphia County, Pennsylvania",7552,823,4470,505,1330,449,0,109,911,369,0,109,673,515,168,153,50,73,118,128
1400000US42101002800,42101002800,"Census Tract 28, Philadelphia County, Pennsylvania",9751,1057,6270,990,596,258,0,109,2271,439,0,109,557,258,57,48,12,20,45,43
1400000US42101002900,42101002900,"Census Tract 29, Philadelphia County, Pennsylvania",3873,312,3594,351,135,172,0,109,40,50,0,109,0,109,104,95,0,109,104,95
1400000US42101003000,42101003000,"Census Tract 30, Philadelphia County, Pennsylvania",7111,850,1174,331,3036,758,0,109,2587,621,0,109,105,168,209,181,0,109,209,181
1400000US42101003100,42101003100,"Census Tract 31, Philadelphia County, Pennsylvania",4660,604,186,209,4452,651,0,109,0,109,0,109,22,34,0,109,0,109,0,109
1400000US42101003200,42101003200,"Census Tract 32, Philadelphia County, Pennsylvania",5381,1051,559,371,4719,1009,85,108,0,109,0,109,18,29,0,109,0,109,0,109
1400000US42101003300,42101003300,"Census Tract 33, Philadelphia County, Pennsylvania",5804,1000,1141,369,4367,979,17,27,214,320,0,109,0,109,65,68,0,109,65,68
1400000US42101003400,42101003400,"Census Tract 34, Philadelphia County, Pennsylvania",339,113,172,123,43,53,0,109,124,115,0,109,0,109,0,109,0,109,0,109
1400000US42101003500,42101003500,"Census Tract 35, Philadelphia County, Pennsylvania",73,54,47,44,0,109,6,12,0,109,0,109,20,32,0,109,0,109,0,109
1400000US42101003600,42101003600,"Census Tract 36, Philadelphia County, Pennsylvania",6704,705,1600,423,3932,591,0,109,996,426,0,109,43,47,133,87,37,45,96,83
1400000US42101003701,42101003701,"Census Tract 37.01, Philadelphia County, Pennsylvania",7602,800,616,331,5500,832,35,57,1028,354,0,109,299,362,124,119,64,72,60,93
1400000US42101003702,42101003702,"Census Tract 37.02, Philadelphia County, Pennsylvania",3103,371,995,235,1712,358,0,109,396,201,0,109,0,109,0,109,0,109,0,109
1400000US42101003800,42101003800,"Census Tract 38, Philadelphia County, Pennsylvania",4220,401,4083,415,0,109,0,109,137,169,0,109,0,109,0,109,0,109,0,109
1400000US42101003901,42101003901,"Census Tract 39.01, Philadelphia County, Pennsylvania",6972,698,4538,606,811,292,0,109,1517,657,0,109,66,91,40,46,0,109,40,46
1400000US42101003902,42101003902,"Census Tract 39.02, Philadelphia County, Pennsylvania",5727,423,5510,404,102,115,0,109,0,109,0,109,26,40,89,70,64,65,25,30
1400000US42101004001,42101004001,"Census Tract 40.01, Philadelphia County, Pennsylvania",4435,352,3772,357,10,24,0,109,360,177,0,109,231,239,62,84,0,109,62,84
1400000US42101004002,42101004002,"Census Tract 40.02, Philadelphia County, Pennsylvania",5001,552,4767,582,16,27,0,109,172,166,0,109,33,37,13,22,13,22,0,109
1400000US42101004101,42101004101,"Census Tract 41.01, Philadelphia County, Pennsylvania",5707,1032,2301,585,1183,357,0,109,1904,732,0,109,297,267,22,39,0,109,22,39
1400000US42101004102,42101004102,"Census Tract 41.02, Philadelphia County, Pennsylvania",6984,786,3579,420,986,394,61,98,1820,640,0,109,151,106,387,394,0,109,387,394
1400000US42101004201,42101004201,"Census Tract 42.01, Philadelphia County, Pennsylvania",6123,1175,5215,1256,334,220,0,109,416,320,0,109,0,109,158,170,0,109,158,170
1400000US42101004202,42101004202,"Census Tract 42.02, Philadelphia County, Pennsylvania",5064,449,4224,478,204,137,23,31,454,162,0,109,100,124,59,69,0,109,59,69
1400000US42101004300,42101004300,"Census Tract 43, Philadelphia County, Pennsylvania",0,109,0,109,0,109,0,109,0,109,0,109,0,109,0,109,0,109,0,109
1400000US42101004400,42101004400,"Census Tract 44, Philadelphia County, Pennsylvania",1129,183,616,190,268,162,8,14,237,162,0,109,0,109,0,109,0,109,0,109
1400000US42101004500,42101004500,"Census Tract 45, Philadelphia County, Pennsylvania",3374,295,2990,337,0,109,0,109,371,273,0,109,13,20,0,109,0,109,0,109
1400000US42101004600,42101004600,"Census Tract 46, Philadelphia County, Pennsylvania",6,9,6,9,0,109,0,109,0,109,0,109,0,109,0,109,0,109,0,109
1400000US42101004700,42101004700,"Census Tract 47, Philadelphia County, Pennsylvania",3402,414,3005,359,177,206,0,109,220,264,0,109,0,109,0,109,0,109,0,109
1400000US42101004800,42101004800,"Census Tract 48, Philadelphia County, Pennsylvania",398,110,388,113,10,17,0,109,0,109,0,109,0,109,0,109,0,109,0,109
1400000US42101004900,42101004900,"Census Tract 49, Philadelphia County, Pennsylvania",0,109,0,109,0,109,0,109,0,109,0,109,0,109,0,109,0,109,0,109
1400000US42101005000,42101005000,"Census Tract 50, Philadelphia County, Pennsylvania",0,109,0,109,0,109,0,109,0,109,0,109,0,109,0,109,0,109,0,109
1400000US42101005100,42101005100,"Census Tract 51, Philadelphia County, Pennsylvania",1009,369,329,173,608,327,0,109,72,95,0,109,0,109,0,109,0,109,0,109
1400000US42101005200,42101005200,"Census Tract 52, Philadelphia County, Pennsylvania",0,109,0,109,0,109,0,109,0,109,0,109,0,109,0,109,0,109,0,109
1400000US42101005400,42101005400,"Census Tract 54, Philadelphia County, Pennsylvania",1386,294,232,127,1070,312,0,109,20,28,0,109,0,109,64,74,0,109,64,74
1400000US42101005500,42101005500,"Census Tract 55, Philadelphia County, Pennsylvania",6016,802,840,267,4457,937,12,19,474,329,0,109,13,20,220,259,0,109,220,259
1400000US42101005600,42101005600,"Census Tract 56, Philadelphia County, Pennsylvania",1089,250,84,81,937,237,0,109,14,22,0,109,0,109,54,55,0,109,54,55
1400000US42101005700,42101005700,"Census Tract 57, Philadelphia County, Pennsylvania",0,109,0,109,0,109,0,109,0,109,0,109,0,109,0,109,0,109,0,109
1400000US42101005800,42101005800,"Census Tract 58, Philadelphia County, Pennsylvania",0,109,0,109,0,109,0,109,0,109,0,109,0,109,0,109,0,109,0,109
1400000US42101005900,42101005900,"Census Tract 59, Philadelphia County, Pennsylvania",0,109,0,109,0,109,0,109,0,109,0,109,0,109,0,109,0,109,0,109
1400000US42101006000,42101006000,"Census Tract 60, Philadelphia County, Pennsylvania",6428,743,1965,430,4242,771,46,72,0,109,0,109,105,128,70,94,57,91,13,22
1400000US42101006100,42101006100,"Census Tract 61, Philadelphia County, Pennsylvania",2985,477,581,220,2155,450,0,109,95,80,0,109,147,185,7,12,0,109,7,12
1400000US42101006200,42101006200,"Census Tract 62, Philadelphia County, Pennsylvania",4367,603,839,391,3032,540,35,40,203,189,0,109,85,104,173,184,74,110,99,152
1400000US42101006300,42101006300,"Census Tract 63, Philadelphia County, Pennsylvania",4711,756,269,162,3804,763,0,109,480,229,0,109,86,109,72,108,0,109,72,108
1400000US42101006400,42101006400,"Census Tract 64, Philadelphia County, Pennsylvania",5425,668,557,153,4272,659,33,49,522,153,0,109,0,109,41,47,0,109,41,47
1400000US42101006500,42101006500,"Census Tract 65, Philadelphia County, Pennsylvania",5035,609,31,43,4738,572,0,109,88,86,0,109,55,82,123,159,30,47,93,151
1400000US42101006600,42101006600,"Census Tract 66, Philadelphia County, Pennsylvania",4211,708,366,399,3141,564,0,109,622,178,0,109,23,37,59,124,0,109,59,124
1400000US42101006700,42101006700,"Census Tract 67, Philadelphia County, Pennsylvania",7349,713,1250,414,5216,672,0,109,647,352,18,27,114,178,104,167,0,109,104,167
1400000US42101006800,42101006800,"Census Tract 68, Philadelphia County, Pennsylvania",4,5,4,5,0,109,0,109,0,109,0,109,0,109,0,109,0,109,0,109
1400000US42101006900,42101006900,"Census Tract 69, Philadelphia County, Pennsylvania",3197,437,139,189,3017,426,0,109,11,21,0,109,12,19,18,28,0,109,18,28
1400000US42101007000,42101007000,"Census Tract 70, Philadelphia County, Pennsylvania",4558,546,45,54,4368,545,0,109,51,68,0,109,0,109,94,135,3,9,91,135
1400000US42101007100,42101007100,"Census Tract 71, Philadelphia County, Pennsylvania",8056,870,132,118,7890,864,13,19,0,109,0,109,21,26,0,109,0,109,0,109
1400000US42101007200,42101007200,"Census Tract 72, Philadelphia County, Pennsylvania",4941,630,56,50,4778,612,8,13,12,20,0,109,0,109,87,89,0,109,87,89
1400000US42101007300,42101007300,"Census Tract 73, Philadelphia County, Pennsylvania",3206,416,121,103,3052,399,0,109,0,109,0,109,0,109,33,39,0,109,33,39
1400000US42101007400,42101007400,"Census Tract 74, Philadelphia County, Pennsylvania",4325,577,277,145,3963,552,0,109,45,49,0,109,0,109,40,42,0,109,40,42
1400000US42101007500,42101007500,"Census Tract 75, Philadelphia County, Pennsylvania",0,109,0,109,0,109,0,109,0,109,0,109,0,109,0,109,0,109,0,109
1400000US42101007600,42101007600,"Census Tract 76, Philadelphia County, Pennsylvania",2513,1066,1471,577,740,528,0,109,135,84,0,109,93,55,74,58,38,44,36,37
1400000US42101007700,42101007700,"Census Tract 77, Philadelphia County, Pennsylvania",2511,941,1192,653,697,305,6,9,483,288,0,109,34,55,99,88,0,109,99,88
1400000US42101007800,42101007800,"Census Tract 78, Philadelphia County, Pennsylvania",4552,794,2724,741,1451,420,32,36,266,177,0,109,24,38,55,85,32,48,23,36
1400000US42101007900,42101007900,"Census Tract 79, Philadelphia County, Pennsylvania",4057,522,1966,334,1628,452,0,109,231,207,0,109,173,195,59,71,0,109,59,71
1400000US42101008000,42101008000,"Census Tract 80, Philadelphia County, Pennsylvania",3227,539,583,246,2576,487,0,109,0,109,0,109,39,61,29,32,0,109,29,32
1400000US42101008100,42101008100,"Census Tract 81, Philadelphia County, Pennsylvania",6859,710,96,71,6620,713,0,109,37,43,0,109,12,17,94,82,19,30,75,75
1400000US42101008200,42101008200,"Census Tract 82, Philadelphia County, Pennsylvania",8510,993,77,98,8079,1000,0,109,0,109,0,109,53,84,301,401,0,109,301,401
1400000US42101008301,42101008301,"Census Tract 83.01, Philadelphia County, Pennsylvania",3746,586,149,108,3499,585,0,109,20,23,0,109,13,20,65,76,17,28,48,61
1400000US42101008302,42101008302,"Census Tract 83.02, Philadelphia County, Pennsylvania",4506,447,43,54,4270,444,57,89,0,109,29,47,0,109,107,137,0,109,107,137
1400000US42101008400,42101008400,"Census Tract 84, Philadelphia County, Pennsylvania",4243,563,78,110,4133,553,0,109,0,109,0,109,0,109,32,36,18,28,14,22
1400000US42101008500,42101008500,"Census Tract 85, Philadelphia County, Pennsylvania",6259,823,145,124,6084,843,0,109,0,109,0,109,0,109,30,34,0,109,30,34
1400000US42101008600,42101008600,"Census Tract 86, Philadelphia County, Pennsylvania",5089,714,1501,375,3072,565,0,109,307,158,0,109,136,158,73,62,0,109,73,62
1400000US42101008700,42101008700,"Census Tract 87, Philadelphia County, Pennsylvania",7067,974,4096,767,1377,430,0,109,1402,508,0,109,64,64,128,103,44,56,84,88
1400000US42101008800,42101008800,"Census Tract 88, Philadelphia County, Pennsylvania",6826,2429,4003,1441,1085,626,24,40,1454,644,0,109,105,65,155,68,14,24,141,64
1400000US42101008900,42101008900,"Census Tract 89, Philadelphia County, Pennsylvania",3953,765,1833,434,501,214,0,109,1385,426,55,70,96,90,83,45,24,37,59,43
1400000US42101009000,42101009000,"Census Tract 90, Philadelphia County, Pennsylvania",3038,586,2449,568,222,141,0,109,221,95,0,109,103,95,43,43,0,109,43,43
1400000US42101009100,42101009100,"Census Tract 91, Philadelphia County, Pennsylvania",2435,338,1044,308,1025,264,0,109,288,169,0,109,50,54,28,45,28,45,0,109
1400000US42101009200,42101009200,"Census Tract 92, Philadelphia County, Pennsylvania",3643,571,426,267,2358,399,0,109,746,307,0,109,64,53,49,45,0,109,49,45
1400000US42101009300,42101009300,"Census Tract 93, Philadelphia County, Pennsylvania",4507,664,66,63,4213,608,18,24,0,109,0,109,190,286,20,22,0,109,20,22
1400000US42101009400,42101009400,"Census Tract 94, Philadelphia County, Pennsylvania",3118,506,0,109,3042,483,0,109,0,109,0,109,0,109,76,106,0,109,76,106
1400000US42101009500,42101009500,"Census Tract 95, Philadelphia County, Pennsylvania",3368,548,42,57,3278,516,10,13,0,109,0,109,38,65,0,109,0,109,0,109
1400000US42101009600,42101009600,"Census Tract 96, Philadelphia County, Pennsylvania",4161,763,61,62,3861,773,85,131,23,40,0,109,123,184,8,12,0,109,8,12
1400000US42101009700,42101009700,"Census Tract 97, Philadelphia County, Pennsylvania",25,39,25,39,0,109,0,109,0,109,0,109,0,109,0,109,0,109,0,109
1400000US42101009800,42101009800,"Census Tract 98, Philadelphia County, Pennsylvania",8093,668,1257,317,6476,629,0,109,93,105,0,109,52,79,215,170,0,109,215,170
1400000US42101009900,42101009900,"Census Tract 99, Philadelphia County, Pennsylvania",323,120,132,91,191,115,0,109,0,109,0,109,0,109,0,109,0,109,0,109
1400000US42101010000,42101010000,"Census Tract 100, Philadelphia County, Pennsylvania",4706,487,994,384,3363,406,0,109,57,76,0,109,275,272,17,25,0,109,17,25
1400000US42101010100,42101010100,"Census Tract 101, Philadelphia County, Pennsylvania",6770,1291,62,69,6694,1296,0,109,0,109,0,109,14,43,0,109,0,109,0,109
1400000US42101010200,42101010200,"Census Tract 102, Philadelphia County, Pennsylvania",2679,462,0,109,2591,463,62,80,0,109,0,109,0,109,26,30,0,109,26,30
1400000US42101010300,42101010300,"Census Tract 103, Philadelphia County, Pennsylvania",2420,487,41,46,2379,491,0,109,0,109,0,109,0,109,0,109,0,109,0,109
1400000US42101010400,42101010400,"Census Tract 104, Philadelphia County, Pennsylvania",3185,542,7,13,3178,541,0,109,0,109,0,109,0,109,0,109,0,109,0,109
1400000US42101010500,42101010500,"Census Tract 105, Philadelphia County, Pennsylvania",3316,568,50,47,3126,534,0,109,0,109,0,109,42,44,98,69,0,109,98,69
1400000US42101010600,42101010600,"Census Tract 106, Philadelphia County, Pennsylvania",1095,248,12,19,1014,240,0,109,13,22,0,109,0,109,56,79,10,16,46,76
1400000US42101010700,42101010700,"Census Tract 107, Philadelphia County, Pennsylvania",3794,681,172,139,3518,644,0,109,9,16,0,109,13,19,82,112,0,109,82,112
1400000US42101010800,42101010800,"Census Tract 108, Philadelphia County, Pennsylvania",3626,711,88,73,3501,696,0,109,37,42,0,109,0,109,0,109,0,109,0,109
1400000US42101010900,42101010900,"Census Tract 109, Philadelphia County, Pennsylvania",2370,549,218,249,2072,487,0,109,48,56,0,109,14,22,18,30,0,109,18,30
1400000US42101011000,42101011000,"Census Tract 110, Philadelphia County, Pennsylvania",3604,488,67,82,3509,453,0,109,0,109,0,109,0,109,28,43,0,109,28,43
1400000US42101011100,42101011100,"Census Tract 111, Philadelphia County, Pennsylvania",4147,804,23,25,4045,828,0,109,38,54,0,109,0,109,41,52,0,109,41,52
1400000US42101011200,42101011200,"Census Tract 112, Philadelphia County, Pennsylvania",6938,788,77,75,6405,813,32,51,0,109,0,109,316,419,108,135,36,102,72,88
1400000US42101011300,42101011300,"Census Tract 113, Philadelphia County, Pennsylvania",2905,425,51,97,2842,421,12,19,0,109,0,109,0,109,0,109,0,109,0,109
1400000US42101011400,42101011400,"Census Tract 114, Philadelphia County, Pennsylvania",7026,751,60,71,6801,791,0,109,0,109,0,109,0,109,165,109,16,27,149,105
1400000US42101011500,42101011500,"Census Tract 115, Philadelphia County, Pennsylvania",4952,569,419,160,4465,560,0,109,53,85,0,109,0,109,15,19,0,109,15,19
1400000US42101011600,42101011600,"Census Tract 116, Philadelphia County, Pennsylvania",4243,670,2338,480,1676,437,0,109,96,72,39,60,26,32,68,83,8,13,60,71
1400000US42101011700,42101011700,"Census Tract 117, Philadelphia County, Pennsylvania",2804,1229,1766,1074,890,250,0,109,50,77,6,11,23,39,69,113,0,109,69,113
1400000US42101011800,42101011800,"Census Tract 118, Philadelphia County, Pennsylvania",6672,686,51,60,6246,663,0,109,119,178,0,109,70,107,186,266,0,109,186,266
1400000US42101011900,42101011900,"Census Tract 119, Philadelphia County, Pennsylvania",5777,836,221,139,5206,811,0,109,12,20,0,109,132,189,206,215,6,21,200,215
1400000US42101012000,42101012000,"Census Tract 120, Philadelphia County, Pennsylvania",1821,238,596,210,1022,182,0,109,0,109,0,109,121,131,82,58,0,109,82,58
1400000US42101012100,42101012100,"Census Tract 121, Philadelphia County, Pennsylvania",3259,449,869,286,2291,354,1,6,51,46,0,109,47,71,0,109,0,109,0,109
1400000US42101012200,42101012200,"Census Tract 122, Philadelphia County, Pennsylvania",8121,838,2450,425,4790,909,30,35,599,202,0,109,27,43,225,140,13,21,212,137
1400000US42101012300,42101012300,"Census Tract 123, Philadelphia County, Pennsylvania",0,109,0,109,0,109,0,109,0,109,0,109,0,109,0,109,0,109,0,109
1400000US42101012400,42101012400,"Census Tract 124, Philadelphia County, Pennsylvania",582,254,291,145,115,153,0,109,176,196,0,109,0,109,0,109,0,109,0,109
1400000US42101012500,42101012500,"Census Tract 125, Philadelphia County, Pennsylvania",3476,401,2300,355,377,161,0,109,695,212,15,24,51,61,38,36,0,109,38,36
1400000US42101012600,42101012600,"Census Tract 126, Philadelphia County, Pennsylvania",1796,439,810,195,583,330,0,109,178,185,0,109,218,154,7,13,0,109,7,13
1400000US42101012700,42101012700,"Census Tract 127, Philadelphia County, Pennsylvania",582,299,126,142,289,180,0,109,167,158,0,109,0,109,0,109,0,109,0,109
1400000US42101012800,42101012800,"Census Tract 128, Philadelphia County, Pennsylvania",289,85,259,95,30,37,0,109,0,109,0,109,0,109,0,109,0,109,0,109
1400000US42101012900,42101012900,"Census Tract 129, Philadelphia County, Pennsylvania",667,147,637,151,17,23,0,109,13,18,0,109,0,109,0,109,0,109,0,109
1400000US42101013000,42101013000,"Census Tract 130, Philadelphia County, Pennsylvania",1269,167,790,196,239,119,0,109,25,37,0,109,183,142,32,34,0,109,32,34
1400000US42101013100,42101013100,"Census Tract 131, Philadelphia County, Pennsylvania",1455,267,234,142,1146,280,0,109,0,109,0,109,46,56,29,33,0,109,29,33
1400000US42101013200,42101013200,"Census Tract 132, Philadelphia County, Pennsylvania",2419,526,277,146,1952,422,7,11,156,173,0,109,27,45,0,109,0,109,0,109
1400000US42101013300,42101013300,"Census Tract 133, Philadelphia County, Pennsylvania",2647,590,1207,359,1090,468,0,109,112,92,0,109,230,179,8,14,0,109,8,14
1400000US42101013400,42101013400,"Census Tract 134, Philadelphia County, Pennsylvania",5023,447,4456,481,276,148,48,71,102,86,0,109,141,133,0,109,0,109,0,109
1400000US42101013500,42101013500,"Census Tract 135, Philadelphia County, Pennsylvania",3354,411,1681,233,1484,332,0,109,36,34,0,109,77,88,76,84,0,109,76,84
1400000US42101013600,42101013600,"Census Tract 136, Philadelphia County, Pennsylvania",5887,492,5443,510,147,116,0,109,166,116,0,109,66,57,65,71,50,66,15,24
1400000US42101013700,42101013700,"Census Tract 137, Philadelphia County, Pennsylvania",5019,609,469,201,4550,606,0,109,0,109,0,109,0,109,0,109,0,109,0,109
1400000US42101013800,42101013800,"Census Tract 138, Philadelphia County, Pennsylvania",1618,362,33,30,1489,362,54,64,0,109,0,109,0,109,42,46,0,109,42,46
1400000US42101013900,42101013900,"Census Tract 139, Philadelphia County, Pennsylvania",3784,475,415,194,3120,441,12,20,124,164,0,109,55,40,58,66,0,109,58,66
1400000US42101014000,42101014000,"Census Tract 140, Philadelphia County, Pennsylvania",2532,522,86,74,2320,509,0,109,41,47,0,109,85,57,0,109,0,109,0,109
1400000US42101014100,42101014100,"Census Tract 141, Philadelphia County, Pennsylvania",2318,728,235,169,1684,406,0,109,116,118,0,109,218,214,65,71,0,109,65,71
1400000US42101014200,42101014200,"Census Tract 142, Philadelphia County, Pennsylvania",2860,296,2234,310,334,171,0,109,115,93,0,109,78,81,99,76,12,20,87,72
1400000US42101014300,42101014300,"Census Tract 143, Philadelphia County, Pennsylvania",1235,138,1119,161,68,59,4,6,9,19,0,109,21,32,14,15,0,109,14,15
1400000US42101014400,42101014400,"Census Tract 144, Philadelphia County, Pennsylvania",2618,442,1541,386,545,300,38,60,137,239,75,105,256,138,26,27,0,109,26,27
1400000US42101014500,42101014500,"Census Tract 145, Philadelphia County, Pennsylvania",1583,295,170,116,1044,296,10,19,0,109,0,109,359,218,0,109,0,109,0,109
1400000US42101014600,42101014600,"Census Tract 146, Philadelphia County, Pennsylvania",2642,498,496,326,1936,351,26,42,58,55,0,109,59,56,67,56,0,109,67,56
1400000US42101014700,42101014700,"Census Tract 147, Philadelphia County, Pennsylvania",2793,567,511,247,2218,473,0,109,49,46,0,109,15,24,0,109,0,109,0,109
1400000US42101014800,42101014800,"Census Tract 148, Philadelphia County, Pennsylvania",553,203,97,145,433,162,0,109,0,109,0,109,23,40,0,109,0,109,0,109
1400000US42101014900,42101014900,"Census Tract 149, Philadelphia County, Pennsylvania",3607,583,73,94,3479,588,40,58,0,109,0,109,8,12,7,11,0,109,7,11
1400000US42101015000,42101015000,"Census Tract 150, Philadelphia County, Pennsylvania",201,86,85,48,116,89,0,109,0,109,0,109,0,109,0,109,0,109,0,109
1400000US42101015100,42101015100,"Census Tract 151, Philadelphia County, Pennsylvania",6922,863,56,48,6590,879,0,109,145,166,0,109,13,23,118,115,0,109,118,115
1400000US42101015200,42101015200,"Census Tract 152, Philadelphia County, Pennsylvania",6250,887,23,39,6061,852,0,109,0,109,0,109,23,40,143,152,0,109,143,152
1400000US42101015300,42101015300,"Census Tract 153, Philadelphia County, Pennsylvania",3096,533,933,382,1999,414,0,109,41,47,0,109,0,109,123,99,28,45,95,91
1400000US42101015400,42101015400,"Census Tract 154, Philadelphia County, Pennsylvania",2908,766,1548,526,1098,451,19,33,122,97,0,109,60,56,61,56,13,22,48,47
1400000US42101015500,42101015500,"Census Tract 155, Philadelphia County, Pennsylvania",2614,574,489,170,1914,617,4,14,30,47,0,109,169,139,8,14,0,109,8,14
1400000US42101015600,42101015600,"Census Tract 156, Philadelphia County, Pennsylvania",1371,403,310,208,299,171,16,25,0,109,0,109,634,375,112,166,0,109,112,166
1400000US42101015700,42101015700,"Census Tract 157, Philadelphia County, Pennsylvania",3025,573,1616,525,265,267,113,131,64,99,0,109,884,318,83,79,77,76,6,13
1400000US42101015800,42101015800,"Census Tract 158, Philadelphia County, Pennsylvania",5814,603,5450,501,262,328,0,109,60,66,0,109,0,109,42,39,0,109,42,39
1400000US42101015900,42101015900,"Census Tract 159, Philadelphia County, Pennsylvania",1741,333,1587,346,61,51,0,109,76,125,0,109,17,23,0,109,0,109,0,109
1400000US42101016000,42101016000,"Census Tract 160, Philadelphia County, Pennsylvania",7194,713,6666,752,276,394,22,33,120,107,0,109,62,69,48,58,0,109,48,58
1400000US42101016100,42101016100,"Census Tract 161, Philadelphia County, Pennsylvania",5530,694,2796,584,748,329,0,109,917,386,18,34,1022,410,29,22,7,11,22,19
1400000US42101016200,42101016200,"Census Tract 162, Philadelphia County, Pennsylvania",2694,903,1056,514,791,435,0,109,0,109,0,109,811,593,36,64,36,64,0,109
1400000US42101016300,42101016300,"Census Tract 163, Philadelphia County, Pennsylvania",2419,504,506,244,723,351,0,109,84,90,0,109,1073,411,33,34,24,30,9,15
1400000US42101016400,42101016400,"Census Tract 164, Philadelphia County, Pennsylvania",4106,571,1200,392,1587,432,0,109,124,120,0,109,874,338,321,367,17,28,304,361
1400000US42101016500,42101016500,"Census Tract 165, Philadelphia County, Pennsylvania",2760,464,151,106,2356,402,0,109,0,109,0,109,121,121,132,135,0,109,132,135
1400000US42101016600,42101016600,"Census Tract 166, Philadelphia County, Pennsylvania",922,203,9,17,913,204,0,109,0,109,0,109,0,109,0,109,0,109,0,109
1400000US42101016700,42101016700,"Census Tract 167, Philadelphia County, Pennsylvania",5909,720,179,169,5645,731,0,109,0,109,0,109,0,109,85,104,19,30,66,100
1400000US42101016800,42101016800,"Census Tract 168, Philadelphia County, Pennsylvania",4215,595,152,166,4044,585,0,109,0,109,0,109,0,109,19,24,0,109,19,24
1400000US42101016901,42101016901,"Census Tract 169.01, Philadelphia County, Pennsylvania",3276,503,28,27,3154,504,0,109,30,48,0,109,32,39,32,42,6,12,26,41
1400000US42101016902,42101016902,"Census Tract 169.02, Philadelphia County, Pennsylvania",5945,743,44,73,5624,751,0,109,0,109,0,109,0,109,277,265,0,109,277,265
1400000US42101017000,42101017000,"Census Tract 170, Philadelphia County, Pennsylvania",2953,367,434,214,2368,332,0,109,42,61,0,109,31,49,78,93,0,109,78,93
1400000US42101017100,42101017100,"Census Tract 171, Philadelphia County, Pennsylvania",4718,602,208,118,4499,627,11,18,0,109,0,109,0,109,0,109,0,109,0,109
1400000US42101017200,42101017200,"Census Tract 172, Philadelphia County, Pennsylvania",6735,837,11,17,6644,851,0,109,0,109,0,109,63,83,17,28,0,109,17,28
1400000US42101017300,42101017300,"Census Tract 173, Philadelphia County, Pennsylvania",2721,446,81,91,2566,431,0,109,3,6,0,109,18,28,53,53,9,14,44,47
1400000US42101017400,42101017400,"Census Tract 174, Philadelphia County, Pennsylvania",2421,459,11,18,2256,523,0,109,0,109,0,109,0,109,154,162,27,42,127,158
1400000US42101017500,42101017500,"Census Tract 175, Philadelphia County, Pennsylvania",7024,1088,1763,576,3744,1209,0,109,0,109,0,109,1374,477,143,120,125,117,18,29
1400000US42101017601,42101017601,"Census Tract 176.01, Philadelphia County, Pennsylvania",5281,631,1483,408,852,375,15,25,0,109,0,109,2719,612,212,189,33,43,179,185
1400000US42101017602,42101017602,"Census Tract 176.02, Philadelphia County, Pennsylvania",4447,1496,1109,462,1469,1052,0,109,36,57,0,109,1807,524,26,33,26,33,0,109
1400000US42101017700,42101017700,"Census Tract 177, Philadelphia County, Pennsylvania",8851,1045,2028,581,2054,617,12,20,359,279,0,109,3769,840,629,427,201,178,428,365
1400000US42101017800,42101017800,"Census Tract 178, Philadelphia County, Pennsylvania",6563,844,1774,444,1548,580,79,69,337,329,0,109,2558,668,267,228,0,109,267,228
1400000US42101017900,42101017900,"Census Tract 179, Philadelphia County, Pennsylvania",5811,841,2992,637,1901,553,72,122,23,28,0,109,611,548,212,251,171,246,41,55
1400000US42101018000,42101018000,"Census Tract 180, Philadelphia County, Pennsylvania",9005,744,8764,775,70,116,0,109,40,43,0,109,55,67,76,98,13,21,63,95
1400000US42101018100,42101018100,"Census Tract 181, Philadelphia County, Pennsylvania",153,63,153,63,0,109,0,109,0,109,0,109,0,109,0,109,0,109,0,109
1400000US42101018200,42101018200,"Census Tract 182, Philadelphia County, Pennsylvania",507,252,319,188,86,136,5,8,0,109,0,109,0,109,97,150,97,150,0,109
1400000US42101018300,42101018300,"Census Tract 183, Philadelphia County, Pennsylvania",4712,382,4425,319,263,368,7,11,0,109,0,109,17,20,0,109,0,109,0,109
1400000US42101018400,42101018400,"Census Tract 184, Philadelphia County, Pennsylvania",2115,305,2078,289,0,109,0,109,0,109,0,109,25,43,12,19,0,109,12,19
1400000US42101018500,42101018500,"Census Tract 185, Philadelphia County, Pennsylvania",148,78,148,78,0,109,0,109,0,109,0,109,0,109,0,109,0,109,0,109
1400000US42101018600,42101018600,"Census Tract 186, Philadelphia County, Pennsylvania",4938,493,4704,482,0,109,0,109,42,67,0,109,173,223,19,36,0,109,19,36
1400000US42101018700,42101018700,"Census Tract 187, Philadelphia County, Pennsylvania",1859,240,1281,258,347,242,0,109,125,182,0,109,106,99,0,109,0,109,0,109
1400000US42101018800,42101018800,"Census Tract 188, Philadelphia County, Pennsylvania",8168,996,3675,729,2599,623,0,109,0,109,0,109,1699,738,195,214,0,109,195,214
1400000US42101018900,42101018900,"Census Tract 189, Philadelphia County, Pennsylvania",1066,252,339,205,233,167,0,109,0,109,0,109,494,307,0,109,0,109,0,109
1400000US42101019000,42101019000,"Census Tract 190, Philadelphia County, Pennsylvania",8395,867,2420,773,2299,626,0,109,303,210,0,109,3048,924,325,227,173,219,152,116
1400000US42101019100,42101019100,"Census Tract 191, Philadelphia County, Pennsylvania",7949,856,3199,642,1262,445,15,19,846,322,0,109,2477,584,150,141,26,45,124,131
1400000US42101019200,42101019200,"Census Tract 192, Philadelphia County, Pennsylvania",9396,1550,2690,781,2531,1098,0,109,173,249,0,109,3737,1043,265,262,226,264,39,37
1400000US42101019300,42101019300,"Census Tract 193, Philadelphia County, Pennsylvania",8,12,0,109,8,12,0,109,0,109,0,109,0,109,0,109,0,109,0,109
1400000US42101019400,42101019400,"Census Tract 194, Philadelphia County, Pennsylvania",264,148,105,91,67,98,0,109,0,109,0,109,92,103,0,109,0,109,0,109
1400000US42101019500,42101019500,"Census Tract 195, Philadelphia County, Pennsylvania",8210,878,2207,739,737,293,0,109,0,109,0,109,4834,842,432,224,237,201,195,153
1400000US42101019600,42101019600,"Census Tract 196, Philadelphia County, Pennsylvania",2856,489,146,111,400,218,141,174,0,109,0,109,2009,538,160,157,75,83,85,135
1400000US42101019700,42101019700,"Census Tract 197, Philadelphia County, Pennsylvania",7697,756,1076,377,2489,664,17,26,105,138,0,109,3617,809,393,269,321,260,72,90
1400000US42101019800,42101019800,"Census Tract 198, Philadelphia County, Pennsylvania",5639,671,632,238,2024,352,20,33,60,74,0,109,2711,688,192,176,0,109,192,176
1400000US42101019900,42101019900,"Census Tract 199, Philadelphia County, Pennsylvania",4944,666,1088,448,1704,386,0,109,8,12,0,109,2017,577,127,90,116,88,11,17
1400000US42101020000,42101020000,"Census Tract 200, Philadelphia County, Pennsylvania",1237,319,88,100,1024,329,0,109,102,114,0,109,9,14,14,23,14,23,0,109
1400000US42101020100,42101020100,"Census Tract 201, Philadelphia County, Pennsylvania",6235,941,62,72,6128,937,0,109,0,109,0,109,45,68,0,109,0,109,0,109
1400000US42101020200,42101020200,"Census Tract 202, Philadelphia County, Pennsylvania",4666,664,17,27,4626,669,0,109,0,109,0,109,23,36,0,109,0,109,0,109
1400000US42101020300,42101020300,"Census Tract 203, Philadelphia County, Pennsylvania",2916,617,68,57,2694,593,0,109,19,32,0,109,112,121,23,30,0,109,23,30
1400000US42101020400,42101020400,"Census Tract 204, Philadelphia County, Pennsylvania",3041,439,47,54,2876,414,0,109,0,109,0,109,118,193,0,109,0,109,0,109
1400000US42101020500,42101020500,"Census Tract 205, Philadelphia County, Pennsylvania",2470,471,66,56,2253,468,22,32,107,71,13,22,0,109,9,14,9,14,0,109
1400000US42101020600,42101020600,"Census Tract 206, Philadelphia County, Pennsylvania",2272,648,1352,525,728,282,0,109,92,73,0,109,56,54,44,39,17,25,27,30
1400000US42101020700,42101020700,"Census Tract 207, Philadelphia County, Pennsylvania",6571,911,5521,826,615,220,0,109,289,132,0,109,0,109,146,128,0,109,146,128
1400000US42101020800,42101020800,"Census Tract 208, Philadelphia County, Pennsylvania",1704,196,884,221,592,207,0,109,129,78,0,109,62,96,37,47,0,109,37,47
1400000US42101020900,42101020900,"Census Tract 209, Philadelphia County, Pennsylvania",2933,513,2591,494,123,97,0,109,108,135,0,109,44,48,67,61,18,29,49,51
1400000US42101021000,42101021000,"Census Tract 210, Philadelphia County, Pennsylvania",4165,572,3924,527,165,163,0,109,0,109,0,109,70,88,6,8,0,109,6,8
1400000US42101021100,42101021100,"Census Tract 211, Philadelphia County, Pennsylvania",2560,388,2468,347,92,84,0,109,0,109,0,109,0,109,0,109,0,109,0,109
1400000US42101021200,42101021200,"Census Tract 212, Philadelphia County, Pennsylvania",2176,206,1942,200,54,48,22,29,116,115,0,109,0,109,42,45,0,109,42,45
1400000US42101021300,42101021300,"Census Tract 213, Philadelphia County, Pennsylvania",2955,427,2718,421,170,144,0,109,21,33,0,109,35,43,11,17,0,109,11,17
1400000US42101021400,42101021400,"Census Tract 214, Philadelphia County, Pennsylvania",3121,377,2970,369,100,76,11,19,19,22,0,109,21,24,0,109,0,109,0,109
1400000US42101021500,42101021500,"Census Tract 215, Philadelphia County, Pennsylvania",3135,318,2813,294,82,50,17,27,134,130,0,109,41,33,48,55,0,109,48,55
1400000US42101021600,42101021600,"Census Tract 216, Philadelphia County, Pennsylvania",1591,215,1431,209,110,80,7,52,0,109,0,109,29,45,14,18,0,109,14,18
1400000US42101021700,42101021700,"Census Tract 217, Philadelphia County, Pennsylvania",5849,527,5306,483,294,205,0,109,148,112,0,109,16,27,85,74,30,34,55,66
1400000US42101021800,42101021800,"Census Tract 218, Philadelphia County, Pennsylvania",4107,480,3473,477,328,159,0,109,153,127,0,109,95,84,58,75,0,109,58,75
1400000US42101021900,42101021900,"Census Tract 219, Philadelphia County, Pennsylvania",1220,194,1137,208,40,60,0,109,30,46,0,109,13,16,0,109,0,109,0,109
1400000US42101022000,42101022000,"Census Tract 220, Philadelphia County, Pennsylvania",1569,276,1305,257,99,86,0,109,12,21,0,109,84,136,69,60,0,109,69,60
1400000US42101022100,42101022100,"Census Tract 221, Philadelphia County, Pennsylvania",1330,229,1240,303,0,109,0,109,90,150,0,109,0,109,0,109,0,109,0,109
1400000US42101022200,42101022200,"Census Tract 222, Philadelphia County, Pennsylvania",1657,192,1605,216,52,52,0,109,0,109,0,109,0,109,0,109,0,109,0,109
1400000US42101022300,42101022300,"Census Tract 223, Philadelphia County, Pennsylvania",137,84,106,66,31,50,0,109,0,109,0,109,0,109,0,109,0,109,0,109
1400000US42101022400,42101022400,"Census Tract 224, Philadelphia County, Pennsylvania",680,455,586,374,65,89,0,109,0,109,0,109,0,109,29,46,0,109,29,46
1400000US42101022500,42101022500,"Census Tract 225, Philadelphia County, Pennsylvania",806,367,594,282,195,101,17,30,0,109,0,109,0,109,0,109,0,109,0,109
1400000US42101022600,42101022600,"Census Tract 226, Philadelphia County, Pennsylvania",380,180,354,195,0,109,0,109,9,14,0,109,0,109,17,26,0,109,17,26
1400000US42101022700,42101022700,"Census Tract 227, Philadelphia County, Pennsylvania",1230,117,1190,128,11,17,0,109,16,21,0,109,0,109,13,22,0,109,13,22
1400000US42101022800,42101022800,"Census Tract 228, Philadelphia County, Pennsylvania",1404,171,1345,173,26,39,0,109,15,24,0,109,18,26,0,109,0,109,0,109
1400000US42101022900,42101022900,"Census Tract 229, Philadelphia County, Pennsylvania",211,141,202,139,0,109,0,109,9,15,0,109,0,109,0,109,0,109,0,109
1400000US42101023000,42101023000,"Census Tract 230, Philadelphia County, Pennsylvania",534,166,404,116,130,160,0,109,0,109,0,109,0,109,0,109,0,109,0,109
1400000US42101023100,42101023100,"Census Tract 231, Philadelphia County, Pennsylvania",1239,124,1125,134,12,18,0,109,54,67,0,109,13,20,35,39,18,29,17,28
1400000US42101023200,42101023200,"Census Tract 232, Philadelphia County, Pennsylvania",660,83,493,86,167,73,0,109,0,109,0,109,0,109,0,109,0,109,0,109
1400000US42101023300,42101023300,"Census Tract 233, Philadelphia County, Pennsylvania",2939,268,1783,250,889,196,28,47,105,104,0,109,119,117,15,19,0,109,15,19
1400000US42101023400,42101023400,"Census Tract 234, Philadelphia County, Pennsylvania",527,166,496,167,31,41,0,109,0,109,0,109,0,109,0,109,0,109,0,109
1400000US42101023500,42101023500,"Census Tract 235, Philadelphia County, Pennsylvania",981,119,773,142,208,92,0,109,0,109,0,109,0,109,0,109,0,109,0,109
1400000US42101023600,42101023600,"Census Tract 236, Philadelphia County, Pennsylvania",2957,353,1723,349,1122,309,0,109,35,31,0,109,14,22,63,60,0,109,63,60
1400000US42101023700,42101023700,"Census Tract 237, Philadelphia County, Pennsylvania",4593,644,1875,406,2542,709,0,109,86,75,0,109,65,103,25,38,0,109,25,38
1400000US42101023800,42101023800,"Census Tract 238, Philadelphia County, Pennsylvania",4892,644,1399,308,3225,554,26,47,25,30,0,109,33,53,184,114,10,17,174,114
1400000US42101023900,42101023900,"Census Tract 239, Philadelphia County, Pennsylvania",1662,231,344,88,1176,239,0,109,49,44,0,109,54,61,39,51,0,109,39,51
1400000US42101024000,42101024000,"Census Tract 240, Philadelphia County, Pennsylvania",3887,692,1468,383,2327,573,0,109,22,19,0,109,20,32,50,39,0,109,50,39
1400000US42101024100,42101024100,"Census Tract 241, Philadelphia County, Pennsylvania",636,162,70,52,541,156,13,23,0,109,0,109,0,109,12,18,12,18,0,109
1400000US42101024200,42101024200,"Census Tract 242, Philadelphia County, Pennsylvania",3531,591,441,162,2984,554,24,32,0,109,0,109,11,16,71,80,0,109,71,80
1400000US42101024300,42101024300,"Census Tract 243, Philadelphia County, Pennsylvania",4603,567,462,130,4067,560,0,109,39,58,0,109,15,25,20,24,0,109,20,24
1400000US42101024400,42101024400,"Census Tract 244, Philadelphia County, Pennsylvania",3497,604,317,276,3103,597,0,109,0,109,0,109,35,58,42,43,0,109,42,43
1400000US42101024500,42101024500,"Census Tract 245, Philadelphia County, Pennsylvania",3342,481,135,101,3183,467,0,109,24,23,0,109,0,109,0,109,0,109,0,109
1400000US42101024600,42101024600,"Census Tract 246, Philadelphia County, Pennsylvania",2526,360,185,120,2341,363,0,109,0,109,0,109,0,109,0,109,0,109,0,109
1400000US42101024700,42101024700,"Census Tract 247, Philadelphia County, Pennsylvania",4331,836,877,725,3404,546,0,109,0,109,0,109,0,109,50,40,0,109,50,40
1400000US42101024800,42101024800,"Census Tract 248, Philadelphia County, Pennsylvania",2147,391,89,102,2058,397,0,109,0,109,0,109,0,109,0,109,0,109,0,109
1400000US42101024900,42101024900,"Census Tract 249, Philadelphia County, Pennsylvania",3401,720,28,45,3248,704,0,109,12,20,0,109,0,109,113,119,0,109,113,119
1400000US42101025000,42101025000,"Census Tract 250, Philadelphia County, Pennsylvania",874,421,65,76,775,358,0,109,13,21,0,109,21,34,0,109,0,109,0,109
1400000US42101025100,42101025100,"Census Tract 251, Philadelphia County, Pennsylvania",1814,323,18,27,1755,326,0,109,24,38,0,109,0,109,17,26,0,109,17,26
1400000US42101025200,42101025200,"Census Tract 252, Philadelphia County, Pennsylvania",7753,975,760,217,6772,952,0,109,18,30,0,109,39,43,164,111,18,29,146,109
1400000US42101025300,42101025300,"Census Tract 253, Philadelphia County, Pennsylvania",3500,544,302,245,3169,580,0,109,0,109,0,109,0,109,29,25,0,109,29,25
1400000US42101025400,42101025400,"Census Tract 254, Philadelphia County, Pennsylvania",3471,466,416,242,2859,423,0,109,37,46,0,109,9,15,150,120,24,38,126,98
1400000US42101025500,42101025500,"Census Tract 255, Philadelphia County, Pennsylvania",2425,295,732,263,1604,316,0,109,0,109,0,109,30,36,59,57,0,109,59,57
1400000US42101025600,42101025600,"Census Tract 256, Philadelphia County, Pennsylvania",2458,289,1416,203,833,259,0,109,30,26,0,109,77,104,102,90,0,109,102,90
1400000US42101025700,42101025700,"Census Tract 257, Philadelphia County, Pennsylvania",3307,419,2237,443,943,339,28,30,33,28,0,109,17,27,49,45,0,109,49,45
1400000US42101025800,42101025800,"Census Tract 258, Philadelphia County, Pennsylvania",1550,237,42,63,1507,250,1,3,0,109,0,109,0,109,0,109,0,109,0,109
1400000US42101025900,42101025900,"Census Tract 259, Philadelphia County, Pennsylvania",4046,492,171,130,3779,521,0,109,45,74,0,109,14,24,37,46,0,109,37,46
1400000US42101026000,42101026000,"Census Tract 260, Philadelphia County, Pennsylvania",2871,395,73,59,2746,388,0,109,0,109,0,109,0,109,52,43,14,22,38,47
1400000US42101026100,42101026100,"Census Tract 261, Philadelphia County, Pennsylvania",3068,304,25,38,2947,299,0,109,8,12,10,22,0,109,78,69,11,17,67,67
1400000US42101026200,42101026200,"Census Tract 262, Philadelphia County, Pennsylvania",3987,479,113,140,3792,448,0,109,0,109,0,109,12,19,70,71,10,17,60,56
1400000US42101026301,42101026301,"Census Tract 263.01, Philadelphia County, Pennsylvania",3628,320,42,36,3543,326,0,109,9,13,0,109,0,109,34,39,0,109,34,39
1400000US42101026302,42101026302,"Census Tract 263.02, Philadelphia County, Pennsylvania",4496,515,107,99,4188,573,24,37,0,109,0,109,30,52,147,163,0,109,147,163
1400000US42101026400,42101026400,"Census Tract 264, Philadelphia County, Pennsylvania",5421,671,239,142,5182,695,0,109,0,109,0,109,0,109,0,109,0,109,0,109
1400000US42101026500,42101026500,"Census Tract 265, Philadelphia County, Pennsylvania",4434,585,96,77,4257,598,0,109,0,109,0,109,33,37,48,55,0,109,48,55
1400000US42101026600,42101026600,"Census Tract 266, Philadelphia County, Pennsylvania",5881,749,161,126,5686,785,9,15,0,109,0,109,25,45,0,109,0,109,0,109
1400000US42101026700,42101026700,"Census Tract 267, Philadelphia County, Pennsylvania",6998,890,257,239,6391,743,0,109,69,92,24,41,0,109,257,259,99,142,158,239
1400000US42101026800,42101026800,"Census Tract 268, Philadelphia County, Pennsylvania",4386,523,515,509,3692,564,0,109,0,109,0,109,91,79,88,83,5,10,83,82
1400000US42101026900,42101026900,"Census Tract 269, Philadelphia County, Pennsylvania",2203,379,705,202,1189,311,0,109,86,96,0,109,103,70,120,187,0,109,120,187
1400000US42101027000,42101027000,"Census Tract 270, Philadelphia County, Pennsylvania",3084,608,596,269,2171,637,0,109,67,107,0,109,226,292,24,42,0,109,24,42
1400000US42101027100,42101027100,"Census Tract 271, Philadelphia County, Pennsylvania",2511,222,339,103,1402,196,38,57,538,115,0,109,187,108,7,15,0,109,7,15
1400000US42101027200,42101027200,"Census Tract 272, Philadelphia County, Pennsylvania",4534,405,586,180,3500,439,9,15,335,152,0,109,94,79,10,15,0,109,10,15
1400000US42101027300,42101027300,"Census Tract 273, Philadelphia County, Pennsylvania",5791,612,1176,439,2894,599,19,31,1285,476,0,109,359,294,58,97,0,109,58,97
1400000US42101027400,42101027400,"Census Tract 274, Philadelphia County, Pennsylvania",10441,1214,1702,460,5306,902,105,155,1903,622,0,109,1029,407,396,211,47,52,349,209
1400000US42101027500,42101027500,"Census Tract 275, Philadelphia County, Pennsylvania",4227,458,419,157,3363,450,23,28,311,164,0,109,94,103,17,30,17,30,0,109
1400000US42101027600,42101027600,"Census Tract 276, Philadelphia County, Pennsylvania",3758,545,69,55,3562,530,0,109,43,48,0,109,14,21,70,66,0,109,70,66
1400000US42101027700,42101027700,"Census Tract 277, Philadelphia County, Pennsylvania",4082,636,194,229,3623,582,47,36,87,67,29,47,0,109,102,99,0,109,102,99
1400000US42101027800,42101027800,"Census Tract 278, Philadelphia County, Pennsylvania",4641,614,0,109,4510,601,54,92,0,109,0,109,77,124,0,109,0,109,0,109
1400000US42101027900,42101027900,"Census Tract 279, Philadelphia County, Pennsylvania",7659,812,2176,500,5044,631,0,109,202,133,0,109,32,38,205,201,0,109,205,201
1400000US42101028000,42101028000,"Census Tract 280, Philadelphia County, Pennsylvania",4861,628,64,66,4717,648,24,27,0,109,0,109,0,109,56,90,56,90,0,109
1400000US42101028100,42101028100,"Census Tract 281, Philadelphia County, Pennsylvania",3875,419,102,89,3532,410,0,109,18,29,0,109,111,164,112,150,0,109,112,150
1400000US42101028200,42101028200,"Census Tract 282, Philadelphia County, Pennsylvania",4865,489,250,260,4066,424,0,109,307,152,0,109,154,119,88,88,24,39,64,58
1400000US42101028300,42101028300,"Census Tract 283, Philadelphia County, Pennsylvania",6719,1096,328,423,5828,1058,21,34,391,231,0,109,0,109,151,143,0,109,151,143
1400000US42101028400,42101028400,"Census Tract 284, Philadelphia County, Pennsylvania",3876,543,553,374,2657,502,0,109,130,144,0,109,536,395,0,109,0,109,0,109
1400000US42101028500,42101028500,"Census Tract 285, Philadelphia County, Pennsylvania",2493,477,260,178,997,394,0,109,317,271,0,109,919,526,0,109,0,109,0,109
1400000US42101028600,42101028600,"Census Tract 286, Philadelphia County, Pennsylvania",6260,891,1180,570,3216,709,0,109,725,371,0,109,909,357,230,242,13,22,217,240
1400000US42101028700,42101028700,"Census Tract 287, Philadelphia County, Pennsylvania",2414,465,586,391,443,194,0,109,41,61,0,109,1300,510,44,40,35,41,9,14
1400000US42101028800,42101028800,"Census Tract 288, Philadelphia County, Pennsylvania",4285,550,1252,405,905,255,19,28,355,94,0,109,1520,492,234,201,64,94,170,171
1400000US42101028900,42101028900,"Census Tract 289, Philadelphia County, Pennsylvania",10190,1071,2755,748,2488,430,18,28,689,361,112,178,3974,972,154,131,6,14,148,130
1400000US42101029000,42101029000,"Census Tract 290, Philadelphia County, Pennsylvania",6111,750,1063,322,2540,646,0,109,1084,187,0,109,1396,524,28,32,0,109,28,32
1400000US42101029100,42101029100,"Census Tract 291, Philadelphia County, Pennsylvania",4310,578,704,244,1741,482,0,109,1378,359,0,109,443,220,44,49,26,41,18,27
1400000US42101029200,42101029200,"Census Tract 292, Philadelphia County, Pennsylvania",4062,503,1384,318,1661,252,12,20,393,370,0,109,492,239,120,69,30,44,90,55
1400000US42101029300,42101029300,"Census Tract 293, Philadelphia County, Pennsylvania",3096,770,1530,730,697,329,13,19,49,51,0,109,790,297,17,23,0,109,17,23
1400000US42101029400,42101029400,"Census Tract 294, Philadelphia County, Pennsylvania",4054,937,1220,573,2291,994,5,9,0,109,0,109,538,334,0,109,0,109,0,109
1400000US42101029500,42101029500,"Census Tract 295, Philadelphia County, Pennsylvania",856,159,786,197,62,68,0,109,0,109,0,109,0,109,8,14,8,14,0,109
1400000US42101029600,42101029600,"Census Tract 296, Philadelphia County, Pennsylvania",1684,454,1289,371,154,108,0,109,19,32,0,109,222,180,0,109,0,109,0,109
1400000US42101029700,42101029700,"Census Tract 297, Philadelphia County, Pennsylvania",313,142,191,134,83,88,0,109,18,28,0,109,0,109,21,34,0,109,21,34
1400000US42101029800,42101029800,"Census Tract 298, Philadelphia County, Pennsylvania",4580,464,2543,354,1484,332,0,109,112,136,0,109,387,213,54,49,45,45,9,16
1400000US42101029900,42101029900,"Census Tract 299, Philadelphia County, Pennsylvania",4793,618,1317,358,2275,461,32,51,78,87,0,109,843,455,248,207,68,93,180,188
1400000US42101030000,42101030000,"Census Tract 300, Philadelphia County, Pennsylvania",6569,808,1546,434,3693,839,107,133,83,95,0,109,621,329,519,348,255,206,264,291
1400000US42101030100,42101030100,"Census Tract 301, Philadelphia County, Pennsylvania",5090,581,1780,328,2554,517,0,109,0,109,0,109,491,288,265,195,144,128,121,118
1400000US42101030200,42101030200,"Census Tract 302, Philadelphia County, Pennsylvania",8281,884,2632,529,3068,647,0,109,295,289,0,109,1697,621,589,362,111,154,478,325
1400000US42101030300,42101030300,"Census Tract 303, Philadelphia County, Pennsylvania",8116,901,2593,838,4917,824,0,109,105,124,0,109,393,332,108,77,21,25,87,73
1400000US42101030400,42101030400,"Census Tract 304, Philadelphia County, Pennsylvania",288,215,89,79,180,188,0,109,0,109,0,109,19,31,0,109,0,109,0,109
1400000US42101030500,42101030500,"Census Tract 305, Philadelphia County, Pennsylvania",10943,983,3361,585,5733,796,0,109,911,434,0,109,740,348,198,128,48,53,150,118
1400000US42101030600,42101030600,"Census Tract 306, Philadelphia County, Pennsylvania",6981,963,3876,909,1390,497,19,30,509,372,0,109,1060,454,127,155,0,109,127,155
1400000US42101030700,42101030700,"Census Tract 307, Philadelphia County, Pennsylvania",3670,432,2667,374,586,200,65,96,123,98,0,109,184,110,45,59,0,109,45,59
1400000US42101030800,42101030800,"Census Tract 308, Philadelphia County, Pennsylvania",5236,340,3249,366,1052,344,0,109,515,148,0,109,171,152,249,165,44,45,205,158
1400000US42101030900,42101030900,"Census Tract 309, Philadelphia County, Pennsylvania",3942,486,1894,343,967,447,19,33,529,249,0,109,315,218,218,180,78,76,140,163
1400000US42101031000,42101031000,"Census Tract 310, Philadelphia County, Pennsylvania",6390,665,3720,572,951,478,77,110,1087,355,0,109,486,335,69,115,69,115,0,109
1400000US42101031100,42101031100,"Census Tract 311, Philadelphia County, Pennsylvania",9593,886,3920,830,3319,708,0,109,1177,443,0,109,992,616,185,180,83,149,102,87
1400000US42101031200,42101031200,"Census Tract 312, Philadelphia County, Pennsylvania",4510,554,1357,345,1450,460,10,17,574,194,0,109,1112,340,7,12,0,109,7,12
1400000US42101031300,42101031300,"Census Tract 313, Philadelphia County, Pennsylvania",8491,1263,3665,782,1768,677,0,109,1985,1139,0,109,1010,655,63,62,32,49,31,40
1400000US42101031400,42101031400,"Census Tract 314, Philadelphia County, Pennsylvania",12772,838,5968,727,2650,771,138,208,2461,563,0,109,1237,407,318,202,26,31,292,197
1400000US42101031500,42101031500,"Census Tract 315, Philadelphia County, Pennsylvania",10789,652,9701,655,353,240,0,109,315,211,0,109,272,239,148,143,0,109,148,143
1400000US42101031600,42101031600,"Census Tract 316, Philadelphia County, Pennsylvania",6711,788,5330,777,896,336,0,109,351,275,0,109,134,121,0,109,0,109,0,109
1400000US42101031700,42101031700,"Census Tract 317, Philadelphia County, Pennsylvania",6503,719,4725,776,1043,483,0,109,398,284,0,109,245,340,92,123,0,109,92,123
1400000US42101031800,42101031800,"Census Tract 318, Philadelphia County, Pennsylvania",3667,473,1773,309,1105,271,0,109,238,170,0,109,472,277,79,57,8,16,71,53
1400000US42101031900,42101031900,"Census Tract 319, Philadelphia County, Pennsylvania",5013,599,2745,480,1295,345,0,109,37,58,0,109,657,314,279,156,162,128,117,84
1400000US42101032000,42101032000,"Census Tract 320, Philadelphia County, Pennsylvania",7149,773,5432,788,544,286,97,159,162,179,0,109,837,389,77,90,0,109,77,90
1400000US42101032100,42101032100,"Census Tract 321, Philadelphia County, Pennsylvania",3954,588,3310,597,370,206,30,64,43,66,0,109,201,190,0,109,0,109,0,109
1400000US42101032200,42101032200,"Census Tract 322, Philadelphia County, Pennsylvania",257,235,257,235,0,109,0,109,0,109,0,109,0,109,0,109,0,109,0,109
1400000US42101032300,42101032300,"Census Tract 323, Philadelphia County, Pennsylvania",3290,489,2504,452,334,142,0,109,33,51,0,109,359,271,60,52,11,17,49,49
1400000US42101032400,42101032400,"Census Tract 324, Philadelphia County, Pennsylvania",0,109,0,109,0,109,0,109,0,109,0,109,0,109,0,109,0,109,0,109
1400000US42101032500,42101032500,"Census Tract 325, Philadelphia County, Pennsylvania",5719,466,4485,520,766,213,0,109,87,91,0,109,156,195,225,113,88,109,137,117
1400000US42101032600,42101032600,"Census Tract 326, Philadelphia County, Pennsylvania",7719,759,6717,776,380,300,0,109,252,208,0,109,199,239,171,216,124,204,47,78
1400000US42101032700,42101032700,"Census Tract 327, Philadelphia County, Pennsylvania",203,192,64,106,139,104,0,109,0,109,0,109,0,109,0,109,0,109,0,109
1400000US42101032800,42101032800,"Census Tract 328, Philadelphia County, Pennsylvania",6145,734,815,213,4559,541,64,59,93,70,0,109,497,124,117,65,96,61,21,21
1400000US42101032900,42101032900,"Census Tract 329, Philadelphia County, Pennsylvania",4272,383,2532,339,839,385,0,109,265,210,0,109,513,366,123,94,90,86,33,39
1400000US42101033000,42101033000,"Census Tract 330, Philadelphia County, Pennsylvania",8075,742,6332,553,612,312,0,109,375,573,0,109,480,232,276,187,21,33,255,188
1400000US42101033100,42101033100,"Census Tract 331, Philadelphia County, Pennsylvania",10821,1529,9671,1493,506,350,0,109,0,109,16,25,548,519,80,97,0,109,80,97
1400000US42101033200,42101033200,"Census Tract 332, Philadelphia County, Pennsylvania",2861,227,2588,247,51,80,0,109,174,129,0,109,48,64,0,109,0,109,0,109
1400000US42101033300,42101033300,"Census Tract 333, Philadelphia County, Pennsylvania",4818,555,4213,537,307,179,0,109,254,173,0,109,44,43,0,109,0,109,0,109
1400000US42101033400,42101033400,"Census Tract 334, Philadelphia County, Pennsylvania",4834,496,3111,419,513,288,15,24,714,356,9,15,442,239,30,35,0,109,30,35
1400000US42101033500,42101033500,"Census Tract 335, Philadelphia County, Pennsylvania",4019,357,3123,360,461,312,0,109,197,186,10,16,182,129,46,43,0,109,46,43
1400000US42101033600,42101033600,"Census Tract 336, Philadelphia County, Pennsylvania",6648,665,5616,687,424,385,36,43,198,191,0,109,234,221,140,157,0,109,140,157
1400000US42101033700,42101033700,"Census Tract 337, Philadelphia County, Pennsylvania",11315,1056,9319,1141,252,157,0,109,1062,189,0,109,528,269,154,129,132,129,22,24
1400000US42101033800,42101033800,"Census Tract 338, Philadelphia County, Pennsylvania",6042,389,4881,552,324,105,0,109,108,114,0,109,663,437,66,62,51,52,15,26
1400000US42101033900,42101033900,"Census Tract 339, Philadelphia County, Pennsylvania",3094,208,2400,296,257,143,0,109,278,166,0,109,43,51,116,112,0,109,116,112
1400000US42101034000,42101034000,"Census Tract 340, Philadelphia County, Pennsylvania",2849,236,2262,353,126,86,9,15,441,322,0,109,0,109,11,18,0,109,11,18
1400000US42101034100,42101034100,"Census Tract 341, Philadelphia County, Pennsylvania",7059,671,6374,703,390,321,0,109,109,112,0,109,54,87,132,123,0,109,132,123
1400000US42101034200,42101034200,"Census Tract 342, Philadelphia County, Pennsylvania",3279,285,3051,307,170,121,0,109,0,109,0,109,0,109,58,57,46,55,12,18
1400000US42101034300,42101034300,"Census Tract 343, Philadelphia County, Pennsylvania",244,170,244,170,0,109,0,109,0,109,0,109,0,109,0,109,0,109,0,109
1400000US42101034400,42101034400,"Census Tract 344, Philadelphia County, Pennsylvania",8716,724,7608,667,31,26,7,11,772,254,0,109,75,101,223,180,34,45,189,173
1400000US42101034500,42101034500,"Census Tract 345, Philadelphia County, Pennsylvania",8437,750,6027,622,789,338,18,29,1085,376,0,109,347,305,171,114,44,50,127,100
1400000US42101034600,42101034600,"Census Tract 346, Philadelphia County, Pennsylvania",2029,298,1354,315,425,199,68,109,95,123,0,109,62,86,25,31,0,109,25,31
1400000US42101034701,42101034701,"Census Tract 347.01, Philadelphia County, Pennsylvania",6901,612,4964,633,880,501,23,26,732,172,0,109,295,212,7,13,0,109,7,13
1400000US42101034702,42101034702,"Census Tract 347.02, Philadelphia County, Pennsylvania",4825,426,4090,544,158,117,0,109,435,333,0,109,97,98,45,69,45,69,0,109
1400000US42101034801,42101034801,"Census Tract 348.01, Philadelphia County, Pennsylvania",4171,357,3889,367,203,119,0,109,61,102,0,109,6,10,12,19,0,109,12,19
1400000US42101034802,42101034802,"Census Tract 348.02, Philadelphia County, Pennsylvania",6084,599,4521,478,1291,460,0,109,126,117,0,109,97,134,49,48,31,36,18,31
1400000US42101034803,42101034803,"Census Tract 348.03, Philadelphia County, Pennsylvania",5033,323,4515,398,292,218,0,109,104,76,0,109,85,141,37,50,0,109,37,50
1400000US42101034900,42101034900,"Census Tract 349, Philadelphia County, Pennsylvania",6780,636,4932,574,1165,399,44,60,249,126,0,109,358,320,32,34,0,109,32,34
1400000US42101035100,42101035100,"Census Tract 351, Philadelphia County, Pennsylvania",3676,459,3389,544,33,45,0,109,254,201,0,109,0,109,0,109,0,109,0,109
1400000US42101035200,42101035200,"Census Tract 352, Philadelphia County, Pennsylvania",4765,260,4448,296,58,71,0,109,249,141,0,109,0,109,10,16,0,109,10,16
1400000US42101035301,42101035301,"Census Tract 353.01, Philadelphia County, Pennsylvania",5742,373,5330,426,212,236,0,109,200,173,0,109,0,109,0,109,0,109,0,109
1400000US42101035302,42101035302,"Census Tract 353.02, Philadelphia County, Pennsylvania",5031,442,4257,320,285,245,0,109,170,125,0,109,237,255,82,107,0,109,82,107
1400000US42101035400,42101035400,"Census Tract 354, Philadelphia County, Pennsylvania",0,109,0,109,0,109,0,109,0,109,0,109,0,109,0,109,0,109,0,109
1400000US42101035500,42101035500,"Census Tract 355, Philadelphia County, Pennsylvania",7923,647,6920,623,102,127,44,52,792,255,0,109,29,44,36,56,0,109,36,56
1400000US42101035600,42101035600,"Census Tract 356, Philadelphia County, Pennsylvania",9963,990,7917,577,639,453,0,109,1160,252,0,109,156,164,91,98,67,91,24,32
1400000US42101035700,42101035700,"Census Tract 357, Philadelphia County, Pennsylvania",9619,740,6568,714,448,255,0,109,2480,747,0,109,54,86,69,71,0,109,69,71
1400000US42101035800,42101035800,"Census Tract 358, Philadelphia County, Pennsylvania",6441,279,5277,361,214,133,0,109,895,211,0,109,35,39,20,25,13,20,7,15
1400000US42101035900,42101035900,"Census Tract 359, Philadelphia County, Pennsylvania",5255,363,4425,382,152,116,0,109,612,206,0,109,11,23,55,53,0,109,55,53
1400000US42101036000,42101036000,"Census Tract 360, Philadelphia County, Pennsylvania",3810,1787,3070,1794,153,143,0,109,495,144,15,30,42,52,35,45,0,109,35,45
1400000US42101036100,42101036100,"Census Tract 361, Philadelphia County, Pennsylvania",4478,320,3539,372,528,260,0,109,43,34,0,109,154,176,214,207,0,109,214,207
1400000US42101036201,42101036201,"Census Tract 362.01, Philadelphia County, Pennsylvania",5184,434,4590,521,256,186,0,109,151,147,0,109,0,109,187,169,17,26,170,162
1400000US42101036202,42101036202,"Census Tract 362.02, Philadelphia County, Pennsylvania",6721,524,6065,528,280,236,0,109,133,110,0,109,225,348,18,29,0,109,18,29
1400000US42101036203,42101036203,"Census Tract 362.03, Philadelphia County, Pennsylvania",5026,434,4720,489,139,85,0,109,55,77,0,109,112,121,0,109,0,109,0,109
1400000US42101036301,42101036301,"Census Tract 363.01, Philadelphia County, Pennsylvania",4202,403,3706,448,58,55,0,109,327,201,0,109,70,64,41,52,0,109,41,52
1400000US42101036302,42101036302,"Census Tract 363.02, Philadelphia County, Pennsylvania",3859,454,3055,536,424,250,103,166,277,187,0,109,0,109,0,109,0,109,0,109
1400000US42101036303,42101036303,"Census Tract 363.03, Philadelphia County, Pennsylvania",6988,385,6883,428,0,109,0,109,90,112,0,109,15,26,0,109,0,109,0,109
1400000US42101036400,42101036400,"Census Tract 364, Philadelphia County, Pennsylvania",616,535,386,335,230,212,0,109,0,109,0,109,0,109,0,109,0,109,0,109
1400000US42101036500,42101036500,"Census Tract 365, Philadelphia County, Pennsylvania",10167,684,9460,685,291,183,0,109,150,156,0,109,253,180,13,20,0,109,13,20
1400000US42101036600,42101036600,"Census Tract 366, Philadelphia County, Pennsylvania",1242,178,1038,193,144,109,0,109,51,69,0,109,0,109,9,15,0,109,9,15
