GEO.id,GEO.id2,GEO.display-label,HD01_VD01,HD02_VD01,HD01_VD02,HD02_VD02,HD01_VD03,HD02_VD03,HD01_VD04,HD02_VD04,HD01_VD05,HD02_VD05,HD01_VD06,HD02_VD06,HD01_VD07,HD02_VD07,HD01_VD08,HD02_VD08,HD01_VD09,HD02_VD09,HD01_VD10,HD02_VD10
Id,Id2,Geography,Estimate; Total:,Margin of Error; Total:,Estimate; Total: - White alone,Margin of Error; Total: - White alone,Estimate; Total: - Black or African American alone,Margin of Error; Total: - Black or African American alone,Estimate; Total: - American Indian and Alaska Native alone,Margin of Error; Total: - American Indian and Alaska Native alone,Estimate; Total: - Asian alone,Margin of Error; Total: - Asian alone,Estimate; Total: - Native Hawaiian and Other Pacific Islander alone,Margin of Error; Total: - Native Hawaiian and Other Pacific Islander alone,Estimate; Total: - Some other race alone,Margin of Error; Total: - Some other race alone,Estimate; Total: - Two or more races:,Margin of Error; Total: - Two or more races:,Estimate; Total: - Two or more races: - Two races including Some other race,Margin of Error; Total: - Two or more races: - Two races including Some other race,"Estimate; Total: - Two or more races: - Two races excluding Some other race, and three or more races","Margin of Error; Total: - Two or more races: - Two races excluding Some other race, and three or more races"
1400000US42101000100,42101000100,"Census Tract 1, Philadelphia County, Pennsylvania",4012,476,3020,405,500,251,6,13,358,190,0,10,30,48,98,77,17,27,81,69
1400000US42101000200,42101000200,"Census Tract 2, Philadelphia County, Pennsylvania",2563,457,825,271,156,93,13,21,1389,383,0,10,46,108,134,105,31,38,103,78
1400000US42101000300,42101000300,"Census Tract 3, Philadelphia County, Pennsylvania",3530,300,2740,323,150,88,0,10,447,169,21,32,25,38,147,128,9,18,138,128
1400000US42101000401,42101000401,"Census Tract 4.01, Philadelphia County, Pennsylvania",2666,245,1605,210,346,153,0,10,663,195,0,10,8,13,44,29,7,12,37,27
1400000US42101000402,42101000402,"Census Tract 4.02, Philadelphia County, Pennsylvania",3202,367,2721,417,178,120,0,10,249,141,0,10,0,10,54,72,0,10,54,72
1400000US42101000500,42101000500,"Census Tract 5, Philadelphia County, Pennsylvania",2451,645,1126,231,851,388,15,26,361,107,0,10,28,35,70,51,43,44,27,26
1400000US42101000600,42101000600,"Census Tract 6, Philadelphia County, Pennsylvania",1301,171,991,152,141,55,0,10,140,52,0,10,20,28,9,15,0,10,9,15
1400000US42101000700,42101000700,"Census Tract 7, Philadelphia County, Pennsylvania",3254,452,2138,293,411,233,0,10,621,256,10,17,0,10,74,58,0,10,74,58
1400000US42101000801,42101000801,"Census Tract 8.01, Philadelphia County, Pennsylvania",1588,180,1223,226,148,99,0,10,113,71,0,10,86,103,18,24,14,23,4,7
1400000US42101000803,42101000803,"Census Tract 8.03, Philadelphia County, Pennsylvania",3569,383,3015,336,17,25,12,21,426,242,0,10,0,10,99,116,30,48,69,103
1400000US42101000804,42101000804,"Census Tract 8.04, Philadelphia County, Pennsylvania",4082,381,3469,322,134,91,13,21,452,204,0,10,14,22,0,10,0,10,0,10
1400000US42101000901,42101000901,"Census Tract 9.01, Philadelphia County, Pennsylvania",2159,207,1521,223,178,156,0,10,365,150,0,10,46,48,49,38,0,10,49,38
1400000US42101000902,42101000902,"Census Tract 9.02, Philadelphia County, Pennsylvania",2663,321,1912,283,152,59,0,10,501,113,0,10,15,22,83,40,7,13,76,37
1400000US42101001001,42101001001,"Census Tract 10.01, Philadelphia County, Pennsylvania",2664,258,2296,206,64,46,0,10,124,79,0,10,0,10,180,155,0,10,180,155
1400000US42101001002,42101001002,"Census Tract 10.02, Philadelphia County, Pennsylvania",3392,282,3144,240,76,58,48,70,108,62,0,10,0,10,16,18,0,10,16,18
1400000US42101001101,42101001101,"Census Tract 11.01, Philadelphia County, Pennsylvania",3666,410,3038,381,251,155,0,10,224,139,0,10,56,53,97,97,0,10,97,97
1400000US42101001102,42101001102,"Census Tract 11.02, Philadelphia County, Pennsylvania",2566,216,2045,212,186,153,0,10,264,122,0,10,9,13,62,48,0,10,62,48
1400000US42101001201,42101001201,"Census Tract 12.01, Philadelphia County, Pennsylvania",4134,337,3559,389,35,36,54,82,311,140,0,10,6,11,169,113,0,10,169,113
1400000US42101001202,42101001202,"Census Tract 12.02, Philadelphia County, Pennsylvania",5111,385,4339,401,322,167,0,14,302,140,0,14,26,32,122,70,21,25,101,68
1400000US42101001300,42101001300,"Census Tract 13, Philadelphia County, Pennsylvania",6108,460,3661,335,1549,350,98,146,438,161,0,14,98,89,264,114,17,26,247,115
1400000US42101001400,42101001400,"Census Tract 14, Philadelphia County, Pennsylvania",3936,361,2576,281,869,209,0,10,266,163,15,27,103,124,107,108,13,27,94,86
1400000US42101001500,42101001500,"Census Tract 15, Philadelphia County, Pennsylvania",2868,223,1913,245,469,204,54,79,341,152,0,10,46,41,45,38,0,10,45,38
1400000US42101001600,42101001600,"Census Tract 16, Philadelphia County, Pennsylvania",2173,182,1984,191,21,22,0,10,72,41,0,10,25,34,71,50,0,10,71,50
1400000US42101001700,42101001700,"Census Tract 17, Philadelphia County, Pennsylvania",2948,261,2392,264,239,169,0,10,70,81,0,10,104,87,143,83,0,10,143,83
1400000US42101001800,42101001800,"Census Tract 18, Philadelphia County, Pennsylvania",3263,360,2294,298,516,178,0,10,333,153,0,10,44,40,76,48,0,10,76,48
1400000US42101001900,42101001900,"Census Tract 19, Philadelphia County, Pennsylvania",3159,368,1992,265,933,213,12,20,138,76,0,10,9,14,75,61,0,10,75,61
1400000US42101002000,42101002000,"Census Tract 20, Philadelphia County, Pennsylvania",2039,247,494,167,1403,185,7,10,38,28,0,10,5,8,92,73,14,21,78,70
1400000US42101002100,42101002100,"Census Tract 21, Philadelphia County, Pennsylvania",2294,257,712,210,1527,242,0,10,30,22,0,10,0,10,25,18,0,10,25,18
1400000US42101002200,42101002200,"Census Tract 22, Philadelphia County, Pennsylvania",2309,345,895,176,1091,260,0,10,196,121,0,10,5,10,122,104,0,10,122,104
1400000US42101002300,42101002300,"Census Tract 23, Philadelphia County, Pennsylvania",2836,289,2155,283,146,137,0,10,366,89,26,41,22,24,121,97,16,16,105,95
1400000US42101002400,42101002400,"Census Tract 24, Philadelphia County, Pennsylvania",5319,689,3889,638,455,100,0,14,759,140,0,14,74,78,142,111,0,14,142,111
1400000US42101002500,42101002500,"Census Tract 25, Philadelphia County, Pennsylvania",3914,320,2486,232,963,227,0,10,192,148,0,10,121,104,152,124,45,73,107,97
1400000US42101002701,42101002701,"Census Tract 27.01, Philadelphia County, Pennsylvania",4177,634,2292,492,916,404,0,10,852,313,0,10,47,54,70,54,0,10,70,54
1400000US42101002702,42101002702,"Census Tract 27.02, Philadelphia County, Pennsylvania",4273,302,3734,380,159,172,0,10,184,110,0,10,168,227,28,27,18,21,10,16
1400000US42101002801,42101002801,"Census Tract 28.01, Philadelphia County, Pennsylvania",4817,623,2328,579,440,304,42,71,1384,467,0,10,522,446,101,77,29,49,72,65
1400000US42101002802,42101002802,"Census Tract 28.02, Philadelphia County, Pennsylvania",5903,635,4087,409,30,44,0,14,1333,307,0,14,320,468,133,123,67,104,66,58
1400000US42101002900,42101002900,"Census Tract 29, Philadelphia County, Pennsylvania",4167,718,3152,555,41,34,0,10,601,485,0,10,312,342,61,54,10,17,51,52
1400000US42101003001,42101003001,"Census Tract 30.01, Philadelphia County, Pennsylvania",4431,498,1609,334,835,201,0,10,1887,410,14,21,0,10,86,56,32,40,54,40
1400000US42101003002,42101003002,"Census Tract 30.02, Philadelphia County, Pennsylvania",2988,370,707,198,2004,348,19,29,176,100,0,10,0,10,82,91,0,10,82,91
1400000US42101003100,42101003100,"Census Tract 31, Philadelphia County, Pennsylvania",4064,600,477,196,3032,506,0,10,174,139,0,10,240,250,141,130,57,70,84,111
1400000US42101003200,42101003200,"Census Tract 32, Philadelphia County, Pennsylvania",4631,704,392,165,4033,678,0,10,81,92,20,33,18,28,87,83,0,10,87,83
1400000US42101003300,42101003300,"Census Tract 33, Philadelphia County, Pennsylvania",5970,706,1373,350,4209,641,0,14,196,177,0,14,25,47,167,200,0,14,167,200
1400000US42101003600,42101003600,"Census Tract 36, Philadelphia County, Pennsylvania",7379,809,1069,303,4617,760,0,14,1385,420,0,14,105,94,203,222,0,14,203,222
1400000US42101003701,42101003701,"Census Tract 37.01, Philadelphia County, Pennsylvania",6255,833,806,311,4731,912,13,26,633,369,0,14,0,14,72,92,0,14,72,92
1400000US42101003702,42101003702,"Census Tract 37.02, Philadelphia County, Pennsylvania",3998,449,1229,322,1718,291,14,15,797,297,0,10,22,35,218,112,33,39,185,111
1400000US42101003800,42101003800,"Census Tract 38, Philadelphia County, Pennsylvania",3903,423,3722,410,42,62,0,10,81,91,0,10,18,32,40,49,29,46,11,17
1400000US42101003901,42101003901,"Census Tract 39.01, Philadelphia County, Pennsylvania",6234,754,4112,830,689,494,22,33,1301,392,0,14,3,17,107,173,0,14,107,173
1400000US42101003902,42101003902,"Census Tract 39.02, Philadelphia County, Pennsylvania",5894,569,5620,583,53,71,18,26,71,64,0,14,0,14,132,55,0,14,132,55
1400000US42101004001,42101004001,"Census Tract 40.01, Philadelphia County, Pennsylvania",4035,376,3207,342,220,149,0,10,543,109,0,10,28,34,37,34,7,11,30,37
1400000US42101004002,42101004002,"Census Tract 40.02, Philadelphia County, Pennsylvania",4992,504,4602,398,16,26,0,10,167,256,0,10,0,10,207,182,0,10,207,182
1400000US42101004101,42101004101,"Census Tract 41.01, Philadelphia County, Pennsylvania",6410,856,2112,596,1095,328,0,14,2480,603,0,14,198,278,525,398,139,213,386,370
1400000US42101004102,42101004102,"Census Tract 41.02, Philadelphia County, Pennsylvania",9485,1042,4092,888,1199,584,0,14,3300,713,17,29,557,339,320,258,0,14,320,258
1400000US42101004201,42101004201,"Census Tract 42.01, Philadelphia County, Pennsylvania",5354,400,4317,440,348,296,0,14,670,234,0,14,0,14,19,30,0,14,19,30
1400000US42101004202,42101004202,"Census Tract 42.02, Philadelphia County, Pennsylvania",5828,479,4225,580,166,72,68,91,1206,491,0,14,33,53,130,78,18,15,112,76
1400000US42101005000,42101005000,"Census Tract 50, Philadelphia County, Pennsylvania",0,10,0,10,0,10,0,10,0,10,0,10,0,10,0,10,0,10,0,10
1400000US42101005400,42101005400,"Census Tract 54, Philadelphia County, Pennsylvania",1410,173,167,76,1064,181,0,10,92,77,0,10,32,48,55,37,0,10,55,37
1400000US42101005500,42101005500,"Census Tract 55, Philadelphia County, Pennsylvania",6532,852,940,325,5320,881,0,14,103,130,0,14,66,65,103,77,53,81,50,40
1400000US42101005600,42101005600,"Census Tract 56, Philadelphia County, Pennsylvania",1032,170,83,63,892,183,0,10,9,19,0,10,1,3,47,45,0,10,47,45
1400000US42101006000,42101006000,"Census Tract 60, Philadelphia County, Pennsylvania",6137,672,1191,351,4417,728,0,14,450,224,0,14,24,27,55,69,0,14,55,69
1400000US42101006100,42101006100,"Census Tract 61, Philadelphia County, Pennsylvania",3316,369,398,111,2366,404,0,10,516,137,0,10,11,16,25,40,0,10,25,40
1400000US42101006200,42101006200,"Census Tract 62, Philadelphia County, Pennsylvania",5186,554,189,112,4848,571,11,21,95,121,0,14,25,41,18,41,0,14,18,41
1400000US42101006300,42101006300,"Census Tract 63, Philadelphia County, Pennsylvania",4264,637,397,243,3188,548,4,10,482,267,0,10,97,139,96,77,1,3,95,77
1400000US42101006400,42101006400,"Census Tract 64, Philadelphia County, Pennsylvania",3682,551,291,111,2758,527,0,10,501,110,0,10,83,112,49,36,10,12,39,35
1400000US42101006500,42101006500,"Census Tract 65, Philadelphia County, Pennsylvania",4207,538,57,51,4061,531,26,40,45,46,0,10,0,10,18,21,0,10,18,21
1400000US42101006600,42101006600,"Census Tract 66, Philadelphia County, Pennsylvania",3368,479,281,168,2601,474,0,10,433,267,0,10,0,10,53,57,0,10,53,57
1400000US42101006700,42101006700,"Census Tract 67, Philadelphia County, Pennsylvania",6512,859,496,191,5329,926,20,44,536,314,0,14,47,69,84,66,0,14,84,66
1400000US42101006900,42101006900,"Census Tract 69, Philadelphia County, Pennsylvania",2542,390,104,94,2318,398,8,13,0,10,0,10,65,103,47,76,0,10,47,76
1400000US42101007000,42101007000,"Census Tract 70, Philadelphia County, Pennsylvania",3530,425,91,63,3374,441,0,10,65,97,0,10,0,10,0,10,0,10,0,10
1400000US42101007101,42101007101,"Census Tract 71.01, Philadelphia County, Pennsylvania",2546,329,86,44,2433,322,0,10,27,33,0,10,0,10,0,10,0,10,0,10
1400000US42101007102,42101007102,"Census Tract 71.02, Philadelphia County, Pennsylvania",4610,621,69,51,4287,564,37,33,0,10,0,10,167,269,50,52,0,10,50,52
1400000US42101007200,42101007200,"Census Tract 72, Philadelphia County, Pennsylvania",5046,556,145,98,4608,595,0,14,142,205,0,14,1,4,150,129,0,14,150,129
1400000US42101007300,42101007300,"Census Tract 73, Philadelphia County, Pennsylvania",2529,382,124,71,2309,398,18,29,0,10,0,10,0,10,78,65,0,10,78,65
1400000US42101007400,42101007400,"Census Tract 74, Philadelphia County, Pennsylvania",4377,537,521,177,3612,519,0,10,51,63,0,10,22,35,171,185,18,20,153,183
1400000US42101007700,42101007700,"Census Tract 77, Philadelphia County, Pennsylvania",2102,248,1005,179,539,123,0,10,463,135,7,13,4,7,84,41,24,26,60,34
1400000US42101007800,42101007800,"Census Tract 78, Philadelphia County, Pennsylvania",4276,542,2586,419,1128,370,28,43,194,100,0,10,37,47,303,171,67,67,236,146
1400000US42101007900,42101007900,"Census Tract 79, Philadelphia County, Pennsylvania",4443,570,2649,387,1141,383,0,10,202,133,0,10,2,5,449,483,0,10,449,483
1400000US42101008000,42101008000,"Census Tract 80, Philadelphia County, Pennsylvania",3889,478,734,195,2625,453,77,95,165,118,0,10,9,14,279,245,10,16,269,244
1400000US42101008101,42101008101,"Census Tract 81.01, Philadelphia County, Pennsylvania",2343,526,7,13,2190,514,0,10,0,10,0,10,9,15,137,155,0,10,137,155
1400000US42101008102,42101008102,"Census Tract 81.02, Philadelphia County, Pennsylvania",5497,727,50,60,5366,757,34,54,0,14,0,14,8,13,39,52,0,14,39,52
1400000US42101008200,42101008200,"Census Tract 82, Philadelphia County, Pennsylvania",6413,817,49,54,6147,835,0,14,68,109,0,14,15,26,134,145,0,14,134,145
1400000US42101008301,42101008301,"Census Tract 83.01, Philadelphia County, Pennsylvania",4809,606,113,80,4455,588,0,10,66,72,0,10,93,116,82,64,27,37,55,52
1400000US42101008302,42101008302,"Census Tract 83.02, Philadelphia County, Pennsylvania",4334,516,89,119,3991,505,0,10,160,136,0,10,10,16,84,79,0,10,84,79
1400000US42101008400,42101008400,"Census Tract 84, Philadelphia County, Pennsylvania",4803,715,160,115,4345,705,9,15,7,11,0,10,40,63,242,140,28,42,214,133
1400000US42101008500,42101008500,"Census Tract 85, Philadelphia County, Pennsylvania",7415,794,463,224,6746,849,22,34,169,157,0,14,0,14,15,24,0,14,15,24
1400000US42101008601,42101008601,"Census Tract 86.01, Philadelphia County, Pennsylvania",2860,248,1535,244,749,174,13,13,401,182,0,10,21,24,141,64,24,24,117,63
1400000US42101008602,42101008602,"Census Tract 86.02, Philadelphia County, Pennsylvania",2241,304,484,143,1628,286,8,14,66,43,0,10,13,22,42,49,17,26,25,25
1400000US42101008701,42101008701,"Census Tract 87.01, Philadelphia County, Pennsylvania",4841,601,2580,437,706,392,0,10,931,397,0,10,124,175,500,280,0,10,500,280
1400000US42101008702,42101008702,"Census Tract 87.02, Philadelphia County, Pennsylvania",2628,269,1286,220,283,130,5,10,821,207,0,10,29,42,204,86,0,10,204,86
1400000US42101008801,42101008801,"Census Tract 88.01, Philadelphia County, Pennsylvania",2272,317,1473,190,255,118,19,30,415,105,29,38,41,37,40,41,13,19,27,27
1400000US42101008802,42101008802,"Census Tract 88.02, Philadelphia County, Pennsylvania",6680,745,3961,645,826,222,0,14,1547,272,0,14,150,112,196,97,48,70,148,97
1400000US42101009000,42101009000,"Census Tract 90, Philadelphia County, Pennsylvania",6173,518,4047,425,404,131,10,19,1235,230,0,14,100,52,377,165,39,36,338,151
1400000US42101009100,42101009100,"Census Tract 91, Philadelphia County, Pennsylvania",2793,393,808,274,1252,296,39,57,622,249,0,10,0,10,72,70,0,10,72,70
1400000US42101009200,42101009200,"Census Tract 92, Philadelphia County, Pennsylvania",3568,431,558,228,2476,447,12,21,415,172,19,32,15,18,73,76,0,10,73,76
1400000US42101009300,42101009300,"Census Tract 93, Philadelphia County, Pennsylvania",4109,607,35,35,4032,596,0,10,0,10,0,10,0,10,42,58,0,10,42,58
1400000US42101009400,42101009400,"Census Tract 94, Philadelphia County, Pennsylvania",4123,462,29,33,3912,453,0,10,0,10,0,10,57,93,125,124,0,10,125,124
1400000US42101009500,42101009500,"Census Tract 95, Philadelphia County, Pennsylvania",3065,458,164,221,2819,507,11,18,0,10,0,10,48,63,23,29,0,10,23,29
1400000US42101009600,42101009600,"Census Tract 96, Philadelphia County, Pennsylvania",4311,591,83,81,4078,563,12,19,31,36,0,10,73,91,34,41,0,10,34,41
1400000US42101009801,42101009801,"Census Tract 98.01, Philadelphia County, Pennsylvania",2417,298,254,92,1978,301,7,10,90,92,0,10,11,16,77,74,7,12,70,66
1400000US42101009802,42101009802,"Census Tract 98.02, Philadelphia County, Pennsylvania",6445,722,503,271,5825,769,0,14,27,44,0,14,0,14,90,105,0,14,90,105
1400000US42101010000,42101010000,"Census Tract 100, Philadelphia County, Pennsylvania",4610,433,590,246,3842,411,0,10,75,73,0,10,51,68,52,48,0,10,52,48
1400000US42101010100,42101010100,"Census Tract 101, Philadelphia County, Pennsylvania",7051,1030,594,832,6088,734,73,89,0,14,0,14,99,122,197,178,0,14,197,178
1400000US42101010200,42101010200,"Census Tract 102, Philadelphia County, Pennsylvania",3008,408,0,10,2975,411,0,10,0,10,0,10,24,38,9,14,0,10,9,14
1400000US42101010300,42101010300,"Census Tract 103, Philadelphia County, Pennsylvania",2662,367,7,11,2363,364,0,10,39,57,0,10,174,267,79,110,0,10,79,110
1400000US42101010400,42101010400,"Census Tract 104, Philadelphia County, Pennsylvania",4058,637,147,117,3828,645,0,10,0,10,0,10,29,25,54,46,0,10,54,46
1400000US42101010500,42101010500,"Census Tract 105, Philadelphia County, Pennsylvania",4472,417,259,99,4029,420,25,32,9,13,0,10,40,52,110,65,35,40,75,52
1400000US42101010600,42101010600,"Census Tract 106, Philadelphia County, Pennsylvania",1587,307,110,72,1389,328,0,10,51,53,0,10,0,10,37,62,0,10,37,62
1400000US42101010700,42101010700,"Census Tract 107, Philadelphia County, Pennsylvania",3738,583,160,126,3410,525,0,10,11,13,0,10,0,10,157,197,0,10,157,197
1400000US42101010800,42101010800,"Census Tract 108, Philadelphia County, Pennsylvania",3846,448,329,139,3388,449,0,10,21,21,0,10,33,37,75,95,0,10,75,95
1400000US42101010900,42101010900,"Census Tract 109, Philadelphia County, Pennsylvania",2599,257,480,138,1936,267,0,10,76,53,0,10,5,7,102,65,8,12,94,64
1400000US42101011000,42101011000,"Census Tract 110, Philadelphia County, Pennsylvania",3936,764,200,183,3491,775,8,12,76,96,15,23,50,57,96,79,0,10,96,79
1400000US42101011100,42101011100,"Census Tract 111, Philadelphia County, Pennsylvania",3083,403,177,127,2887,394,0,10,19,24,0,10,0,10,0,10,0,10,0,10
1400000US42101011200,42101011200,"Census Tract 112, Philadelphia County, Pennsylvania",4966,701,35,33,4792,688,0,10,1,2,0,10,77,104,61,49,30,35,31,33
1400000US42101011300,42101011300,"Census Tract 113, Philadelphia County, Pennsylvania",2744,423,0,10,2736,424,0,10,0,10,0,10,0,10,8,12,0,10,8,12
1400000US42101011400,42101011400,"Census Tract 114, Philadelphia County, Pennsylvania",7219,862,83,83,7061,868,0,14,0,14,21,33,33,35,21,27,0,14,21,27
1400000US42101011500,42101011500,"Census Tract 115, Philadelphia County, Pennsylvania",4766,419,252,110,4411,481,0,10,0,10,0,10,30,34,73,66,0,10,73,66
1400000US42101011700,42101011700,"Census Tract 117, Philadelphia County, Pennsylvania",1899,402,982,296,675,107,0,10,191,105,0,10,15,25,36,29,0,10,36,29
1400000US42101011800,42101011800,"Census Tract 118, Philadelphia County, Pennsylvania",5856,716,70,50,5506,695,0,14,23,27,0,14,109,123,148,116,0,14,148,116
1400000US42101011900,42101011900,"Census Tract 119, Philadelphia County, Pennsylvania",4738,536,47,38,4418,568,0,10,110,127,0,10,68,127,95,117,0,10,95,117
1400000US42101012000,42101012000,"Census Tract 120, Philadelphia County, Pennsylvania",1749,192,695,148,908,134,0,10,102,69,0,10,6,8,38,27,19,17,19,20
1400000US42101012100,42101012100,"Census Tract 121, Philadelphia County, Pennsylvania",2933,352,588,139,2063,298,0,10,160,105,28,45,11,20,83,65,8,11,75,65
1400000US42101012201,42101012201,"Census Tract 122.01, Philadelphia County, Pennsylvania",3077,370,1084,230,1206,257,146,205,537,272,0,10,50,52,54,70,0,10,54,70
1400000US42101012203,42101012203,"Census Tract 122.03, Philadelphia County, Pennsylvania",643,163,312,124,81,49,66,103,116,67,0,10,34,45,34,24,3,6,31,23
1400000US42101012204,42101012204,"Census Tract 122.04, Philadelphia County, Pennsylvania",3753,339,745,134,2735,344,18,26,173,80,0,10,51,65,31,29,0,10,31,29
1400000US42101012500,42101012500,"Census Tract 125, Philadelphia County, Pennsylvania",5191,642,3947,610,561,193,40,50,605,302,0,14,8,17,30,51,0,14,30,51
1400000US42101013100,42101013100,"Census Tract 131, Philadelphia County, Pennsylvania",1710,154,323,77,1191,162,0,10,90,61,0,10,6,9,100,60,7,11,93,59
1400000US42101013200,42101013200,"Census Tract 132, Philadelphia County, Pennsylvania",2757,339,671,280,1833,310,42,54,129,90,0,10,27,44,55,131,23,127,32,43
1400000US42101013300,42101013300,"Census Tract 133, Philadelphia County, Pennsylvania",3763,357,1516,231,1706,310,0,10,247,109,0,10,206,224,88,54,0,10,88,54
1400000US42101013401,42101013401,"Census Tract 134.01, Philadelphia County, Pennsylvania",2327,191,2130,200,97,63,0,10,74,56,0,10,26,43,0,10,0,10,0,10
1400000US42101013402,42101013402,"Census Tract 134.02, Philadelphia County, Pennsylvania",2786,309,2384,308,158,86,0,10,128,78,0,10,38,36,78,76,0,10,78,76
1400000US42101013500,42101013500,"Census Tract 135, Philadelphia County, Pennsylvania",3781,478,1979,260,1210,273,0,10,155,169,0,10,382,307,55,36,31,30,24,26
1400000US42101013601,42101013601,"Census Tract 136.01, Philadelphia County, Pennsylvania",2864,311,2244,170,145,111,0,10,370,187,0,10,10,16,95,80,0,10,95,80
1400000US42101013602,42101013602,"Census Tract 136.02, Philadelphia County, Pennsylvania",3667,397,2639,278,669,382,13,20,212,106,0,10,7,11,127,68,32,29,95,56
1400000US42101013700,42101013700,"Census Tract 137, Philadelphia County, Pennsylvania",4805,760,1033,284,3577,752,0,10,47,78,82,95,6,15,60,55,0,10,60,55
1400000US42101013800,42101013800,"Census Tract 138, Philadelphia County, Pennsylvania",2118,254,315,196,1671,214,9,14,0,10,0,10,63,81,60,51,0,10,60,51
1400000US42101013900,42101013900,"Census Tract 139, Philadelphia County, Pennsylvania",2960,424,466,170,2421,418,0,10,10,17,0,10,53,79,10,13,0,10,10,13
1400000US42101014000,42101014000,"Census Tract 140, Philadelphia County, Pennsylvania",3042,359,829,266,1771,324,0,10,203,148,0,10,185,170,54,51,0,10,54,51
1400000US42101014100,42101014100,"Census Tract 141, Philadelphia County, Pennsylvania",2510,297,502,188,1470,322,0,10,178,126,0,10,0,10,360,225,114,159,246,148
1400000US42101014200,42101014200,"Census Tract 142, Philadelphia County, Pennsylvania",3923,438,3028,390,349,165,0,10,289,159,0,10,103,95,154,93,26,41,128,82
1400000US42101014300,42101014300,"Census Tract 143, Philadelphia County, Pennsylvania",1709,182,1430,159,28,27,0,10,180,104,0,10,19,26,52,53,37,50,15,16
1400000US42101014400,42101014400,"Census Tract 144, Philadelphia County, Pennsylvania",3774,507,2205,314,454,241,10,15,174,103,0,10,660,313,271,269,74,88,197,262
1400000US42101014500,42101014500,"Census Tract 145, Philadelphia County, Pennsylvania",1774,195,223,88,1254,165,0,10,20,22,0,10,190,97,87,87,66,88,21,23
1400000US42101014600,42101014600,"Census Tract 146, Philadelphia County, Pennsylvania",4097,673,1669,433,1929,241,0,10,386,232,0,10,19,25,94,85,12,17,82,85
1400000US42101014700,42101014700,"Census Tract 147, Philadelphia County, Pennsylvania",2952,449,1087,347,1487,419,0,10,336,181,0,10,2,4,40,38,0,10,40,38
1400000US42101014800,42101014800,"Census Tract 148, Philadelphia County, Pennsylvania",1003,247,3,6,982,247,0,10,10,15,0,10,2,5,6,11,6,11,0,10
1400000US42101014900,42101014900,"Census Tract 149, Philadelphia County, Pennsylvania",3387,563,121,109,3013,547,0,10,53,57,0,10,20,32,180,244,0,10,180,244
1400000US42101015101,42101015101,"Census Tract 151.01, Philadelphia County, Pennsylvania",2317,355,74,78,2080,334,132,202,0,10,0,10,20,31,11,15,2,5,9,14
1400000US42101015102,42101015102,"Census Tract 151.02, Philadelphia County, Pennsylvania",3507,409,32,34,3232,440,25,37,110,124,0,10,0,10,108,168,96,164,12,22
1400000US42101015200,42101015200,"Census Tract 152, Philadelphia County, Pennsylvania",5769,954,107,124,5340,952,0,14,0,14,0,14,219,269,103,134,12,21,91,135
1400000US42101015300,42101015300,"Census Tract 153, Philadelphia County, Pennsylvania",4074,470,2199,330,1422,326,70,102,253,129,0,10,0,10,130,117,0,10,130,117
1400000US42101015600,42101015600,"Census Tract 156, Philadelphia County, Pennsylvania",2048,324,551,174,382,158,33,48,48,43,0,10,860,379,174,131,21,26,153,133
1400000US42101015700,42101015700,"Census Tract 157, Philadelphia County, Pennsylvania",2688,391,1485,362,323,187,24,40,22,27,19,30,595,247,220,133,52,65,168,115
1400000US42101015800,42101015800,"Census Tract 158, Philadelphia County, Pennsylvania",6183,679,5896,672,83,91,0,14,115,127,0,14,44,72,45,47,0,14,45,47
1400000US42101016000,42101016000,"Census Tract 160, Philadelphia County, Pennsylvania",6721,811,6014,720,112,116,0,14,258,201,0,14,77,77,260,126,102,130,158,94
1400000US42101016100,42101016100,"Census Tract 161, Philadelphia County, Pennsylvania",5964,698,3589,536,268,159,24,41,790,247,0,14,1080,569,213,158,0,14,213,158
1400000US42101016200,42101016200,"Census Tract 162, Philadelphia County, Pennsylvania",2441,391,739,237,499,209,0,10,84,114,0,10,1065,323,54,47,6,10,48,46
1400000US42101016300,42101016300,"Census Tract 163, Philadelphia County, Pennsylvania",3710,473,1605,465,288,137,30,40,339,188,0,10,1363,476,85,137,0,10,85,137
1400000US42101016400,42101016400,"Census Tract 164, Philadelphia County, Pennsylvania",4338,499,984,269,1970,400,70,105,0,10,0,10,1111,325,203,121,136,90,67,83
1400000US42101016500,42101016500,"Census Tract 165, Philadelphia County, Pennsylvania",2687,490,288,242,1677,512,11,17,128,162,0,10,577,466,6,11,0,10,6,11
1400000US42101016600,42101016600,"Census Tract 166, Philadelphia County, Pennsylvania",1627,285,345,160,1139,222,0,10,6,8,0,10,98,88,39,45,0,10,39,45
1400000US42101016701,42101016701,"Census Tract 167.01, Philadelphia County, Pennsylvania",2871,496,17,28,2765,503,0,10,26,40,0,10,0,10,63,86,0,10,63,86
1400000US42101016702,42101016702,"Census Tract 167.02, Philadelphia County, Pennsylvania",2796,378,161,158,2552,332,48,77,9,15,0,10,0,10,26,40,0,10,26,40
1400000US42101016800,42101016800,"Census Tract 168, Philadelphia County, Pennsylvania",3605,561,154,143,3419,534,21,28,0,10,0,10,0,10,11,12,5,9,6,9
1400000US42101016901,42101016901,"Census Tract 169.01, Philadelphia County, Pennsylvania",3430,526,6,11,3303,531,0,10,11,18,0,10,0,10,110,106,0,10,110,106
1400000US42101016902,42101016902,"Census Tract 169.02, Philadelphia County, Pennsylvania",5797,961,88,108,5664,957,0,14,0,14,0,14,45,48,0,14,0,14,0,14
1400000US42101017000,42101017000,"Census Tract 170, Philadelphia County, Pennsylvania",3114,369,522,149,2423,370,0,10,90,77,0,10,47,45,32,35,9,15,23,31
1400000US42101017100,42101017100,"Census Tract 171, Philadelphia County, Pennsylvania",3997,437,113,105,3812,436,0,10,0,10,0,10,15,25,57,53,0,10,57,53
1400000US42101017201,42101017201,"Census Tract 172.01, Philadelphia County, Pennsylvania",3194,438,85,68,2667,480,0,10,125,176,0,10,71,86,246,188,0,10,246,188
1400000US42101017202,42101017202,"Census Tract 172.02, Philadelphia County, Pennsylvania",2991,418,178,229,2695,385,0,10,118,136,0,10,0,10,0,10,0,10,0,10
1400000US42101017300,42101017300,"Census Tract 173, Philadelphia County, Pennsylvania",2607,389,127,92,2460,362,0,10,6,11,0,10,5,8,9,12,0,10,9,12
1400000US42101017400,42101017400,"Census Tract 174, Philadelphia County, Pennsylvania",2204,329,193,137,1879,336,26,37,0,10,0,10,106,148,0,10,0,10,0,10
1400000US42101017500,42101017500,"Census Tract 175, Philadelphia County, Pennsylvania",6850,847,2251,686,1805,475,50,60,39,65,0,14,2509,789,196,150,59,64,137,128
1400000US42101017601,42101017601,"Census Tract 176.01, Philadelphia County, Pennsylvania",5728,722,1855,530,497,285,20,22,2,4,0,14,3196,783,158,124,151,123,7,12
1400000US42101017602,42101017602,"Census Tract 176.02, Philadelphia County, Pennsylvania",4267,496,2075,522,605,246,21,23,43,59,0,10,1316,382,207,124,141,116,66,51
1400000US42101017701,42101017701,"Census Tract 177.01, Philadelphia County, Pennsylvania",4012,689,1249,488,1300,448,13,20,22,36,0,10,1071,554,357,215,238,226,119,90
1400000US42101017702,42101017702,"Census Tract 177.02, Philadelphia County, Pennsylvania",5441,633,1706,414,1445,539,31,44,12,19,0,14,1843,423,404,233,79,62,325,223
1400000US42101017800,42101017800,"Census Tract 178, Philadelphia County, Pennsylvania",6224,733,2556,509,1912,594,115,137,282,301,0,14,1312,517,47,46,0,14,47,46
1400000US42101017900,42101017900,"Census Tract 179, Philadelphia County, Pennsylvania",7283,817,3629,550,1969,630,90,149,0,14,27,43,1426,700,142,127,25,37,117,116
1400000US42101018001,42101018001,"Census Tract 180.01, Philadelphia County, Pennsylvania",2662,307,2408,343,53,50,0,10,85,101,0,10,0,10,116,84,0,10,116,84
1400000US42101018002,42101018002,"Census Tract 180.02, Philadelphia County, Pennsylvania",5740,587,5471,559,3,5,0,14,105,128,0,14,91,92,70,76,0,14,70,76
1400000US42101018300,42101018300,"Census Tract 183, Philadelphia County, Pennsylvania",4004,316,3961,319,33,37,0,10,0,10,0,10,1,2,9,16,0,10,9,16
1400000US42101018400,42101018400,"Census Tract 184, Philadelphia County, Pennsylvania",2434,247,2352,245,1,3,4,7,62,71,0,10,0,10,15,17,0,10,15,17
1400000US42101018800,42101018800,"Census Tract 188, Philadelphia County, Pennsylvania",9162,965,3791,763,3101,873,43,71,149,204,0,14,1345,585,733,476,148,141,585,473
1400000US42101019000,42101019000,"Census Tract 190, Philadelphia County, Pennsylvania",8371,794,3198,798,1563,487,0,14,379,170,0,14,2601,859,630,422,189,179,441,390
1400000US42101019100,42101019100,"Census Tract 191, Philadelphia County, Pennsylvania",8857,772,4134,861,1452,278,0,14,1127,216,88,143,2013,752,43,50,23,39,20,31
1400000US42101019200,42101019200,"Census Tract 192, Philadelphia County, Pennsylvania",9019,1014,4337,1071,2353,609,282,317,21,143,15,24,1891,707,120,147,0,14,120,147
1400000US42101019501,42101019501,"Census Tract 195.01, Philadelphia County, Pennsylvania",4437,703,1993,659,411,255,169,204,0,10,8,14,1683,582,173,229,157,228,16,25
1400000US42101019502,42101019502,"Census Tract 195.02, Philadelphia County, Pennsylvania",3649,633,1825,619,510,275,0,10,0,10,0,10,1173,342,141,132,14,17,127,129
1400000US42101019700,42101019700,"Census Tract 197, Philadelphia County, Pennsylvania",6843,864,1326,519,3464,740,16,26,10,19,0,14,1904,615,123,94,55,55,68,74
1400000US42101019800,42101019800,"Census Tract 198, Philadelphia County, Pennsylvania",6970,697,1269,438,2860,587,165,154,170,139,167,202,1927,658,412,308,266,274,146,108
1400000US42101019900,42101019900,"Census Tract 199, Philadelphia County, Pennsylvania",4080,647,1038,409,1646,289,94,126,0,10,0,10,1163,434,139,118,96,112,43,50
1400000US42101020000,42101020000,"Census Tract 200, Philadelphia County, Pennsylvania",1327,222,50,56,1186,204,0,10,25,19,0,10,42,52,24,25,0,10,24,25
1400000US42101020101,42101020101,"Census Tract 201.01, Philadelphia County, Pennsylvania",4025,526,127,101,3800,545,0,10,78,127,0,10,0,10,20,27,0,10,20,27
1400000US42101020102,42101020102,"Census Tract 201.02, Philadelphia County, Pennsylvania",3083,579,8,10,2916,527,0,10,0,10,6,11,26,41,127,200,0,10,127,200
1400000US42101020200,42101020200,"Census Tract 202, Philadelphia County, Pennsylvania",4358,752,216,117,4126,754,0,10,8,21,0,10,0,10,8,18,0,10,8,18
1400000US42101020300,42101020300,"Census Tract 203, Philadelphia County, Pennsylvania",2906,498,62,58,2598,434,18,28,0,10,0,10,185,188,43,41,0,10,43,41
1400000US42101020400,42101020400,"Census Tract 204, Philadelphia County, Pennsylvania",2631,483,37,43,2478,493,23,38,1,2,0,10,41,65,51,60,0,10,51,60
1400000US42101020500,42101020500,"Census Tract 205, Philadelphia County, Pennsylvania",2759,336,131,87,2435,276,13,32,72,77,0,10,21,35,87,96,0,10,87,96
1400000US42101020600,42101020600,"Census Tract 206, Philadelphia County, Pennsylvania",1664,246,772,167,570,176,14,23,194,93,0,10,52,43,62,53,0,10,62,53
1400000US42101020700,42101020700,"Census Tract 207, Philadelphia County, Pennsylvania",5675,567,4226,480,761,254,0,14,340,190,5,11,82,69,261,143,0,14,261,143
1400000US42101020800,42101020800,"Census Tract 208, Philadelphia County, Pennsylvania",2196,272,1095,205,758,193,0,10,300,124,0,10,10,15,33,31,0,10,33,31
1400000US42101020900,42101020900,"Census Tract 209, Philadelphia County, Pennsylvania",2932,319,2583,322,137,90,0,10,49,49,0,10,133,166,30,30,0,10,30,30
1400000US42101021000,42101021000,"Census Tract 210, Philadelphia County, Pennsylvania",4990,517,4362,556,433,324,37,50,26,32,0,10,23,37,109,110,0,10,109,110
1400000US42101021100,42101021100,"Census Tract 211, Philadelphia County, Pennsylvania",2496,212,2074,219,153,109,0,10,113,91,0,10,56,56,100,88,0,10,100,88
1400000US42101021200,42101021200,"Census Tract 212, Philadelphia County, Pennsylvania",2440,204,1930,274,251,111,0,10,223,175,0,10,11,18,25,39,0,10,25,39
1400000US42101021300,42101021300,"Census Tract 213, Philadelphia County, Pennsylvania",3814,396,3448,385,140,117,19,30,65,58,0,10,0,10,142,82,0,10,142,82
1400000US42101021400,42101021400,"Census Tract 214, Philadelphia County, Pennsylvania",4475,593,3709,629,626,326,22,33,32,31,0,10,0,10,86,81,0,10,86,81
1400000US42101021500,42101021500,"Census Tract 215, Philadelphia County, Pennsylvania",3865,358,3334,355,138,95,11,17,187,199,0,10,22,26,173,101,0,10,173,101
1400000US42101021600,42101021600,"Census Tract 216, Philadelphia County, Pennsylvania",2174,246,1752,257,203,96,0,10,107,78,0,10,23,24,89,52,0,10,89,52
1400000US42101021700,42101021700,"Census Tract 217, Philadelphia County, Pennsylvania",5850,537,5061,611,413,179,0,14,241,162,0,14,0,14,135,115,0,14,135,115
1400000US42101021800,42101021800,"Census Tract 218, Philadelphia County, Pennsylvania",4358,395,2754,292,1169,375,0,10,168,142,24,36,148,168,95,97,0,10,95,97
1400000US42101021900,42101021900,"Census Tract 219, Philadelphia County, Pennsylvania",1508,97,1335,125,65,34,0,10,47,35,0,10,38,43,23,21,0,10,23,21
1400000US42101022000,42101022000,"Census Tract 220, Philadelphia County, Pennsylvania",1772,186,1343,187,257,166,0,10,82,61,0,10,77,121,13,14,0,10,13,14
1400000US42101023100,42101023100,"Census Tract 231, Philadelphia County, Pennsylvania",1374,105,1328,114,0,10,16,17,12,13,0,10,9,14,9,12,0,10,9,12
1400000US42101023500,42101023500,"Census Tract 235, Philadelphia County, Pennsylvania",1308,165,758,210,399,132,0,10,59,47,0,10,7,9,85,50,0,10,85,50
1400000US42101023600,42101023600,"Census Tract 236, Philadelphia County, Pennsylvania",2450,227,1505,238,863,124,9,14,32,29,0,10,1,2,40,39,0,10,40,39
1400000US42101023700,42101023700,"Census Tract 237, Philadelphia County, Pennsylvania",5300,603,1508,212,3119,574,0,14,112,100,0,14,45,42,516,243,18,28,498,245
1400000US42101023800,42101023800,"Census Tract 238, Philadelphia County, Pennsylvania",4153,487,1198,328,2508,404,0,10,60,63,0,10,51,78,336,295,0,10,336,295
1400000US42101023900,42101023900,"Census Tract 239, Philadelphia County, Pennsylvania",1252,206,441,134,590,124,0,10,107,87,0,10,65,58,49,41,0,10,49,41
1400000US42101024000,42101024000,"Census Tract 240, Philadelphia County, Pennsylvania",3399,493,1237,257,1739,423,0,10,107,73,0,10,117,109,199,146,0,10,199,146
1400000US42101024100,42101024100,"Census Tract 241, Philadelphia County, Pennsylvania",1460,303,346,130,1027,282,3,6,4,10,0,10,14,16,66,48,21,29,45,37
1400000US42101024200,42101024200,"Census Tract 242, Philadelphia County, Pennsylvania",3275,438,369,206,2723,412,0,10,0,10,0,10,94,135,89,63,0,10,89,63
1400000US42101024300,42101024300,"Census Tract 243, Philadelphia County, Pennsylvania",3275,491,520,198,2597,410,39,57,30,39,7,13,0,10,82,77,0,10,82,77
1400000US42101024400,42101024400,"Census Tract 244, Philadelphia County, Pennsylvania",2799,414,193,115,2579,382,22,37,0,10,0,10,0,10,5,11,5,11,0,10
1400000US42101024500,42101024500,"Census Tract 245, Philadelphia County, Pennsylvania",3615,422,317,203,3222,444,22,24,0,10,0,10,37,60,17,33,0,10,17,33
1400000US42101024600,42101024600,"Census Tract 246, Philadelphia County, Pennsylvania",2785,405,271,152,2403,433,13,21,0,10,0,10,52,87,46,48,10,16,36,45
1400000US42101024700,42101024700,"Census Tract 247, Philadelphia County, Pennsylvania",4274,646,281,146,3715,653,0,10,8,16,6,14,14,23,250,211,38,55,212,204
1400000US42101024800,42101024800,"Census Tract 248, Philadelphia County, Pennsylvania",2205,255,37,26,2156,257,0,10,0,10,0,10,0,10,12,15,0,10,12,15
1400000US42101024900,42101024900,"Census Tract 249, Philadelphia County, Pennsylvania",3171,601,30,23,3055,591,2,4,0,10,0,10,63,99,21,26,0,10,21,26
1400000US42101025200,42101025200,"Census Tract 252, Philadelphia County, Pennsylvania",7366,869,512,199,6756,866,0,14,54,72,0,14,0,14,44,57,0,14,44,57
1400000US42101025300,42101025300,"Census Tract 253, Philadelphia County, Pennsylvania",4180,495,180,88,3648,502,0,10,127,127,0,10,46,75,179,149,42,64,137,133
1400000US42101025400,42101025400,"Census Tract 254, Philadelphia County, Pennsylvania",4163,401,450,117,3445,374,35,61,23,25,0,10,54,43,156,107,0,10,156,107
1400000US42101025500,42101025500,"Census Tract 255, Philadelphia County, Pennsylvania",2755,304,837,147,1570,263,0,10,29,40,0,10,73,67,246,172,0,10,246,172
1400000US42101025600,42101025600,"Census Tract 256, Philadelphia County, Pennsylvania",2760,227,1475,171,1201,175,10,16,22,23,0,10,0,10,52,53,0,10,52,53
1400000US42101025700,42101025700,"Census Tract 257, Philadelphia County, Pennsylvania",3770,365,1720,316,1260,310,0,10,322,174,0,10,295,369,173,125,0,10,173,125
1400000US42101025800,42101025800,"Census Tract 258, Philadelphia County, Pennsylvania",1718,166,67,45,1623,175,6,8,7,11,0,10,0,10,15,17,0,10,15,17
1400000US42101025900,42101025900,"Census Tract 259, Philadelphia County, Pennsylvania",4854,624,35,40,4605,672,0,10,43,64,0,10,0,10,171,183,27,46,144,185
1400000US42101026000,42101026000,"Census Tract 260, Philadelphia County, Pennsylvania",3047,300,145,99,2714,369,0,10,9,13,0,10,96,108,83,61,0,10,83,61
1400000US42101026100,42101026100,"Census Tract 261, Philadelphia County, Pennsylvania",3588,428,147,126,3429,420,0,10,0,10,10,16,0,10,2,4,0,10,2,4
1400000US42101026200,42101026200,"Census Tract 262, Philadelphia County, Pennsylvania",4304,398,68,59,4176,398,10,16,0,10,0,10,7,12,43,40,0,10,43,40
1400000US42101026301,42101026301,"Census Tract 263.01, Philadelphia County, Pennsylvania",4007,524,18,19,3873,521,0,10,1,2,0,10,0,10,115,84,0,10,115,84
1400000US42101026302,42101026302,"Census Tract 263.02, Philadelphia County, Pennsylvania",5701,778,98,82,5425,778,0,14,80,127,0,14,0,14,98,128,0,14,98,128
1400000US42101026400,42101026400,"Census Tract 264, Philadelphia County, Pennsylvania",5835,746,83,100,5521,764,0,14,1,2,0,14,35,52,195,193,0,14,195,193
1400000US42101026500,42101026500,"Census Tract 265, Philadelphia County, Pennsylvania",5106,661,93,60,4947,656,0,14,0,14,0,14,0,14,66,69,0,14,66,69
1400000US42101026600,42101026600,"Census Tract 266, Philadelphia County, Pennsylvania",6218,717,23,34,5973,751,14,24,0,14,0,14,38,61,170,112,32,50,138,101
1400000US42101026700,42101026700,"Census Tract 267, Philadelphia County, Pennsylvania",6147,611,42,41,6064,613,0,14,0,14,0,14,0,14,41,46,0,14,41,46
1400000US42101026800,42101026800,"Census Tract 268, Philadelphia County, Pennsylvania",4554,474,281,127,3646,465,0,10,285,154,0,10,0,10,342,386,12,19,330,388
1400000US42101026900,42101026900,"Census Tract 269, Philadelphia County, Pennsylvania",2224,256,483,89,1484,251,0,10,30,29,0,10,105,109,122,81,0,10,122,81
1400000US42101027000,42101027000,"Census Tract 270, Philadelphia County, Pennsylvania",2975,318,334,126,2178,257,0,10,363,328,7,11,13,20,80,106,2,14,78,105
1400000US42101027100,42101027100,"Census Tract 271, Philadelphia County, Pennsylvania",3106,386,146,56,1931,308,0,10,695,148,0,10,296,217,38,35,19,21,19,27
1400000US42101027200,42101027200,"Census Tract 272, Philadelphia County, Pennsylvania",5049,412,461,212,4031,414,0,14,438,161,0,14,18,31,101,77,12,19,89,74
1400000US42101027300,42101027300,"Census Tract 273, Philadelphia County, Pennsylvania",6815,845,743,364,3732,904,12,21,1943,331,0,14,296,287,89,111,89,111,0,14
1400000US42101027401,42101027401,"Census Tract 274.01, Philadelphia County, Pennsylvania",3329,496,533,231,1673,410,6,10,905,177,0,10,50,55,162,146,0,10,162,146
1400000US42101027402,42101027402,"Census Tract 274.02, Philadelphia County, Pennsylvania",7241,845,347,193,3470,679,0,14,1483,463,407,464,1421,695,113,118,0,14,113,118
1400000US42101027500,42101027500,"Census Tract 275, Philadelphia County, Pennsylvania",5309,659,465,95,3866,616,11,19,637,269,0,14,296,281,34,53,34,53,0,14
1400000US42101027600,42101027600,"Census Tract 276, Philadelphia County, Pennsylvania",3589,408,59,43,3436,428,0,10,6,11,0,10,49,76,39,35,10,16,29,32
1400000US42101027700,42101027700,"Census Tract 277, Philadelphia County, Pennsylvania",5118,763,148,166,4571,728,0,14,241,64,0,14,0,14,158,170,0,14,158,170
1400000US42101027800,42101027800,"Census Tract 278, Philadelphia County, Pennsylvania",4507,625,340,224,4132,616,6,11,3,9,0,10,4,8,22,34,22,34,0,10
1400000US42101027901,42101027901,"Census Tract 279.01, Philadelphia County, Pennsylvania",3661,497,123,111,3407,515,11,16,66,96,0,10,25,40,29,33,0,10,29,33
1400000US42101027902,42101027902,"Census Tract 279.02, Philadelphia County, Pennsylvania",4304,430,1662,301,2271,298,0,10,114,62,7,14,118,112,132,91,12,16,120,94
1400000US42101028000,42101028000,"Census Tract 280, Philadelphia County, Pennsylvania",3986,454,31,35,3852,479,0,10,64,85,0,10,1,4,38,41,0,10,38,41
1400000US42101028100,42101028100,"Census Tract 281, Philadelphia County, Pennsylvania",4452,580,370,314,3998,506,0,10,38,50,0,10,0,10,46,76,0,10,46,76
1400000US42101028200,42101028200,"Census Tract 282, Philadelphia County, Pennsylvania",5530,691,392,206,4587,675,0,14,399,205,0,14,26,40,126,117,41,44,85,108
1400000US42101028300,42101028300,"Census Tract 283, Philadelphia County, Pennsylvania",6582,1019,178,223,5466,931,0,14,595,378,0,14,0,14,343,280,66,79,277,275
1400000US42101028400,42101028400,"Census Tract 284, Philadelphia County, Pennsylvania",4714,655,487,337,3537,721,51,63,68,81,0,10,422,353,149,131,0,10,149,131
1400000US42101028500,42101028500,"Census Tract 285, Philadelphia County, Pennsylvania",2886,405,544,298,1317,296,244,216,276,175,0,10,464,175,41,35,0,10,41,35
1400000US42101028600,42101028600,"Census Tract 286, Philadelphia County, Pennsylvania",7526,900,884,362,4855,898,0,14,566,330,0,14,983,590,238,191,201,159,37,54
1400000US42101028700,42101028700,"Census Tract 287, Philadelphia County, Pennsylvania",2543,309,635,260,701,170,25,26,95,93,0,10,906,235,181,135,59,83,122,101
1400000US42101028800,42101028800,"Census Tract 288, Philadelphia County, Pennsylvania",4345,428,1087,372,865,271,0,10,706,349,0,10,1440,444,247,192,0,10,247,192
1400000US42101028901,42101028901,"Census Tract 289.01, Philadelphia County, Pennsylvania",4434,525,1050,382,1097,318,127,126,383,202,0,10,1473,433,304,330,53,81,251,320
1400000US42101028902,42101028902,"Census Tract 289.02, Philadelphia County, Pennsylvania",6994,920,1327,414,1508,545,58,87,676,276,90,114,2904,811,431,440,88,149,343,392
1400000US42101029000,42101029000,"Census Tract 290, Philadelphia County, Pennsylvania",7118,721,1459,764,3417,577,222,290,490,339,0,14,1321,698,209,193,22,38,187,187
1400000US42101029100,42101029100,"Census Tract 291, Philadelphia County, Pennsylvania",4827,523,618,209,1889,353,11,17,1255,305,0,10,944,421,110,95,11,18,99,93
1400000US42101029200,42101029200,"Census Tract 292, Philadelphia County, Pennsylvania",4632,596,925,269,1965,341,0,10,200,175,0,10,1219,532,323,214,29,38,294,211
1400000US42101029300,42101029300,"Census Tract 293, Philadelphia County, Pennsylvania",3050,472,839,245,1234,260,106,125,8,12,102,151,679,402,82,78,0,10,82,78
1400000US42101029400,42101029400,"Census Tract 294, Philadelphia County, Pennsylvania",2886,547,903,351,1401,344,46,64,61,96,4,8,425,369,46,61,0,10,46,61
1400000US42101029800,42101029800,"Census Tract 298, Philadelphia County, Pennsylvania",5194,508,2176,335,1867,435,0,14,186,117,0,14,679,431,286,203,91,87,195,188
1400000US42101029900,42101029900,"Census Tract 299, Philadelphia County, Pennsylvania",4157,576,1570,355,2074,447,42,48,22,25,5,8,338,189,106,72,14,25,92,64
1400000US42101030000,42101030000,"Census Tract 300, Philadelphia County, Pennsylvania",7417,884,1527,575,4668,781,196,246,166,132,0,14,473,380,387,245,120,156,267,186
1400000US42101030100,42101030100,"Census Tract 301, Philadelphia County, Pennsylvania",5703,725,1783,515,3471,870,10,17,40,37,0,14,208,203,191,167,75,97,116,131
1400000US42101030200,42101030200,"Census Tract 302, Philadelphia County, Pennsylvania",7697,948,2175,782,4033,638,0,14,325,213,0,14,779,318,385,265,116,128,269,236
1400000US42101030501,42101030501,"Census Tract 305.01, Philadelphia County, Pennsylvania",5939,538,1608,451,3237,474,58,74,136,120,0,14,591,384,309,211,71,90,238,185
1400000US42101030502,42101030502,"Census Tract 305.02, Philadelphia County, Pennsylvania",6708,506,1147,310,3149,428,61,102,846,300,6,11,1332,408,167,150,79,124,88,82
1400000US42101030600,42101030600,"Census Tract 306, Philadelphia County, Pennsylvania",8015,800,3587,587,2354,588,39,59,367,493,0,14,1247,511,421,255,144,179,277,167
1400000US42101030700,42101030700,"Census Tract 307, Philadelphia County, Pennsylvania",3897,440,2169,374,1410,328,0,10,130,148,0,10,68,42,120,129,14,21,106,130
1400000US42101030800,42101030800,"Census Tract 308, Philadelphia County, Pennsylvania",4855,559,2492,403,1037,391,10,16,662,388,0,10,394,219,260,206,40,46,220,196
1400000US42101030900,42101030900,"Census Tract 309, Philadelphia County, Pennsylvania",4427,473,1232,445,1586,348,0,10,943,281,0,10,391,229,275,180,51,64,224,170
1400000US42101031000,42101031000,"Census Tract 310, Philadelphia County, Pennsylvania",8010,816,3408,697,1892,654,0,14,1353,425,0,14,1099,614,258,213,102,137,156,154
1400000US42101031101,42101031101,"Census Tract 311.01, Philadelphia County, Pennsylvania",5506,557,1607,399,2517,400,14,23,466,171,0,14,672,381,230,211,73,92,157,163
1400000US42101031102,42101031102,"Census Tract 311.02, Philadelphia County, Pennsylvania",4364,475,819,253,2739,514,52,63,200,157,0,10,471,260,83,72,25,41,58,60
1400000US42101031200,42101031200,"Census Tract 312, Philadelphia County, Pennsylvania",5229,449,1016,271,2443,273,6,11,672,303,0,14,993,242,99,75,0,14,99,75
1400000US42101031300,42101031300,"Census Tract 313, Philadelphia County, Pennsylvania",6604,734,2436,576,1694,468,48,76,1321,423,0,14,627,322,478,352,95,145,383,314
1400000US42101031401,42101031401,"Census Tract 314.01, Philadelphia County, Pennsylvania",7421,731,2214,528,1463,395,14,22,2025,351,18,31,1328,577,359,267,75,110,284,245
1400000US42101031402,42101031402,"Census Tract 314.02, Philadelphia County, Pennsylvania",5558,465,2279,383,858,228,0,14,1817,270,0,14,517,354,87,94,55,84,32,37
1400000US42101031501,42101031501,"Census Tract 315.01, Philadelphia County, Pennsylvania",6349,650,5275,678,263,159,0,14,526,180,0,14,141,164,144,95,51,69,93,85
1400000US42101031502,42101031502,"Census Tract 315.02, Philadelphia County, Pennsylvania",3852,438,2665,288,493,196,9,17,487,135,0,10,98,76,100,89,0,10,100,89
1400000US42101031600,42101031600,"Census Tract 316, Philadelphia County, Pennsylvania",6624,763,4095,758,1341,543,0,14,693,196,0,14,315,345,180,173,10,18,170,172
1400000US42101031700,42101031700,"Census Tract 317, Philadelphia County, Pennsylvania",5884,719,2485,493,1891,505,0,14,361,202,0,14,541,338,606,389,274,265,332,240
1400000US42101031800,42101031800,"Census Tract 318, Philadelphia County, Pennsylvania",3920,413,1445,281,1599,425,0,10,208,131,0,10,604,295,64,70,0,10,64,70
1400000US42101031900,42101031900,"Census Tract 319, Philadelphia County, Pennsylvania",4938,566,2588,467,1321,542,130,183,192,146,0,10,556,267,151,111,52,63,99,75
1400000US42101032000,42101032000,"Census Tract 320, Philadelphia County, Pennsylvania",6237,575,4872,536,734,430,0,14,207,184,0,14,383,246,41,62,0,14,41,62
1400000US42101032100,42101032100,"Census Tract 321, Philadelphia County, Pennsylvania",4265,745,2331,422,1105,386,0,10,118,122,0,10,646,636,65,55,23,36,42,46
1400000US42101032300,42101032300,"Census Tract 323, Philadelphia County, Pennsylvania",3074,355,1984,298,920,229,0,10,0,10,0,10,145,126,25,32,0,10,25,32
1400000US42101032500,42101032500,"Census Tract 325, Philadelphia County, Pennsylvania",5818,759,3736,460,1437,650,0,14,182,282,0,14,252,294,211,213,46,74,165,202
1400000US42101032600,42101032600,"Census Tract 326, Philadelphia County, Pennsylvania",6532,913,4108,649,997,264,35,57,232,178,0,14,902,605,258,183,151,143,107,117
1400000US42101032900,42101032900,"Census Tract 329, Philadelphia County, Pennsylvania",3188,495,2233,412,623,204,0,10,112,87,0,10,208,213,12,19,0,10,12,19
1400000US42101033000,42101033000,"Census Tract 330, Philadelphia County, Pennsylvania",7231,907,5616,686,996,485,0,14,0,14,0,14,341,273,278,220,0,14,278,220
1400000US42101033101,42101033101,"Census Tract 331.01, Philadelphia County, Pennsylvania",4768,460,4257,447,154,129,0,10,157,124,0,10,49,45,151,90,0,10,151,90
1400000US42101033102,42101033102,"Census Tract 331.02, Philadelphia County, Pennsylvania",3628,385,3137,409,277,147,0,10,84,70,0,10,62,53,68,61,13,19,55,57
1400000US42101033200,42101033200,"Census Tract 332, Philadelphia County, Pennsylvania",2691,216,2360,217,88,69,0,10,204,86,0,10,31,48,8,12,0,10,8,12
1400000US42101033300,42101033300,"Census Tract 333, Philadelphia County, Pennsylvania",4234,414,3257,413,752,258,0,10,89,75,0,10,130,132,6,13,0,10,6,13
1400000US42101033400,42101033400,"Census Tract 334, Philadelphia County, Pennsylvania",5565,546,3378,441,979,427,0,14,972,424,0,14,212,262,24,25,0,14,24,25
1400000US42101033500,42101033500,"Census Tract 335, Philadelphia County, Pennsylvania",4090,391,2047,386,666,213,0,10,556,182,0,10,766,385,55,62,0,10,55,62
1400000US42101033600,42101033600,"Census Tract 336, Philadelphia County, Pennsylvania",7509,658,5210,645,1043,542,0,14,338,311,0,14,574,334,344,259,32,35,312,252
1400000US42101033701,42101033701,"Census Tract 337.01, Philadelphia County, Pennsylvania",5552,606,3959,526,720,394,0,14,447,311,0,14,131,115,295,255,0,14,295,255
1400000US42101033702,42101033702,"Census Tract 337.02, Philadelphia County, Pennsylvania",5230,437,3307,414,615,235,0,14,1010,205,0,14,78,128,220,151,0,14,220,151
1400000US42101033800,42101033800,"Census Tract 338, Philadelphia County, Pennsylvania",6274,542,4604,706,376,181,28,44,511,99,0,14,278,280,477,359,22,35,455,358
1400000US42101033900,42101033900,"Census Tract 339, Philadelphia County, Pennsylvania",3413,426,2494,393,468,342,0,10,300,188,0,10,77,89,74,73,0,10,74,73
1400000US42101034000,42101034000,"Census Tract 340, Philadelphia County, Pennsylvania",2957,210,2151,291,296,198,0,10,227,124,0,10,108,119,175,161,11,18,164,153
1400000US42101034100,42101034100,"Census Tract 341, Philadelphia County, Pennsylvania",5891,507,5168,549,509,271,0,14,187,198,0,14,0,14,27,44,0,14,27,44
1400000US42101034200,42101034200,"Census Tract 342, Philadelphia County, Pennsylvania",3463,266,2555,310,528,184,0,10,248,200,0,10,74,71,58,61,0,10,58,61
1400000US42101034400,42101034400,"Census Tract 344, Philadelphia County, Pennsylvania",7967,497,6126,519,469,314,40,46,1003,218,0,14,270,213,59,62,42,55,17,27
1400000US42101034501,42101034501,"Census Tract 345.01, Philadelphia County, Pennsylvania",3482,312,2164,201,441,209,0,10,707,211,0,10,151,149,19,23,0,10,19,23
1400000US42101034502,42101034502,"Census Tract 345.02, Philadelphia County, Pennsylvania",4989,531,3372,553,1029,376,0,10,446,324,37,50,28,44,77,77,43,69,34,37
1400000US42101034600,42101034600,"Census Tract 346, Philadelphia County, Pennsylvania",2664,265,1500,287,597,201,0,10,389,193,0,10,84,59,94,59,36,41,58,45
1400000US42101034701,42101034701,"Census Tract 347.01, Philadelphia County, Pennsylvania",6382,569,4478,479,999,537,7,19,570,302,0,14,48,80,280,146,152,125,128,79
1400000US42101034702,42101034702,"Census Tract 347.02, Philadelphia County, Pennsylvania",3963,269,3009,362,354,229,0,10,463,264,0,10,34,42,103,92,18,28,85,90
1400000US42101034801,42101034801,"Census Tract 348.01, Philadelphia County, Pennsylvania",4465,309,3919,404,434,256,0,10,35,36,0,10,32,36,45,41,36,39,9,14
1400000US42101034802,42101034802,"Census Tract 348.02, Philadelphia County, Pennsylvania",5527,493,3816,429,1466,346,0,14,0,14,0,14,236,194,9,17,0,14,9,17
1400000US42101034803,42101034803,"Census Tract 348.03, Philadelphia County, Pennsylvania",4267,349,3463,419,329,180,12,18,199,254,0,10,264,291,0,10,0,10,0,10
1400000US42101034900,42101034900,"Census Tract 349, Philadelphia County, Pennsylvania",5437,758,3535,468,753,289,0,14,309,162,0,14,668,650,172,151,0,14,172,151
1400000US42101035100,42101035100,"Census Tract 351, Philadelphia County, Pennsylvania",3985,371,3738,372,218,137,0,10,0,10,0,10,14,25,15,24,0,10,15,24
1400000US42101035200,42101035200,"Census Tract 352, Philadelphia County, Pennsylvania",3986,295,3603,333,45,39,0,10,312,192,0,10,23,33,3,7,0,10,3,7
1400000US42101035301,42101035301,"Census Tract 353.01, Philadelphia County, Pennsylvania",5306,283,4746,300,166,100,32,48,231,140,0,14,60,66,71,64,0,14,71,64
1400000US42101035302,42101035302,"Census Tract 353.02, Philadelphia County, Pennsylvania",4396,319,3887,321,329,178,0,10,141,155,0,10,9,13,30,26,8,12,22,23
1400000US42101035500,42101035500,"Census Tract 355, Philadelphia County, Pennsylvania",6966,490,5388,544,326,114,72,75,805,256,11,16,237,151,127,147,0,14,127,147
1400000US42101035601,42101035601,"Census Tract 356.01, Philadelphia County, Pennsylvania",5318,512,4458,467,118,82,8,17,657,247,0,14,16,26,61,58,0,14,61,58
1400000US42101035602,42101035602,"Census Tract 356.02, Philadelphia County, Pennsylvania",3268,282,2070,270,193,118,27,49,830,205,0,10,133,114,15,23,0,10,15,23
1400000US42101035701,42101035701,"Census Tract 357.01, Philadelphia County, Pennsylvania",4562,345,2415,319,532,285,0,10,1272,371,0,10,78,85,265,179,52,63,213,174
1400000US42101035702,42101035702,"Census Tract 357.02, Philadelphia County, Pennsylvania",4239,388,3340,368,118,91,0,10,588,225,0,10,88,129,105,102,11,19,94,103
1400000US42101035800,42101035800,"Census Tract 358, Philadelphia County, Pennsylvania",6749,706,5227,476,595,673,15,24,643,245,0,14,157,238,112,139,0,14,112,139
1400000US42101035900,42101035900,"Census Tract 359, Philadelphia County, Pennsylvania",5070,276,4014,302,180,136,64,72,716,183,0,14,15,27,81,75,0,14,81,75
1400000US42101036000,42101036000,"Census Tract 360, Philadelphia County, Pennsylvania",3128,353,1853,354,362,162,7,14,782,276,0,10,11,17,113,97,8,12,105,97
1400000US42101036100,42101036100,"Census Tract 361, Philadelphia County, Pennsylvania",3756,430,3050,308,485,187,0,10,30,50,0,10,167,189,24,30,0,10,24,30
1400000US42101036201,42101036201,"Census Tract 362.01, Philadelphia County, Pennsylvania",4778,379,4187,384,414,279,0,10,48,44,0,10,13,16,116,105,15,24,101,93
1400000US42101036202,42101036202,"Census Tract 362.02, Philadelphia County, Pennsylvania",5966,554,5242,573,418,246,0,14,169,135,0,14,26,41,111,125,0,14,111,125
1400000US42101036203,42101036203,"Census Tract 362.03, Philadelphia County, Pennsylvania",5472,288,5132,264,32,43,0,14,126,121,0,14,94,121,88,75,42,64,46,40
1400000US42101036301,42101036301,"Census Tract 363.01, Philadelphia County, Pennsylvania",3454,258,2793,251,94,85,0,10,530,68,0,10,8,14,29,36,9,16,20,23
1400000US42101036302,42101036302,"Census Tract 363.02, Philadelphia County, Pennsylvania",3450,482,2303,333,780,297,0,10,96,105,116,153,48,75,107,100,47,42,60,90
1400000US42101036303,42101036303,"Census Tract 363.03, Philadelphia County, Pennsylvania",6059,365,5600,455,188,217,0,14,271,174,0,14,0,14,0,14,0,14,0,14
1400000US42101036400,42101036400,"Census Tract 364, Philadelphia County, Pennsylvania",815,235,565,195,188,98,8,10,28,24,0,10,7,15,19,33,13,21,6,15
1400000US42101036501,42101036501,"Census Tract 365.01, Philadelphia County, Pennsylvania",5137,587,4162,603,618,279,0,14,250,199,0,14,0,14,107,90,48,55,59,73
1400000US42101036502,42101036502,"Census Tract 365.02, Philadelphia County, Pennsylvania",4134,253,3755,290,4,9,5,8,157,117,0,10,171,263,42,36,0,10,42,36
1400000US42101036600,42101036600,"Census Tract 366, Philadelphia County, Pennsylvania",1945,279,1308,216,179,89,25,29,260,118,0,10,66,72,107,105,0,10,107,105
1400000US42101036700,42101036700,"Census Tract 367, Philadelphia County, Pennsylvania",3003,251,2290,219,559,128,8,15,76,39,0,10,19,22,51,38,20,31,31,24
1400000US42101036900,42101036900,"Census Tract 369, Philadelphia County, Pennsylvania",5355,903,3345,323,680,333,24,28,1099,410,77,99,18,22,112,108,1,2,111,108
1400000US42101037200,42101037200,"Census Tract 372, Philadelphia County, Pennsylvania",4608,368,3019,324,340,202,0,10,1118,229,0,10,62,87,69,48,0,10,69,48
1400000US42101037300,42101037300,"Census Tract 373, Philadelphia County, Pennsylvania",5835,413,5088,449,226,135,23,38,460,245,0,14,0,14,38,37,0,14,38,37
1400000US42101037500,42101037500,"Census Tract 375, Philadelphia County, Pennsylvania",4178,399,1838,292,1912,332,0,10,254,142,6,12,73,91,95,70,0,10,95,70
1400000US42101037600,42101037600,"Census Tract 376, Philadelphia County, Pennsylvania",3058,432,1469,371,677,186,49,62,618,196,0,10,122,85,123,78,4,8,119,78
1400000US42101037700,42101037700,"Census Tract 377, Philadelphia County, Pennsylvania",5476,1206,1945,630,2667,573,0,14,568,316,20,30,220,218,56,41,6,12,50,35
1400000US42101037800,42101037800,"Census Tract 378, Philadelphia County, Pennsylvania",2624,361,2164,318,353,229,27,44,40,40,0,10,15,23,25,29,0,10,25,29
1400000US42101037900,42101037900,"Census Tract 379, Philadelphia County, Pennsylvania",5437,514,5235,553,127,146,0,14,27,34,0,14,48,84,0,14,0,14,0,14
1400000US42101038000,42101038000,"Census Tract 380, Philadelphia County, Pennsylvania",2441,248,1944,256,175,132,25,39,5,8,12,21,242,144,38,27,13,20,25,19
1400000US42101038100,42101038100,"Census Tract 381, Philadelphia County, Pennsylvania",796,129,518,140,249,92,0,10,5,8,0,10,7,11,17,23,0,10,17,23
1400000US42101038200,42101038200,"Census Tract 382, Philadelphia County, Pennsylvania",2580,317,1601,216,498,250,0,10,49,48,0,10,361,185,71,70,6,9,65,63
1400000US42101038300,42101038300,"Census Tract 383, Philadelphia County, Pennsylvania",3744,472,1085,359,1244,315,94,144,0,10,19,29,1094,328,208,150,24,28,184,151
1400000US42101038400,42101038400,"Census Tract 384, Philadelphia County, Pennsylvania",2449,180,2034,178,335,148,0,10,12,14,0,10,42,38,26,30,0,10,26,30
1400000US42101038500,42101038500,"Census Tract 385, Philadelphia County, Pennsylvania",1866,145,1592,132,138,99,0,10,103,70,0,10,1,3,32,33,20,31,12,16
1400000US42101038600,42101038600,"Census Tract 386, Philadelphia County, Pennsylvania",1410,84,1160,88,190,73,5,7,30,29,0,10,0,10,25,27,0,10,25,27
1400000US42101038700,42101038700,"Census Tract 387, Philadelphia County, Pennsylvania",2572,306,2043,245,258,79,0,10,159,135,0,10,49,33,63,49,8,16,55,47
1400000US42101038800,42101038800,"Census Tract 388, Philadelphia County, Pennsylvania",3895,303,2321,206,1287,279,11,17,84,66,0,10,56,52,136,95,0,10,136,95
1400000US42101038900,42101038900,"Census Tract 389, Philadelphia County, Pennsylvania",3181,362,340,172,2800,381,10,16,7,13,0,10,0,10,24,26,0,10,24,26
1400000US42101039000,42101039000,"Census Tract 390, Philadelphia County, Pennsylvania",9285,913,1838,463,5982,903,0,14,160,168,0,14,1089,498,216,247,23,37,193,242
1400000US42101980000,42101980000,"Census Tract 9800, Philadelphia County, Pennsylvania",1026,510,588,366,127,78,0,10,131,138,0,10,104,92,76,76,0,10,76,76
1400000US42101980100,42101980100,"Census Tract 9801, Philadelphia County, Pennsylvania",107,36,107,36,0,10,0,10,0,10,0,10,0,10,0,10,0,10,0,10
1400000US42101980200,42101980200,"Census Tract 9802, Philadelphia County, Pennsylvania",715,184,624,223,91,69,0,10,0,10,0,10,0,10,0,10,0,10,0,10
1400000US42101980300,42101980300,"Census Tract 9803, Philadelphia County, Pennsylvania",0,10,0,10,0,10,0,10,0,10,0,10,0,10,0,10,0,10,0,10
1400000US42101980400,42101980400,"Census Tract 9804, Philadelphia County, Pennsylvania",0,10,0,10,0,10,0,10,0,10,0,10,0,10,0,10,0,10,0,10
1400000US42101980500,42101980500,"Census Tract 9805, Philadelphia County, Pennsylvania",0,10,0,10,0,10,0,10,0,10,0,10,0,10,0,10,0,10,0,10
1400000US42101980600,42101980600,"Census Tract 9806, Philadelphia County, Pennsylvania",0,10,0,10,0,10,0,10,0,10,0,10,0,10,0,10,0,10,0,10
1400000US42101980700,42101980700,"Census Tract 9807, Philadelphia County, Pennsylvania",0,10,0,10,0,10,0,10,0,10,0,10,0,10,0,10,0,10,0,10
1400000US42101980800,42101980800,"Census Tract 9808, Philadelphia County, Pennsylvania",0,10,0,10,0,10,0,10,0,10,0,10,0,10,0,10,0,10,0,10
1400000US42101980900,42101980900,"Census Tract 9809, Philadelphia County, Pennsylvania",4,5,4,5,0,10,0,10,0,10,0,10,0,10,0,10,0,10,0,10
1400000US42101989100,42101989100,"Census Tract 9891, Philadelphia County, Pennsylvania",2926,755,568,186,2085,613,55,37,47,55,13,22,80,52,78,57,45,50,33,23
