GEO.id,GEO.id2,GEO.display-label,HD01_VD01,HD02_VD01,HD01_VD02,HD02_VD02,HD01_VD03,HD02_VD03,HD01_VD04,HD02_VD04,HD01_VD05,HD02_VD05,HD01_VD06,HD02_VD06,HD01_VD07,HD02_VD07,HD01_VD08,HD02_VD08,HD01_VD09,HD02_VD09,HD01_VD10,HD02_VD10
Id,Id2,Geography,Estimate; Total:,Margin of Error; Total:,Estimate; Total: - White alone,Margin of Error; Total: - White alone,Estimate; Total: - Black or African American alone,Margin of Error; Total: - Black or African American alone,Estimate; Total: - American Indian and Alaska Native alone,Margin of Error; Total: - American Indian and Alaska Native alone,Estimate; Total: - Asian alone,Margin of Error; Total: - Asian alone,Estimate; Total: - Native Hawaiian and Other Pacific Islander alone,Margin of Error; Total: - Native Hawaiian and Other Pacific Islander alone,Estimate; Total: - Some other race alone,Margin of Error; Total: - Some other race alone,Estimate; Total: - Two or more races:,Margin of Error; Total: - Two or more races:,Estimate; Total: - Two or more races: - Two races including Some other race,Margin of Error; Total: - Two or more races: - Two races including Some other race,"Estimate; Total: - Two or more races: - Two races excluding Some other race, and three or more races","Margin of Error; Total: - Two or more races: - Two races excluding Some other race, and three or more races"
1400000US42101000100,42101000100,"Census Tract 1, Philadelphia County, Pennsylvania",3399,429,2774,413,331,98,5,12,229,115,0,10,17,30,43,43,21,35,22,26
1400000US42101000200,42101000200,"Census Tract 2, Philadelphia County, Pennsylvania",2215,381,673,212,83,75,0,10,1420,369,0,10,18,30,21,30,9,15,12,25
1400000US42101000300,42101000300,"Census Tract 3, Philadelphia County, Pennsylvania",3398,431,2628,362,215,78,0,10,392,148,0,10,55,67,108,65,9,15,99,64
1400000US42101000401,42101000401,"Census Tract 4.01, Philadelphia County, Pennsylvania",2458,275,1399,244,293,145,14,19,612,219,0,10,8,13,132,191,0,10,132,191
1400000US42101000402,42101000402,"Census Tract 4.02, Philadelphia County, Pennsylvania",2892,276,2610,291,39,44,0,10,228,109,0,10,0,10,15,24,0,10,15,24
1400000US42101000500,42101000500,"Census Tract 5, Philadelphia County, Pennsylvania",2267,678,841,247,782,404,23,32,400,143,0,10,141,66,80,54,35,36,45,39
1400000US42101000600,42101000600,"Census Tract 6, Philadelphia County, Pennsylvania",1534,316,1051,287,168,75,0,10,254,118,0,10,30,29,31,41,19,38,12,17
1400000US42101000700,42101000700,"Census Tract 7, Philadelphia County, Pennsylvania",2697,310,1812,284,334,222,0,10,536,236,0,10,0,10,15,24,0,10,15,24
1400000US42101000801,42101000801,"Census Tract 8.01, Philadelphia County, Pennsylvania",1729,195,1321,260,122,114,0,10,210,125,0,10,58,65,18,30,18,30,0,10
1400000US42101000803,42101000803,"Census Tract 8.03, Philadelphia County, Pennsylvania",3556,330,3125,363,16,22,106,122,265,132,0,10,0,10,44,67,44,67,0,10
1400000US42101000804,42101000804,"Census Tract 8.04, Philadelphia County, Pennsylvania",3560,411,3004,416,80,89,29,43,383,243,0,10,13,23,51,70,0,10,51,70
1400000US42101000901,42101000901,"Census Tract 9.01, Philadelphia County, Pennsylvania",1976,238,1415,208,147,123,0,10,388,168,0,10,26,42,0,10,0,10,0,10
1400000US42101000902,42101000902,"Census Tract 9.02, Philadelphia County, Pennsylvania",2457,333,1773,317,161,93,0,10,474,111,0,10,13,21,36,24,0,10,36,24
1400000US42101001001,42101001001,"Census Tract 10.01, Philadelphia County, Pennsylvania",2594,329,2296,296,69,56,0,10,122,87,0,10,0,10,107,131,0,10,107,131
1400000US42101001002,42101001002,"Census Tract 10.02, Philadelphia County, Pennsylvania",3450,304,3139,315,30,43,3,6,232,157,0,10,0,10,46,53,0,10,46,53
1400000US42101001101,42101001101,"Census Tract 11.01, Philadelphia County, Pennsylvania",3336,438,2893,401,204,103,0,10,180,106,0,10,5,10,54,47,0,10,54,47
1400000US42101001102,42101001102,"Census Tract 11.02, Philadelphia County, Pennsylvania",2540,263,2364,259,31,33,42,71,81,69,0,10,11,19,11,17,0,10,11,17
1400000US42101001201,42101001201,"Census Tract 12.01, Philadelphia County, Pennsylvania",3842,428,3382,397,65,65,44,68,211,118,0,10,8,12,132,114,0,10,132,114
1400000US42101001202,42101001202,"Census Tract 12.02, Philadelphia County, Pennsylvania",4899,468,4058,426,310,157,0,10,315,176,0,10,98,139,118,76,18,23,100,71
1400000US42101001300,42101001300,"Census Tract 13, Philadelphia County, Pennsylvania",5232,413,3131,419,1481,352,0,15,397,153,19,29,23,36,181,104,17,27,164,100
1400000US42101001400,42101001400,"Census Tract 14, Philadelphia County, Pennsylvania",4169,498,2672,380,731,304,0,10,265,167,11,19,30,36,460,341,0,10,460,341
1400000US42101001500,42101001500,"Census Tract 15, Philadelphia County, Pennsylvania",2810,329,2097,352,337,163,0,10,303,190,0,10,35,40,38,38,0,10,38,38
1400000US42101001600,42101001600,"Census Tract 16, Philadelphia County, Pennsylvania",1960,263,1750,229,71,82,0,10,13,21,0,10,32,42,94,100,0,10,94,100
1400000US42101001700,42101001700,"Census Tract 17, Philadelphia County, Pennsylvania",2997,234,2384,247,290,174,0,10,184,168,0,10,102,113,37,42,0,10,37,42
1400000US42101001800,42101001800,"Census Tract 18, Philadelphia County, Pennsylvania",2879,269,2101,287,467,137,0,10,196,136,0,10,18,26,97,62,0,10,97,62
1400000US42101001900,42101001900,"Census Tract 19, Philadelphia County, Pennsylvania",2919,307,1583,208,1182,295,11,17,85,60,0,10,11,16,47,42,0,10,47,42
1400000US42101002000,42101002000,"Census Tract 20, Philadelphia County, Pennsylvania",2252,364,241,173,1951,354,0,10,0,10,0,10,2,4,58,58,0,10,58,58
1400000US42101002100,42101002100,"Census Tract 21, Philadelphia County, Pennsylvania",1897,259,410,153,1398,219,0,10,10,16,0,10,5,8,74,54,0,10,74,54
1400000US42101002200,42101002200,"Census Tract 22, Philadelphia County, Pennsylvania",2167,297,503,134,1348,265,0,10,162,106,0,10,6,10,148,127,0,10,148,127
1400000US42101002300,42101002300,"Census Tract 23, Philadelphia County, Pennsylvania",2568,277,2039,271,37,70,0,10,379,122,17,27,11,18,85,93,6,11,79,92
1400000US42101002400,42101002400,"Census Tract 24, Philadelphia County, Pennsylvania",4528,590,3588,593,229,166,0,10,569,218,0,10,55,55,87,93,0,10,87,93
1400000US42101002500,42101002500,"Census Tract 25, Philadelphia County, Pennsylvania",3582,393,2086,256,1139,279,0,10,126,113,0,10,80,78,151,105,8,13,143,103
1400000US42101002701,42101002701,"Census Tract 27.01, Philadelphia County, Pennsylvania",3885,470,1735,410,921,330,14,24,1151,266,0,10,28,40,36,37,0,10,36,37
1400000US42101002702,42101002702,"Census Tract 27.02, Philadelphia County, Pennsylvania",3562,408,3104,486,180,210,0,10,270,204,0,10,8,12,0,10,0,10,0,10
1400000US42101002801,42101002801,"Census Tract 28.01, Philadelphia County, Pennsylvania",4356,655,2005,493,289,122,0,10,1894,579,0,10,168,200,0,10,0,10,0,10
1400000US42101002802,42101002802,"Census Tract 28.02, Philadelphia County, Pennsylvania",4842,614,3517,440,17,26,0,10,991,366,18,35,244,375,55,54,0,10,55,54
1400000US42101002900,42101002900,"Census Tract 29, Philadelphia County, Pennsylvania",4387,394,3599,520,83,98,0,10,551,389,0,10,104,101,50,39,0,10,50,39
1400000US42101003001,42101003001,"Census Tract 30.01, Philadelphia County, Pennsylvania",4445,458,1124,330,758,279,30,35,2172,415,11,16,165,231,185,164,0,10,185,164
1400000US42101003002,42101003002,"Census Tract 30.02, Philadelphia County, Pennsylvania",3241,476,608,254,2109,360,33,39,432,278,0,10,11,17,48,61,0,10,48,61
1400000US42101003100,42101003100,"Census Tract 31, Philadelphia County, Pennsylvania",3802,505,283,179,3186,497,0,10,211,212,0,10,0,10,122,113,37,63,85,92
1400000US42101003200,42101003200,"Census Tract 32, Philadelphia County, Pennsylvania",4397,648,392,338,3951,592,54,82,0,10,0,10,0,10,0,10,0,10,0,10
1400000US42101003300,42101003300,"Census Tract 33, Philadelphia County, Pennsylvania",5923,1010,1344,381,3900,797,2,5,362,280,0,15,16,22,299,237,0,15,299,237
1400000US42101003600,42101003600,"Census Tract 36, Philadelphia County, Pennsylvania",7433,878,1311,327,4564,806,0,15,825,430,0,15,103,110,630,519,284,338,346,303
1400000US42101003701,42101003701,"Census Tract 37.01, Philadelphia County, Pennsylvania",6399,945,523,214,4785,1077,0,15,794,413,0,15,74,105,223,240,167,237,56,66
1400000US42101003702,42101003702,"Census Tract 37.02, Philadelphia County, Pennsylvania",3599,379,1324,237,1542,305,0,10,525,149,0,10,25,42,183,122,13,23,170,124
1400000US42101003800,42101003800,"Census Tract 38, Philadelphia County, Pennsylvania",3734,361,3701,362,1,3,0,10,5,9,0,10,0,10,27,33,0,10,27,33
1400000US42101003901,42101003901,"Census Tract 39.01, Philadelphia County, Pennsylvania",6998,837,4989,734,544,344,41,43,1208,549,0,15,184,241,32,40,0,15,32,40
1400000US42101003902,42101003902,"Census Tract 39.02, Philadelphia County, Pennsylvania",5920,546,5600,503,19,28,0,15,125,113,0,15,26,42,150,157,0,15,150,157
1400000US42101004001,42101004001,"Census Tract 40.01, Philadelphia County, Pennsylvania",4054,445,3361,420,144,139,0,10,424,104,0,10,18,23,107,120,0,10,107,120
1400000US42101004002,42101004002,"Census Tract 40.02, Philadelphia County, Pennsylvania",4560,420,4188,444,0,10,57,92,186,211,0,10,0,10,129,143,25,38,104,138
1400000US42101004101,42101004101,"Census Tract 41.01, Philadelphia County, Pennsylvania",6355,947,2467,628,1372,366,92,124,1949,730,0,15,228,257,247,223,123,193,124,128
1400000US42101004102,42101004102,"Census Tract 41.02, Philadelphia County, Pennsylvania",8751,1039,3644,709,1478,664,0,15,2782,491,0,15,178,203,669,505,0,15,669,505
1400000US42101004201,42101004201,"Census Tract 42.01, Philadelphia County, Pennsylvania",5745,439,4409,459,483,292,0,15,679,192,0,15,0,15,174,217,0,15,174,217
1400000US42101004202,42101004202,"Census Tract 42.02, Philadelphia County, Pennsylvania",5189,585,4195,547,313,224,0,15,625,279,0,15,0,15,56,50,0,15,56,50
1400000US42101005000,42101005000,"Census Tract 50, Philadelphia County, Pennsylvania",0,10,0,10,0,10,0,10,0,10,0,10,0,10,0,10,0,10,0,10
1400000US42101005400,42101005400,"Census Tract 54, Philadelphia County, Pennsylvania",1141,141,216,78,759,141,0,10,105,82,0,10,7,11,54,47,0,10,54,47
1400000US42101005500,42101005500,"Census Tract 55, Philadelphia County, Pennsylvania",6871,689,780,298,5341,712,24,34,691,523,0,15,21,37,14,22,0,15,14,22
1400000US42101005600,42101005600,"Census Tract 56, Philadelphia County, Pennsylvania",1188,185,116,81,997,238,0,10,49,72,0,10,1,3,25,31,0,10,25,31
1400000US42101006000,42101006000,"Census Tract 60, Philadelphia County, Pennsylvania",5740,620,1120,290,4188,600,14,24,372,132,0,15,13,18,33,58,22,55,11,18
1400000US42101006100,42101006100,"Census Tract 61, Philadelphia County, Pennsylvania",3603,386,312,147,2650,403,0,10,554,309,0,10,57,61,30,47,0,10,30,47
1400000US42101006200,42101006200,"Census Tract 62, Philadelphia County, Pennsylvania",4709,597,558,249,3935,593,21,36,174,166,0,10,0,10,21,26,12,18,9,16
1400000US42101006300,42101006300,"Census Tract 63, Philadelphia County, Pennsylvania",3920,632,409,181,2935,534,0,10,431,275,0,10,40,55,105,74,0,10,105,74
1400000US42101006400,42101006400,"Census Tract 64, Philadelphia County, Pennsylvania",3733,557,345,194,2953,540,22,35,311,155,0,10,0,10,102,76,10,15,92,77
1400000US42101006500,42101006500,"Census Tract 65, Philadelphia County, Pennsylvania",4372,447,79,102,4029,435,23,36,32,30,0,10,9,13,200,192,23,37,177,189
1400000US42101006600,42101006600,"Census Tract 66, Philadelphia County, Pennsylvania",3598,498,112,111,2981,475,0,10,441,287,0,10,24,39,40,37,0,10,40,37
1400000US42101006700,42101006700,"Census Tract 67, Philadelphia County, Pennsylvania",7216,781,1123,339,4976,606,0,15,690,364,19,31,268,352,140,172,0,15,140,172
1400000US42101006900,42101006900,"Census Tract 69, Philadelphia County, Pennsylvania",2619,535,125,143,2488,497,6,10,0,10,0,10,0,10,0,10,0,10,0,10
1400000US42101007000,42101007000,"Census Tract 70, Philadelphia County, Pennsylvania",4595,705,115,110,4286,659,0,10,0,10,0,10,0,10,194,230,11,18,183,229
1400000US42101007101,42101007101,"Census Tract 71.01, Philadelphia County, Pennsylvania",3145,379,149,111,2948,373,0,10,6,13,0,10,42,51,0,10,0,10,0,10
1400000US42101007102,42101007102,"Census Tract 71.02, Philadelphia County, Pennsylvania",4720,614,6,24,4682,622,0,10,32,52,0,10,0,10,0,10,0,10,0,10
1400000US42101007200,42101007200,"Census Tract 72, Philadelphia County, Pennsylvania",4597,713,116,82,4413,733,0,10,29,49,0,10,0,10,39,47,0,10,39,47
1400000US42101007300,42101007300,"Census Tract 73, Philadelphia County, Pennsylvania",3238,384,103,104,3082,415,0,10,0,10,0,10,0,10,53,60,0,10,53,60
1400000US42101007400,42101007400,"Census Tract 74, Philadelphia County, Pennsylvania",4283,706,369,151,3819,699,0,10,43,41,0,10,14,17,38,29,18,20,20,22
1400000US42101007700,42101007700,"Census Tract 77, Philadelphia County, Pennsylvania",2345,313,1061,206,643,233,7,11,537,159,9,14,7,9,81,44,17,23,64,39
1400000US42101007800,42101007800,"Census Tract 78, Philadelphia County, Pennsylvania",3967,453,2607,391,873,295,0,10,214,106,0,10,33,33,240,109,54,65,186,92
1400000US42101007900,42101007900,"Census Tract 79, Philadelphia County, Pennsylvania",4360,458,2346,410,1507,367,0,10,366,275,0,10,71,92,70,96,11,20,59,95
1400000US42101008000,42101008000,"Census Tract 80, Philadelphia County, Pennsylvania",3851,598,614,181,3065,589,49,69,43,68,0,10,54,67,26,31,10,14,16,18
1400000US42101008101,42101008101,"Census Tract 81.01, Philadelphia County, Pennsylvania",2141,345,7,11,2083,328,0,10,0,10,0,10,8,15,43,61,0,10,43,61
1400000US42101008102,42101008102,"Census Tract 81.02, Philadelphia County, Pennsylvania",5780,609,6,7,5639,669,76,103,0,15,0,15,0,15,59,65,0,15,59,65
1400000US42101008200,42101008200,"Census Tract 82, Philadelphia County, Pennsylvania",7548,918,26,35,7398,939,0,15,0,15,0,15,0,15,124,138,0,15,124,138
1400000US42101008301,42101008301,"Census Tract 83.01, Philadelphia County, Pennsylvania",4399,459,151,123,4105,446,0,10,57,58,0,10,37,59,49,45,20,31,29,33
1400000US42101008302,42101008302,"Census Tract 83.02, Philadelphia County, Pennsylvania",4136,472,16,22,3996,461,0,10,82,89,0,10,0,10,42,47,0,10,42,47
1400000US42101008400,42101008400,"Census Tract 84, Philadelphia County, Pennsylvania",5133,639,170,118,4757,656,0,15,11,18,0,15,34,52,161,87,21,33,140,73
1400000US42101008500,42101008500,"Census Tract 85, Philadelphia County, Pennsylvania",6755,776,241,126,6489,790,16,25,0,15,0,15,0,15,9,18,0,15,9,18
1400000US42101008601,42101008601,"Census Tract 86.01, Philadelphia County, Pennsylvania",3101,522,1418,320,1356,491,37,47,150,113,0,10,23,34,117,83,0,10,117,83
1400000US42101008602,42101008602,"Census Tract 86.02, Philadelphia County, Pennsylvania",3208,701,566,196,2383,784,0,10,95,85,0,10,164,260,0,10,0,10,0,10
1400000US42101008701,42101008701,"Census Tract 87.01, Philadelphia County, Pennsylvania",5244,914,2891,772,601,281,16,26,1044,548,0,15,254,237,438,313,0,15,438,313
1400000US42101008702,42101008702,"Census Tract 87.02, Philadelphia County, Pennsylvania",3428,724,1689,477,786,554,2,6,725,163,0,10,105,94,121,96,12,21,109,96
1400000US42101008801,42101008801,"Census Tract 88.01, Philadelphia County, Pennsylvania",1745,408,1108,304,124,124,44,33,364,156,0,10,18,34,87,54,9,18,78,51
1400000US42101008802,42101008802,"Census Tract 88.02, Philadelphia County, Pennsylvania",7255,1436,4770,1212,724,235,0,15,1433,356,0,15,159,126,169,126,60,87,109,98
1400000US42101009000,42101009000,"Census Tract 90, Philadelphia County, Pennsylvania",5428,563,3637,442,382,164,0,15,1080,310,0,15,174,120,155,94,28,38,127,87
1400000US42101009100,42101009100,"Census Tract 91, Philadelphia County, Pennsylvania",2419,234,865,168,1006,168,2,6,451,187,0,10,33,52,62,50,27,39,35,30
1400000US42101009200,42101009200,"Census Tract 92, Philadelphia County, Pennsylvania",3354,450,416,209,2388,360,0,10,449,212,0,10,0,10,101,119,0,10,101,119
1400000US42101009300,42101009300,"Census Tract 93, Philadelphia County, Pennsylvania",3846,459,92,86,3715,474,10,15,21,33,0,10,0,10,8,13,0,10,8,13
1400000US42101009400,42101009400,"Census Tract 94, Philadelphia County, Pennsylvania",4139,361,62,74,3975,376,0,10,19,30,0,10,0,10,83,73,27,43,56,58
1400000US42101009500,42101009500,"Census Tract 95, Philadelphia County, Pennsylvania",3488,607,30,42,3350,606,20,23,0,10,0,10,50,79,38,66,0,10,38,66
1400000US42101009600,42101009600,"Census Tract 96, Philadelphia County, Pennsylvania",4472,676,50,41,4297,672,0,10,40,52,0,10,43,63,42,35,0,10,42,35
1400000US42101009801,42101009801,"Census Tract 98.01, Philadelphia County, Pennsylvania",2600,269,522,291,1957,448,6,10,90,125,0,10,0,10,25,38,0,10,25,38
1400000US42101009802,42101009802,"Census Tract 98.02, Philadelphia County, Pennsylvania",6132,566,529,180,5486,574,0,15,62,76,0,15,36,55,19,30,0,15,19,30
1400000US42101010000,42101010000,"Census Tract 100, Philadelphia County, Pennsylvania",4886,474,546,241,4258,465,0,10,33,48,0,10,0,10,49,39,0,10,49,39
1400000US42101010100,42101010100,"Census Tract 101, Philadelphia County, Pennsylvania",5028,889,45,47,4750,876,0,15,0,15,0,15,125,117,108,96,0,15,108,96
1400000US42101010200,42101010200,"Census Tract 102, Philadelphia County, Pennsylvania",2887,591,13,20,2835,600,24,27,0,10,0,10,0,10,15,23,0,10,15,23
1400000US42101010300,42101010300,"Census Tract 103, Philadelphia County, Pennsylvania",2470,376,7,12,2357,360,0,10,0,10,0,10,106,156,0,10,0,10,0,10
1400000US42101010400,42101010400,"Census Tract 104, Philadelphia County, Pennsylvania",3065,576,56,76,2975,578,0,10,6,10,0,10,3,9,25,41,0,10,25,41
1400000US42101010500,42101010500,"Census Tract 105, Philadelphia County, Pennsylvania",3618,438,243,78,3283,456,0,10,0,10,0,10,2,6,90,60,49,47,41,36
1400000US42101010600,42101010600,"Census Tract 106, Philadelphia County, Pennsylvania",1468,271,35,37,1349,278,0,10,65,75,0,10,0,10,19,24,0,10,19,24
1400000US42101010700,42101010700,"Census Tract 107, Philadelphia County, Pennsylvania",3803,620,154,109,3463,611,0,10,5,10,0,10,38,86,143,180,0,10,143,180
1400000US42101010800,42101010800,"Census Tract 108, Philadelphia County, Pennsylvania",3616,532,191,93,3392,532,0,10,0,10,0,10,14,22,19,21,0,10,19,21
1400000US42101010900,42101010900,"Census Tract 109, Philadelphia County, Pennsylvania",1978,313,122,85,1812,307,0,10,27,32,0,10,0,10,17,17,0,10,17,17
1400000US42101011000,42101011000,"Census Tract 110, Philadelphia County, Pennsylvania",3571,499,212,206,3264,510,0,10,8,13,0,10,77,90,10,15,0,10,10,15
1400000US42101011100,42101011100,"Census Tract 111, Philadelphia County, Pennsylvania",3195,518,63,55,3081,508,0,10,8,13,0,10,0,10,43,67,43,67,0,10
1400000US42101011200,42101011200,"Census Tract 112, Philadelphia County, Pennsylvania",4718,759,44,34,4652,756,0,10,2,4,0,10,0,10,20,31,0,10,20,31
1400000US42101011300,42101011300,"Census Tract 113, Philadelphia County, Pennsylvania",3127,556,0,10,3119,556,0,10,0,10,0,10,0,10,8,13,0,10,8,13
1400000US42101011400,42101011400,"Census Tract 114, Philadelphia County, Pennsylvania",7708,694,90,79,7380,697,28,44,95,151,21,36,28,47,66,69,29,47,37,52
1400000US42101011500,42101011500,"Census Tract 115, Philadelphia County, Pennsylvania",4473,407,541,201,3767,495,0,10,66,83,0,10,0,10,99,89,0,10,99,89
1400000US42101011700,42101011700,"Census Tract 117, Philadelphia County, Pennsylvania",2027,347,1327,364,507,104,29,39,118,82,0,10,28,38,18,21,8,16,10,12
1400000US42101011800,42101011800,"Census Tract 118, Philadelphia County, Pennsylvania",5879,646,62,83,5230,622,0,15,222,224,0,15,107,132,258,253,15,25,243,251
1400000US42101011900,42101011900,"Census Tract 119, Philadelphia County, Pennsylvania",5224,634,50,41,4865,612,0,15,129,129,0,15,0,15,180,158,0,15,180,158
1400000US42101012000,42101012000,"Census Tract 120, Philadelphia County, Pennsylvania",1906,187,597,164,1138,171,24,33,31,27,0,10,33,31,83,44,18,22,65,41
1400000US42101012100,42101012100,"Census Tract 121, Philadelphia County, Pennsylvania",2952,305,684,225,1938,380,0,10,126,91,26,40,145,144,33,41,10,17,23,37
1400000US42101012201,42101012201,"Census Tract 122.01, Philadelphia County, Pennsylvania",3014,393,1085,274,1188,325,0,10,538,244,0,10,25,38,178,126,0,10,178,126
1400000US42101012203,42101012203,"Census Tract 122.03, Philadelphia County, Pennsylvania",1272,234,581,237,399,101,46,70,183,99,0,10,29,38,34,30,0,10,34,30
1400000US42101012204,42101012204,"Census Tract 122.04, Philadelphia County, Pennsylvania",2944,313,1068,209,1618,281,22,32,201,168,0,10,0,10,35,39,0,10,35,39
1400000US42101012500,42101012500,"Census Tract 125, Philadelphia County, Pennsylvania",4905,442,3681,548,326,132,0,10,743,331,0,10,61,62,94,76,0,10,94,76
1400000US42101013100,42101013100,"Census Tract 131, Philadelphia County, Pennsylvania",1596,204,292,113,1145,235,0,10,83,46,0,10,11,15,65,46,0,10,65,46
1400000US42101013200,42101013200,"Census Tract 132, Philadelphia County, Pennsylvania",2861,468,314,130,2409,406,4,8,108,93,0,10,21,23,5,8,0,10,5,8
1400000US42101013300,42101013300,"Census Tract 133, Philadelphia County, Pennsylvania",3183,415,1548,245,1445,366,0,10,87,65,0,10,32,34,71,54,12,18,59,51
1400000US42101013401,42101013401,"Census Tract 134.01, Philadelphia County, Pennsylvania",2460,240,2279,262,63,55,48,77,66,87,0,10,4,7,0,10,0,10,0,10
1400000US42101013402,42101013402,"Census Tract 134.02, Philadelphia County, Pennsylvania",2751,268,2075,280,332,235,0,10,237,147,0,10,63,73,44,54,0,10,44,54
1400000US42101013500,42101013500,"Census Tract 135, Philadelphia County, Pennsylvania",3218,370,1768,236,1258,364,0,10,83,61,0,10,98,131,11,17,11,17,0,10
1400000US42101013601,42101013601,"Census Tract 136.01, Philadelphia County, Pennsylvania",2694,472,2069,261,286,212,0,10,270,231,0,10,0,10,69,53,0,10,69,53
1400000US42101013602,42101013602,"Census Tract 136.02, Philadelphia County, Pennsylvania",3985,455,3160,373,611,397,0,10,94,63,0,10,16,25,104,76,55,59,49,37
1400000US42101013700,42101013700,"Census Tract 137, Philadelphia County, Pennsylvania",4362,529,1162,355,3097,477,0,10,46,71,0,10,0,10,57,56,0,10,57,56
1400000US42101013800,42101013800,"Census Tract 138, Philadelphia County, Pennsylvania",2004,458,331,291,1605,350,18,31,0,10,0,10,13,22,37,59,0,10,37,59
1400000US42101013900,42101013900,"Census Tract 139, Philadelphia County, Pennsylvania",3236,589,291,124,2746,502,11,20,5,21,0,10,131,134,52,73,0,10,52,73
1400000US42101014000,42101014000,"Census Tract 140, Philadelphia County, Pennsylvania",2936,399,711,287,2122,352,0,10,4,8,0,10,49,45,50,49,0,10,50,49
1400000US42101014100,42101014100,"Census Tract 141, Philadelphia County, Pennsylvania",2098,316,342,173,1428,296,0,10,60,56,0,10,13,28,255,195,66,108,189,155
1400000US42101014200,42101014200,"Census Tract 142, Philadelphia County, Pennsylvania",3579,334,2782,283,349,146,0,10,133,101,0,10,140,150,175,92,15,24,160,91
1400000US42101014300,42101014300,"Census Tract 143, Philadelphia County, Pennsylvania",1622,187,1376,215,39,26,0,10,61,43,0,10,49,52,97,80,41,54,56,56
1400000US42101014400,42101014400,"Census Tract 144, Philadelphia County, Pennsylvania",3054,436,1691,324,597,245,15,23,50,43,0,10,451,222,250,175,127,105,123,92
1400000US42101014500,42101014500,"Census Tract 145, Philadelphia County, Pennsylvania",1653,259,179,108,1091,229,7,12,13,21,0,10,223,138,140,152,132,154,8,12
1400000US42101014600,42101014600,"Census Tract 146, Philadelphia County, Pennsylvania",3332,420,1082,313,2011,243,57,84,144,104,0,10,29,36,9,18,0,10,9,18
1400000US42101014700,42101014700,"Census Tract 147, Philadelphia County, Pennsylvania",3584,520,1757,430,1624,472,32,52,150,104,0,10,21,21,0,10,0,10,0,10
1400000US42101014800,42101014800,"Census Tract 148, Philadelphia County, Pennsylvania",805,235,91,127,669,208,0,10,9,14,0,10,27,33,9,10,6,9,3,6
1400000US42101014900,42101014900,"Census Tract 149, Philadelphia County, Pennsylvania",3026,508,124,82,2432,486,0,10,181,206,0,10,0,10,289,410,7,11,282,409
1400000US42101015101,42101015101,"Census Tract 151.01, Philadelphia County, Pennsylvania",2071,436,49,68,1959,452,0,10,0,10,0,10,20,33,43,68,0,10,43,68
1400000US42101015102,42101015102,"Census Tract 151.02, Philadelphia County, Pennsylvania",4072,511,28,41,3920,519,34,39,8,23,0,10,15,29,67,87,54,84,13,26
1400000US42101015200,42101015200,"Census Tract 152, Philadelphia County, Pennsylvania",6202,861,413,285,5517,822,0,15,0,15,0,15,219,176,53,79,0,15,53,79
1400000US42101015300,42101015300,"Census Tract 153, Philadelphia County, Pennsylvania",4421,654,2411,580,1714,422,0,10,110,81,0,10,5,10,181,157,18,30,163,155
1400000US42101015600,42101015600,"Census Tract 156, Philadelphia County, Pennsylvania",1925,320,661,191,322,157,0,10,0,10,0,10,884,287,58,44,35,37,23,23
1400000US42101015700,42101015700,"Census Tract 157, Philadelphia County, Pennsylvania",2749,392,1263,326,97,51,127,107,116,167,0,10,1022,333,124,92,51,69,73,50
1400000US42101015800,42101015800,"Census Tract 158, Philadelphia County, Pennsylvania",5542,511,5274,520,125,113,0,15,61,75,0,15,28,46,54,54,0,15,54,54
1400000US42101016000,42101016000,"Census Tract 160, Philadelphia County, Pennsylvania",6963,754,6386,674,62,37,43,59,333,227,0,15,66,66,73,64,19,33,54,52
1400000US42101016100,42101016100,"Census Tract 161, Philadelphia County, Pennsylvania",5041,650,2844,454,488,279,29,47,795,234,0,15,876,451,9,15,0,15,9,15
1400000US42101016200,42101016200,"Census Tract 162, Philadelphia County, Pennsylvania",2049,267,788,296,563,220,0,10,0,10,0,10,562,231,136,111,83,83,53,63
1400000US42101016300,42101016300,"Census Tract 163, Philadelphia County, Pennsylvania",4093,615,1229,445,677,366,12,26,543,287,0,10,1597,455,35,57,18,21,17,54
1400000US42101016400,42101016400,"Census Tract 164, Philadelphia County, Pennsylvania",4405,556,664,230,2218,483,10,15,74,115,0,10,1248,383,191,124,45,36,146,117
1400000US42101016500,42101016500,"Census Tract 165, Philadelphia County, Pennsylvania",2170,389,58,57,1669,312,0,10,0,10,0,10,379,266,64,81,21,64,43,45
1400000US42101016600,42101016600,"Census Tract 166, Philadelphia County, Pennsylvania",1567,255,279,144,1238,226,0,10,0,10,0,10,35,44,15,34,0,10,15,34
1400000US42101016701,42101016701,"Census Tract 167.01, Philadelphia County, Pennsylvania",2635,472,23,26,2592,480,11,20,0,10,0,10,0,10,9,14,0,10,9,14
1400000US42101016702,42101016702,"Census Tract 167.02, Philadelphia County, Pennsylvania",3165,603,251,205,2866,598,27,43,0,10,0,10,0,10,21,34,0,10,21,34
1400000US42101016800,42101016800,"Census Tract 168, Philadelphia County, Pennsylvania",4457,585,118,94,4201,602,0,10,0,10,0,10,0,10,138,170,0,10,138,170
1400000US42101016901,42101016901,"Census Tract 169.01, Philadelphia County, Pennsylvania",3622,548,75,86,3464,519,0,10,8,12,0,10,0,10,75,66,0,10,75,66
1400000US42101016902,42101016902,"Census Tract 169.02, Philadelphia County, Pennsylvania",5500,826,100,152,5062,760,0,15,0,15,0,15,0,15,338,421,0,15,338,421
1400000US42101017000,42101017000,"Census Tract 170, Philadelphia County, Pennsylvania",3239,301,625,280,2368,371,0,10,160,123,0,10,71,77,15,19,10,16,5,11
1400000US42101017100,42101017100,"Census Tract 171, Philadelphia County, Pennsylvania",3902,486,162,130,3615,491,33,23,0,10,0,10,36,56,56,50,32,51,24,40
1400000US42101017201,42101017201,"Census Tract 172.01, Philadelphia County, Pennsylvania",3411,482,23,35,3258,454,0,10,0,10,0,10,19,32,111,130,0,10,111,130
1400000US42101017202,42101017202,"Census Tract 172.02, Philadelphia County, Pennsylvania",3363,551,159,210,3191,467,0,10,0,10,0,10,0,10,13,20,0,10,13,20
1400000US42101017300,42101017300,"Census Tract 173, Philadelphia County, Pennsylvania",3273,460,45,29,3173,447,0,10,0,10,0,10,17,32,38,44,0,10,38,44
1400000US42101017400,42101017400,"Census Tract 174, Philadelphia County, Pennsylvania",1992,272,13,18,1857,277,32,48,0,10,0,10,90,109,0,10,0,10,0,10
1400000US42101017500,42101017500,"Census Tract 175, Philadelphia County, Pennsylvania",7431,1010,1229,427,2715,679,0,15,0,15,0,15,3454,1046,33,57,0,15,33,57
1400000US42101017601,42101017601,"Census Tract 176.01, Philadelphia County, Pennsylvania",5588,748,1518,427,969,484,15,17,0,15,0,15,2977,785,109,70,109,70,0,15
1400000US42101017602,42101017602,"Census Tract 176.02, Philadelphia County, Pennsylvania",3766,467,1159,356,660,271,3,7,11,15,0,10,1743,402,190,111,100,87,90,89
1400000US42101017701,42101017701,"Census Tract 177.01, Philadelphia County, Pennsylvania",3831,556,938,349,1038,449,0,10,37,53,0,10,1532,437,286,173,128,93,158,137
1400000US42101017702,42101017702,"Census Tract 177.02, Philadelphia County, Pennsylvania",6171,897,1940,550,1313,510,0,15,76,93,0,15,2279,704,563,360,156,104,407,337
1400000US42101017800,42101017800,"Census Tract 178, Philadelphia County, Pennsylvania",7100,763,2305,585,1803,552,49,77,310,261,0,15,2307,760,326,227,87,110,239,203
1400000US42101017900,42101017900,"Census Tract 179, Philadelphia County, Pennsylvania",6442,1286,3063,740,2352,1175,0,15,61,103,22,34,653,596,291,173,95,105,196,139
1400000US42101018001,42101018001,"Census Tract 180.01, Philadelphia County, Pennsylvania",2610,415,2448,408,3,8,0,10,44,65,0,10,0,10,115,154,0,10,115,154
1400000US42101018002,42101018002,"Census Tract 180.02, Philadelphia County, Pennsylvania",5341,620,5035,586,0,15,0,15,0,15,0,15,45,71,261,309,258,307,3,42
1400000US42101018300,42101018300,"Census Tract 183, Philadelphia County, Pennsylvania",4086,324,4064,324,12,15,0,10,10,16,0,10,0,10,0,10,0,10,0,10
1400000US42101018400,42101018400,"Census Tract 184, Philadelphia County, Pennsylvania",2379,257,2229,250,1,3,0,10,58,79,0,10,20,34,71,85,0,10,71,85
1400000US42101018800,42101018800,"Census Tract 188, Philadelphia County, Pennsylvania",8877,908,3589,784,3083,704,0,15,82,91,0,15,1614,649,509,294,164,158,345,251
1400000US42101019000,42101019000,"Census Tract 190, Philadelphia County, Pennsylvania",8032,1004,2767,780,1870,560,0,15,355,128,23,35,2593,946,424,377,48,54,376,376
1400000US42101019100,42101019100,"Census Tract 191, Philadelphia County, Pennsylvania",8329,772,3396,653,912,408,0,15,1211,317,80,126,2637,710,93,106,37,63,56,90
1400000US42101019200,42101019200,"Census Tract 192, Philadelphia County, Pennsylvania",8105,886,2981,620,2342,667,198,280,188,289,19,30,2107,709,270,216,60,92,210,168
1400000US42101019501,42101019501,"Census Tract 195.01, Philadelphia County, Pennsylvania",4361,800,1058,338,686,422,122,138,0,10,0,10,2228,599,267,328,243,328,24,45
1400000US42101019502,42101019502,"Census Tract 195.02, Philadelphia County, Pennsylvania",3604,635,1852,755,633,332,0,10,0,10,0,10,1086,303,33,45,0,10,33,45
1400000US42101019700,42101019700,"Census Tract 197, Philadelphia County, Pennsylvania",6570,808,1330,575,2647,656,0,15,127,162,0,15,2307,667,159,124,63,64,96,108
1400000US42101019800,42101019800,"Census Tract 198, Philadelphia County, Pennsylvania",6615,732,1182,464,2401,510,95,106,198,125,85,138,2216,448,438,348,331,356,107,83
1400000US42101019900,42101019900,"Census Tract 199, Philadelphia County, Pennsylvania",4466,636,835,313,1728,399,9,14,0,10,0,10,1743,526,151,108,74,78,77,75
1400000US42101020000,42101020000,"Census Tract 200, Philadelphia County, Pennsylvania",1353,261,115,79,1049,274,0,10,71,66,0,10,107,127,11,16,6,13,5,8
1400000US42101020101,42101020101,"Census Tract 201.01, Philadelphia County, Pennsylvania",4182,604,48,47,4129,606,0,10,0,10,0,10,5,9,0,10,0,10,0,10
1400000US42101020102,42101020102,"Census Tract 201.02, Philadelphia County, Pennsylvania",3444,639,146,195,3263,587,0,10,0,10,0,10,0,10,35,107,0,10,35,107
1400000US42101020200,42101020200,"Census Tract 202, Philadelphia County, Pennsylvania",5197,789,213,142,4973,784,0,15,0,15,0,15,10,18,1,2,0,15,1,2
1400000US42101020300,42101020300,"Census Tract 203, Philadelphia County, Pennsylvania",2808,379,73,63,2690,385,0,10,1,5,0,10,7,12,37,43,0,10,37,43
1400000US42101020400,42101020400,"Census Tract 204, Philadelphia County, Pennsylvania",2733,421,27,29,2563,430,17,29,1,5,0,10,105,176,20,33,0,10,20,33
1400000US42101020500,42101020500,"Census Tract 205, Philadelphia County, Pennsylvania",2562,463,200,103,2290,451,36,39,0,10,0,10,25,32,11,19,0,10,11,19
1400000US42101020600,42101020600,"Census Tract 206, Philadelphia County, Pennsylvania",2089,282,976,283,827,252,12,20,147,75,0,10,73,76,54,39,0,10,54,39
1400000US42101020700,42101020700,"Census Tract 207, Philadelphia County, Pennsylvania",5825,511,4899,502,583,165,0,15,239,150,7,14,69,66,28,33,0,15,28,33
1400000US42101020800,42101020800,"Census Tract 208, Philadelphia County, Pennsylvania",2352,291,1216,247,731,241,0,10,240,103,0,10,113,135,52,49,0,10,52,49
1400000US42101020900,42101020900,"Census Tract 209, Philadelphia County, Pennsylvania",3065,473,2829,470,106,80,0,10,76,63,0,10,0,10,54,39,0,10,54,39
1400000US42101021000,42101021000,"Census Tract 210, Philadelphia County, Pennsylvania",5119,610,4616,597,362,253,0,15,53,49,0,15,0,15,88,70,26,42,62,59
1400000US42101021100,42101021100,"Census Tract 211, Philadelphia County, Pennsylvania",2273,270,2033,237,91,90,0,10,111,100,0,10,0,10,38,63,0,10,38,63
1400000US42101021200,42101021200,"Census Tract 212, Philadelphia County, Pennsylvania",2357,270,2007,189,129,84,0,10,55,48,0,10,130,184,36,34,0,10,36,34
1400000US42101021300,42101021300,"Census Tract 213, Philadelphia County, Pennsylvania",3263,369,2973,382,182,165,0,10,76,74,0,10,0,10,32,30,0,10,32,30
1400000US42101021400,42101021400,"Census Tract 214, Philadelphia County, Pennsylvania",3618,519,3109,469,491,247,0,10,0,10,0,10,0,10,18,21,10,17,8,12
1400000US42101021500,42101021500,"Census Tract 215, Philadelphia County, Pennsylvania",3619,388,3176,404,63,53,13,20,294,141,0,10,0,10,73,61,0,10,73,61
1400000US42101021600,42101021600,"Census Tract 216, Philadelphia County, Pennsylvania",2081,276,1779,306,150,83,41,62,60,51,0,10,20,30,31,24,0,10,31,24
1400000US42101021700,42101021700,"Census Tract 217, Philadelphia County, Pennsylvania",5908,493,5171,463,402,335,0,15,119,131,0,15,26,40,190,124,24,38,166,114
1400000US42101021800,42101021800,"Census Tract 218, Philadelphia County, Pennsylvania",3988,456,3230,452,474,159,0,10,172,146,0,10,41,66,71,110,0,10,71,110
1400000US42101021900,42101021900,"Census Tract 219, Philadelphia County, Pennsylvania",1519,159,1310,184,145,99,12,22,28,32,0,10,9,20,15,20,0,10,15,20
1400000US42101022000,42101022000,"Census Tract 220, Philadelphia County, Pennsylvania",1828,193,1348,173,181,112,0,10,78,59,0,10,157,173,64,63,0,10,64,63
1400000US42101023100,42101023100,"Census Tract 231, Philadelphia County, Pennsylvania",1179,91,1116,101,14,19,35,51,14,19,0,10,0,10,0,10,0,10,0,10
1400000US42101023500,42101023500,"Census Tract 235, Philadelphia County, Pennsylvania",1322,129,662,124,448,119,0,10,116,72,0,10,5,8,91,56,0,10,91,56
1400000US42101023600,42101023600,"Census Tract 236, Philadelphia County, Pennsylvania",2904,323,1612,228,1134,302,10,17,37,32,0,10,76,64,35,37,0,10,35,37
1400000US42101023700,42101023700,"Census Tract 237, Philadelphia County, Pennsylvania",4979,487,1527,227,2908,493,0,10,85,66,0,10,92,94,367,186,0,10,367,186
1400000US42101023800,42101023800,"Census Tract 238, Philadelphia County, Pennsylvania",4368,473,1148,312,2875,540,14,22,90,105,0,10,23,36,218,166,23,37,195,162
1400000US42101023900,42101023900,"Census Tract 239, Philadelphia County, Pennsylvania",1484,204,394,128,1031,216,0,10,13,21,0,10,4,12,42,49,0,10,42,49
1400000US42101024000,42101024000,"Census Tract 240, Philadelphia County, Pennsylvania",3838,494,1334,324,2157,412,0,10,103,91,0,10,161,182,83,76,0,10,83,76
1400000US42101024100,42101024100,"Census Tract 241, Philadelphia County, Pennsylvania",1225,221,306,110,895,205,10,14,0,10,0,10,7,14,7,15,0,10,7,15
1400000US42101024200,42101024200,"Census Tract 242, Philadelphia County, Pennsylvania",4201,643,555,268,3495,621,0,10,0,10,0,10,36,60,115,85,0,10,115,85
1400000US42101024300,42101024300,"Census Tract 243, Philadelphia County, Pennsylvania",4164,819,504,241,3565,826,0,10,58,70,0,10,4,8,33,43,0,10,33,43
1400000US42101024400,42101024400,"Census Tract 244, Philadelphia County, Pennsylvania",3143,1074,186,140,2948,1048,0,10,0,10,0,10,0,10,9,16,0,10,9,16
1400000US42101024500,42101024500,"Census Tract 245, Philadelphia County, Pennsylvania",3443,488,194,103,3203,519,0,10,15,18,0,10,6,9,25,32,11,19,14,26
1400000US42101024600,42101024600,"Census Tract 246, Philadelphia County, Pennsylvania",3116,475,237,147,2819,447,11,13,10,25,0,10,13,31,26,39,0,10,26,39
1400000US42101024700,42101024700,"Census Tract 247, Philadelphia County, Pennsylvania",4381,638,386,196,3928,656,0,10,8,14,6,12,19,29,34,34,0,10,34,34
1400000US42101024800,42101024800,"Census Tract 248, Philadelphia County, Pennsylvania",2213,319,18,19,2117,308,55,71,0,10,0,10,0,10,23,32,0,10,23,32
1400000US42101024900,42101024900,"Census Tract 249, Philadelphia County, Pennsylvania",3210,516,24,23,3128,507,0,10,0,10,0,10,44,70,14,18,0,10,14,18
1400000US42101025200,42101025200,"Census Tract 252, Philadelphia County, Pennsylvania",8204,1091,566,252,7575,1124,20,32,0,15,0,15,23,39,20,34,0,15,20,34
1400000US42101025300,42101025300,"Census Tract 253, Philadelphia County, Pennsylvania",3981,563,269,141,3496,556,0,10,0,10,0,10,0,10,216,264,0,10,216,264
1400000US42101025400,42101025400,"Census Tract 254, Philadelphia County, Pennsylvania",4592,390,273,127,4031,435,0,10,14,27,0,10,52,49,222,113,0,10,222,113
1400000US42101025500,42101025500,"Census Tract 255, Philadelphia County, Pennsylvania",3084,475,853,181,1955,409,0,10,0,10,0,10,25,35,251,228,0,10,251,228
1400000US42101025600,42101025600,"Census Tract 256, Philadelphia County, Pennsylvania",3118,285,1565,217,1317,296,0,10,62,46,0,10,66,75,108,104,14,24,94,100
1400000US42101025700,42101025700,"Census Tract 257, Philadelphia County, Pennsylvania",3407,315,2298,303,927,223,12,19,76,77,0,10,0,10,94,66,0,10,94,66
1400000US42101025800,42101025800,"Census Tract 258, Philadelphia County, Pennsylvania",1586,184,30,26,1552,179,4,7,0,10,0,10,0,10,0,10,0,10,0,10
1400000US42101025900,42101025900,"Census Tract 259, Philadelphia County, Pennsylvania",4931,628,58,50,4808,617,0,10,33,37,0,10,0,10,32,37,0,10,32,37
1400000US42101026000,42101026000,"Census Tract 260, Philadelphia County, Pennsylvania",2783,519,117,104,2626,466,0,10,0,10,0,10,7,13,33,59,0,10,33,59
1400000US42101026100,42101026100,"Census Tract 261, Philadelphia County, Pennsylvania",3113,395,74,71,3027,386,0,10,1,3,0,10,0,10,11,16,0,10,11,16
1400000US42101026200,42101026200,"Census Tract 262, Philadelphia County, Pennsylvania",4702,416,70,61,4526,415,0,10,0,10,0,10,10,15,96,64,6,13,90,56
1400000US42101026301,42101026301,"Census Tract 263.01, Philadelphia County, Pennsylvania",4124,461,42,32,4022,459,0,10,0,10,0,10,0,10,60,61,0,10,60,61
1400000US42101026302,42101026302,"Census Tract 263.02, Philadelphia County, Pennsylvania",5399,878,329,182,4985,825,0,15,53,61,0,15,0,15,32,47,0,15,32,47
1400000US42101026400,42101026400,"Census Tract 264, Philadelphia County, Pennsylvania",5596,802,135,135,5346,847,0,15,21,33,0,15,1,2,93,118,0,15,93,118
1400000US42101026500,42101026500,"Census Tract 265, Philadelphia County, Pennsylvania",4957,639,85,56,4784,657,0,10,0,10,0,10,0,10,88,82,0,10,88,82
1400000US42101026600,42101026600,"Census Tract 266, Philadelphia County, Pennsylvania",6711,676,42,52,6548,667,7,16,0,15,0,15,0,15,114,107,0,15,114,107
1400000US42101026700,42101026700,"Census Tract 267, Philadelphia County, Pennsylvania",7265,847,176,253,7078,857,0,15,0,15,0,15,0,15,11,19,0,15,11,19
1400000US42101026800,42101026800,"Census Tract 268, Philadelphia County, Pennsylvania",5010,585,226,123,4450,558,0,15,231,165,0,15,40,61,63,56,8,12,55,55
1400000US42101026900,42101026900,"Census Tract 269, Philadelphia County, Pennsylvania",2141,300,408,114,1415,301,0,10,43,30,0,10,104,110,171,168,18,27,153,166
1400000US42101027000,42101027000,"Census Tract 270, Philadelphia County, Pennsylvania",2067,337,331,143,1570,297,0,10,150,110,0,10,16,24,0,10,0,10,0,10
1400000US42101027100,42101027100,"Census Tract 271, Philadelphia County, Pennsylvania",2905,367,249,107,1830,270,0,10,569,163,0,10,213,225,44,69,0,10,44,69
1400000US42101027200,42101027200,"Census Tract 272, Philadelphia County, Pennsylvania",4773,400,358,127,4041,440,9,16,290,146,0,10,17,28,58,54,48,52,10,15
1400000US42101027300,42101027300,"Census Tract 273, Philadelphia County, Pennsylvania",7563,624,1102,317,3836,645,0,15,2147,517,0,15,408,359,70,66,21,35,49,57
1400000US42101027401,42101027401,"Census Tract 274.01, Philadelphia County, Pennsylvania",2919,395,372,225,1261,413,9,15,988,341,0,10,106,125,183,193,0,10,183,193
1400000US42101027402,42101027402,"Census Tract 274.02, Philadelphia County, Pennsylvania",7124,738,574,221,3812,746,0,15,1265,444,584,673,742,532,147,131,36,61,111,117
1400000US42101027500,42101027500,"Census Tract 275, Philadelphia County, Pennsylvania",4644,390,550,146,2866,373,0,10,921,323,0,10,223,234,84,130,0,10,84,130
1400000US42101027600,42101027600,"Census Tract 276, Philadelphia County, Pennsylvania",3869,439,98,80,3597,443,0,10,0,10,0,10,0,10,174,158,0,10,174,158
1400000US42101027700,42101027700,"Census Tract 277, Philadelphia County, Pennsylvania",4699,622,203,219,4224,598,0,10,138,75,0,10,0,10,134,118,0,10,134,118
1400000US42101027800,42101027800,"Census Tract 278, Philadelphia County, Pennsylvania",4560,616,244,157,4316,627,0,10,0,10,0,10,0,10,0,10,0,10,0,10
1400000US42101027901,42101027901,"Census Tract 279.01, Philadelphia County, Pennsylvania",4951,927,37,35,4111,513,19,23,120,127,0,10,618,996,46,43,0,10,46,43
1400000US42101027902,42101027902,"Census Tract 279.02, Philadelphia County, Pennsylvania",4437,469,1941,471,2080,307,0,10,121,79,9,19,219,179,67,84,0,10,67,84
1400000US42101028000,42101028000,"Census Tract 280, Philadelphia County, Pennsylvania",4165,443,56,51,4073,454,11,19,0,10,0,10,0,10,25,41,0,10,25,41
1400000US42101028100,42101028100,"Census Tract 281, Philadelphia County, Pennsylvania",3433,337,205,99,3176,341,0,10,42,40,0,10,9,14,1,2,0,10,1,2
1400000US42101028200,42101028200,"Census Tract 282, Philadelphia County, Pennsylvania",5056,634,442,276,4164,617,17,22,278,154,0,15,47,60,108,73,17,27,91,65
1400000US42101028300,42101028300,"Census Tract 283, Philadelphia County, Pennsylvania",5901,808,230,213,5006,716,0,15,320,319,0,15,0,15,345,286,160,199,185,175
1400000US42101028400,42101028400,"Census Tract 284, Philadelphia County, Pennsylvania",4863,696,652,418,3355,496,0,10,45,64,0,10,756,388,55,44,0,10,55,44
1400000US42101028500,42101028500,"Census Tract 285, Philadelphia County, Pennsylvania",2698,393,294,207,1338,300,315,306,390,292,0,10,343,231,18,24,0,10,18,24
1400000US42101028600,42101028600,"Census Tract 286, Philadelphia County, Pennsylvania",8100,854,711,309,4966,917,61,96,543,355,0,15,1475,719,344,406,344,406,0,15
1400000US42101028700,42101028700,"Census Tract 287, Philadelphia County, Pennsylvania",2502,377,491,167,468,222,46,41,45,72,0,10,1297,408,155,123,113,98,42,42
1400000US42101028800,42101028800,"Census Tract 288, Philadelphia County, Pennsylvania",4734,568,1345,421,806,251,0,10,606,229,0,10,1926,529,51,84,0,10,51,84
1400000US42101028901,42101028901,"Census Tract 289.01, Philadelphia County, Pennsylvania",4224,531,626,305,1315,362,22,36,289,176,0,10,1917,433,55,86,55,86,0,10
1400000US42101028902,42101028902,"Census Tract 289.02, Philadelphia County, Pennsylvania",7189,809,1553,568,1979,706,50,79,461,340,149,164,2587,848,410,355,49,53,361,363
1400000US42101029000,42101029000,"Census Tract 290, Philadelphia County, Pennsylvania",6738,648,1048,475,2728,529,45,57,1215,451,0,15,1483,609,219,191,0,15,219,191
1400000US42101029100,42101029100,"Census Tract 291, Philadelphia County, Pennsylvania",4055,561,768,304,1795,424,0,10,973,282,0,10,348,205,171,106,93,85,78,72
1400000US42101029200,42101029200,"Census Tract 292, Philadelphia County, Pennsylvania",3590,439,1191,336,1479,263,6,11,269,109,0,10,451,214,194,124,73,64,121,107
1400000US42101029300,42101029300,"Census Tract 293, Philadelphia County, Pennsylvania",3032,565,1030,382,1064,281,35,55,66,80,0,10,770,367,67,58,0,10,67,58
1400000US42101029400,42101029400,"Census Tract 294, Philadelphia County, Pennsylvania",3139,485,1094,264,1535,436,7,12,8,20,0,10,476,291,19,27,0,10,19,27
1400000US42101029800,42101029800,"Census Tract 298, Philadelphia County, Pennsylvania",4890,507,2477,342,1459,341,0,10,152,124,0,10,652,330,150,116,24,35,126,108
1400000US42101029900,42101029900,"Census Tract 299, Philadelphia County, Pennsylvania",4070,456,1352,351,2256,397,74,81,37,45,0,10,240,123,111,113,45,69,66,88
1400000US42101030000,42101030000,"Census Tract 300, Philadelphia County, Pennsylvania",7642,794,1838,492,4606,711,162,191,167,163,0,15,392,252,477,312,156,157,321,212
1400000US42101030100,42101030100,"Census Tract 301, Philadelphia County, Pennsylvania",5109,726,1913,390,2653,681,0,15,0,15,0,15,265,246,278,191,99,127,179,149
1400000US42101030200,42101030200,"Census Tract 302, Philadelphia County, Pennsylvania",7148,953,2197,587,3151,559,0,15,324,285,0,15,940,522,536,296,127,127,409,261
1400000US42101030501,42101030501,"Census Tract 305.01, Philadelphia County, Pennsylvania",5526,676,1168,384,3153,654,20,32,159,217,0,15,965,466,61,58,17,29,44,53
1400000US42101030502,42101030502,"Census Tract 305.02, Philadelphia County, Pennsylvania",6341,718,1332,388,3498,646,70,116,488,194,0,15,744,405,209,203,0,15,209,203
1400000US42101030600,42101030600,"Census Tract 306, Philadelphia County, Pennsylvania",7680,967,3462,574,2104,533,33,53,808,589,0,15,1218,434,55,54,0,15,55,54
1400000US42101030700,42101030700,"Census Tract 307, Philadelphia County, Pennsylvania",3781,557,2061,340,1304,508,9,15,115,129,0,10,150,112,142,130,16,25,126,133
1400000US42101030800,42101030800,"Census Tract 308, Philadelphia County, Pennsylvania",5147,557,3201,440,630,503,0,15,839,425,0,15,158,135,319,233,0,15,319,233
1400000US42101030900,42101030900,"Census Tract 309, Philadelphia County, Pennsylvania",4716,490,1518,412,1535,326,65,73,685,187,0,10,641,310,272,211,74,87,198,191
1400000US42101031000,42101031000,"Census Tract 310, Philadelphia County, Pennsylvania",7774,924,3289,645,1836,533,27,47,1400,380,0,15,1000,671,222,234,73,115,149,195
1400000US42101031101,42101031101,"Census Tract 311.01, Philadelphia County, Pennsylvania",5415,620,1593,431,2331,521,0,15,794,379,0,15,581,305,116,111,0,15,116,111
1400000US42101031102,42101031102,"Census Tract 311.02, Philadelphia County, Pennsylvania",3959,490,1290,423,1905,568,0,10,287,245,0,10,420,215,57,56,0,10,57,56
1400000US42101031200,42101031200,"Census Tract 312, Philadelphia County, Pennsylvania",4680,390,1451,322,2115,450,0,10,303,164,0,10,750,328,61,51,0,10,61,51
1400000US42101031300,42101031300,"Census Tract 313, Philadelphia County, Pennsylvania",5842,787,2802,548,1587,505,0,15,963,332,0,15,163,126,327,244,0,15,327,244
1400000US42101031401,42101031401,"Census Tract 314.01, Philadelphia County, Pennsylvania",7151,688,2481,520,1889,475,2,10,1370,454,0,15,657,440,752,566,205,318,547,384
1400000US42101031402,42101031402,"Census Tract 314.02, Philadelphia County, Pennsylvania",5830,490,2953,530,1081,354,0,15,1647,342,0,15,46,44,103,122,0,15,103,122
1400000US42101031501,42101031501,"Census Tract 315.01, Philadelphia County, Pennsylvania",6187,465,5002,620,162,129,0,15,492,242,0,15,460,385,71,103,0,15,71,103
1400000US42101031502,42101031502,"Census Tract 315.02, Philadelphia County, Pennsylvania",3451,399,2858,401,249,184,12,20,221,136,0,10,91,105,20,37,0,10,20,37
1400000US42101031600,42101031600,"Census Tract 316, Philadelphia County, Pennsylvania",6043,613,4412,496,1029,522,0,15,209,207,0,15,353,280,40,55,11,21,29,51
1400000US42101031700,42101031700,"Census Tract 317, Philadelphia County, Pennsylvania",6117,777,3457,484,1484,403,46,80,471,487,0,15,400,305,259,228,162,162,97,134
1400000US42101031800,42101031800,"Census Tract 318, Philadelphia County, Pennsylvania",3886,473,1446,250,1466,384,28,45,558,224,0,10,344,232,44,50,7,13,37,46
1400000US42101031900,42101031900,"Census Tract 319, Philadelphia County, Pennsylvania",4490,611,2886,499,766,306,0,10,126,107,34,55,481,265,197,141,138,122,59,57
1400000US42101032000,42101032000,"Census Tract 320, Philadelphia County, Pennsylvania",7022,788,4591,695,1169,446,0,15,354,278,0,15,642,344,266,216,38,60,228,206
1400000US42101032100,42101032100,"Census Tract 321, Philadelphia County, Pennsylvania",3773,540,2041,307,1130,358,0,10,38,36,0,10,427,337,137,160,16,25,121,159
1400000US42101032300,42101032300,"Census Tract 323, Philadelphia County, Pennsylvania",3424,415,2354,343,743,302,41,68,56,89,0,10,123,136,107,141,0,10,107,141
1400000US42101032500,42101032500,"Census Tract 325, Philadelphia County, Pennsylvania",5756,699,3781,484,894,566,0,15,122,107,0,15,771,407,188,136,0,15,188,136
1400000US42101032600,42101032600,"Census Tract 326, Philadelphia County, Pennsylvania",6776,639,4841,567,991,275,49,58,183,139,0,15,579,402,133,136,133,136,0,15
1400000US42101032900,42101032900,"Census Tract 329, Philadelphia County, Pennsylvania",3658,604,2132,398,696,280,0,10,358,287,0,10,178,197,294,278,39,57,255,272
1400000US42101033000,42101033000,"Census Tract 330, Philadelphia County, Pennsylvania",8122,750,6033,579,1402,570,0,15,0,15,0,15,89,87,598,273,18,28,580,272
1400000US42101033101,42101033101,"Census Tract 331.01, Philadelphia County, Pennsylvania",4658,420,4207,402,165,160,0,10,102,130,0,10,116,173,68,84,0,10,68,84
1400000US42101033102,42101033102,"Census Tract 331.02, Philadelphia County, Pennsylvania",3611,423,3261,428,201,105,0,10,117,128,0,10,15,24,17,30,17,30,0,10
1400000US42101033200,42101033200,"Census Tract 332, Philadelphia County, Pennsylvania",2670,254,2497,268,5,8,0,10,168,128,0,10,0,10,0,10,0,10,0,10
1400000US42101033300,42101033300,"Census Tract 333, Philadelphia County, Pennsylvania",4160,398,3232,432,565,253,0,10,195,106,0,10,117,126,51,55,0,10,51,55
1400000US42101033400,42101033400,"Census Tract 334, Philadelphia County, Pennsylvania",5319,418,3367,365,681,282,113,147,992,331,0,15,124,101,42,49,0,15,42,49
1400000US42101033500,42101033500,"Census Tract 335, Philadelphia County, Pennsylvania",3783,385,2496,499,434,250,0,10,505,286,0,10,271,265,77,55,49,50,28,31
1400000US42101033600,42101033600,"Census Tract 336, Philadelphia County, Pennsylvania",7033,708,5091,682,467,227,29,45,708,385,0,15,384,257,354,247,30,35,324,229
1400000US42101033701,42101033701,"Census Tract 337.01, Philadelphia County, Pennsylvania",4700,574,3914,636,155,155,18,30,480,396,0,10,50,81,83,133,83,133,0,10
1400000US42101033702,42101033702,"Census Tract 337.02, Philadelphia County, Pennsylvania",5325,399,3842,455,278,164,0,15,813,174,0,15,131,142,261,128,15,28,246,138
1400000US42101033800,42101033800,"Census Tract 338, Philadelphia County, Pennsylvania",6210,512,4431,421,747,333,19,29,381,154,0,15,219,199,413,286,80,85,333,269
1400000US42101033900,42101033900,"Census Tract 339, Philadelphia County, Pennsylvania",2903,274,2153,228,412,236,0,10,134,137,0,10,88,89,116,84,30,42,86,71
1400000US42101034000,42101034000,"Census Tract 340, Philadelphia County, Pennsylvania",3095,221,2391,304,231,138,0,10,181,139,0,10,161,213,131,127,12,17,119,115
1400000US42101034100,42101034100,"Census Tract 341, Philadelphia County, Pennsylvania",6731,691,6175,701,318,200,0,15,96,135,10,16,0,15,132,109,0,15,132,109
1400000US42101034200,42101034200,"Census Tract 342, Philadelphia County, Pennsylvania",3571,261,2908,302,381,187,0,10,246,184,0,10,0,10,36,40,0,10,36,40
1400000US42101034400,42101034400,"Census Tract 344, Philadelphia County, Pennsylvania",8140,537,6648,607,333,234,9,15,907,243,0,15,149,138,94,78,28,45,66,68
1400000US42101034501,42101034501,"Census Tract 345.01, Philadelphia County, Pennsylvania",3683,574,2677,561,378,275,0,10,491,229,0,10,137,235,0,10,0,10,0,10
1400000US42101034502,42101034502,"Census Tract 345.02, Philadelphia County, Pennsylvania",5312,833,3069,527,650,376,0,15,949,798,0,15,329,514,315,442,80,122,235,321
1400000US42101034600,42101034600,"Census Tract 346, Philadelphia County, Pennsylvania",2616,351,1444,265,633,188,0,10,403,211,0,10,96,100,40,45,0,10,40,45
1400000US42101034701,42101034701,"Census Tract 347.01, Philadelphia County, Pennsylvania",6425,626,4454,502,415,195,19,31,1029,409,0,15,139,110,369,307,272,299,97,87
1400000US42101034702,42101034702,"Census Tract 347.02, Philadelphia County, Pennsylvania",4060,337,3305,450,302,241,0,10,332,226,0,10,66,62,55,66,40,62,15,23
1400000US42101034801,42101034801,"Census Tract 348.01, Philadelphia County, Pennsylvania",4268,417,3526,331,481,298,0,10,121,110,0,10,23,19,117,150,28,53,89,132
1400000US42101034802,42101034802,"Census Tract 348.02, Philadelphia County, Pennsylvania",5387,744,3871,730,1308,292,0,15,44,73,0,15,11,19,153,136,0,15,153,136
1400000US42101034803,42101034803,"Census Tract 348.03, Philadelphia County, Pennsylvania",4543,355,3967,392,271,134,14,22,193,152,0,10,48,81,50,64,0,10,50,64
1400000US42101034900,42101034900,"Census Tract 349, Philadelphia County, Pennsylvania",5702,502,4248,546,811,288,44,65,285,126,0,15,268,292,46,53,0,15,46,53
1400000US42101035100,42101035100,"Census Tract 351, Philadelphia County, Pennsylvania",3550,398,3283,422,125,90,0,10,84,128,0,10,23,43,35,97,0,10,35,97
1400000US42101035200,42101035200,"Census Tract 352, Philadelphia County, Pennsylvania",4251,417,3804,433,86,86,0,10,339,172,0,10,17,26,5,9,0,10,5,9
1400000US42101035301,42101035301,"Census Tract 353.01, Philadelphia County, Pennsylvania",5377,392,4997,364,138,120,0,15,173,162,0,15,65,101,4,7,0,15,4,7
1400000US42101035302,42101035302,"Census Tract 353.02, Philadelphia County, Pennsylvania",4446,343,3870,323,349,173,0,10,43,39,0,10,105,100,79,113,0,10,79,113
1400000US42101035500,42101035500,"Census Tract 355, Philadelphia County, Pennsylvania",7544,471,6391,568,128,102,62,89,768,224,0,15,145,159,50,79,50,79,0,15
1400000US42101035601,42101035601,"Census Tract 356.01, Philadelphia County, Pennsylvania",5170,352,4561,353,82,88,0,15,390,227,0,15,86,103,51,53,0,15,51,53
1400000US42101035602,42101035602,"Census Tract 356.02, Philadelphia County, Pennsylvania",3425,269,2256,231,161,114,0,10,954,154,0,10,50,61,4,9,0,10,4,9
1400000US42101035701,42101035701,"Census Tract 357.01, Philadelphia County, Pennsylvania",4585,433,3291,475,309,179,11,19,884,313,0,10,39,47,51,60,51,60,0,10
1400000US42101035702,42101035702,"Census Tract 357.02, Philadelphia County, Pennsylvania",3763,433,3441,423,40,46,0,10,232,157,0,10,0,10,50,86,0,10,50,86
1400000US42101035800,42101035800,"Census Tract 358, Philadelphia County, Pennsylvania",6142,422,5248,389,162,185,0,15,675,287,0,15,0,15,57,67,0,15,57,67
1400000US42101035900,42101035900,"Census Tract 359, Philadelphia County, Pennsylvania",4982,392,4025,438,260,196,0,10,573,231,0,10,54,69,70,107,0,10,70,107
1400000US42101036000,42101036000,"Census Tract 360, Philadelphia County, Pennsylvania",2922,325,1902,331,292,144,0,10,639,198,0,10,11,23,78,63,13,19,65,62
1400000US42101036100,42101036100,"Census Tract 361, Philadelphia County, Pennsylvania",4164,365,3142,407,807,405,0,10,100,86,0,10,41,50,74,96,0,10,74,96
1400000US42101036201,42101036201,"Census Tract 362.01, Philadelphia County, Pennsylvania",5006,422,4220,465,619,436,0,15,118,118,0,15,0,15,49,58,0,15,49,58
1400000US42101036202,42101036202,"Census Tract 362.02, Philadelphia County, Pennsylvania",6256,489,5084,441,599,406,0,15,255,156,0,15,100,98,218,246,0,15,218,246
1400000US42101036203,42101036203,"Census Tract 362.03, Philadelphia County, Pennsylvania",4790,437,4455,476,78,69,0,10,88,60,0,10,89,124,80,73,31,51,49,54
1400000US42101036301,42101036301,"Census Tract 363.01, Philadelphia County, Pennsylvania",3840,354,3109,327,103,79,0,10,423,81,0,10,103,118,102,125,72,114,30,47
1400000US42101036302,42101036302,"Census Tract 363.02, Philadelphia County, Pennsylvania",3374,454,2783,461,454,118,0,10,79,86,0,10,46,55,12,22,12,22,0,10
1400000US42101036303,42101036303,"Census Tract 363.03, Philadelphia County, Pennsylvania",6005,399,5707,408,0,15,0,15,283,176,15,25,0,15,0,15,0,15,0,15
1400000US42101036400,42101036400,"Census Tract 364, Philadelphia County, Pennsylvania",485,224,298,159,123,87,9,14,23,28,0,10,24,36,8,13,0,10,8,13
1400000US42101036501,42101036501,"Census Tract 365.01, Philadelphia County, Pennsylvania",5581,496,4438,527,769,322,0,15,224,143,0,15,106,134,44,51,21,33,23,38
1400000US42101036502,42101036502,"Census Tract 365.02, Philadelphia County, Pennsylvania",3919,493,3682,516,3,7,0,10,225,167,0,10,0,10,9,14,0,10,9,14
1400000US42101036600,42101036600,"Census Tract 366, Philadelphia County, Pennsylvania",1573,230,1268,213,73,81,15,17,217,74,0,10,0,10,0,10,0,10,0,10
1400000US42101036700,42101036700,"Census Tract 367, Philadelphia County, Pennsylvania",2457,266,1864,250,472,128,5,7,86,50,0,10,30,35,0,10,0,10,0,10
1400000US42101036900,42101036900,"Census Tract 369, Philadelphia County, Pennsylvania",5311,785,3144,578,463,149,0,15,1391,538,89,136,133,89,91,71,55,61,36,31
1400000US42101037200,42101037200,"Census Tract 372, Philadelphia County, Pennsylvania",4354,266,3446,311,221,155,0,10,658,114,0,10,19,23,10,17,0,10,10,17
1400000US42101037300,42101037300,"Census Tract 373, Philadelphia County, Pennsylvania",5093,436,4111,457,382,174,0,15,567,241,0,15,3,8,30,33,0,15,30,33
1400000US42101037500,42101037500,"Census Tract 375, Philadelphia County, Pennsylvania",4140,428,2200,408,1575,225,0,10,218,99,37,51,30,36,80,64,14,18,66,52
1400000US42101037600,42101037600,"Census Tract 376, Philadelphia County, Pennsylvania",2569,401,1250,372,624,186,6,14,556,130,0,10,57,70,76,63,0,10,76,63
1400000US42101037700,42101037700,"Census Tract 377, Philadelphia County, Pennsylvania",5340,802,1837,453,2431,624,7,13,257,181,36,60,725,292,47,46,0,15,47,46
1400000US42101037800,42101037800,"Census Tract 378, Philadelphia County, Pennsylvania",2062,337,1746,288,99,84,10,19,25,25,0,10,9,14,173,233,152,231,21,24
1400000US42101037900,42101037900,"Census Tract 379, Philadelphia County, Pennsylvania",5012,523,4729,545,194,215,0,15,45,56,0,15,19,35,25,42,0,15,25,42
1400000US42101038000,42101038000,"Census Tract 380, Philadelphia County, Pennsylvania",2349,301,1902,311,85,81,0,10,34,51,0,10,295,153,33,29,13,20,20,23
1400000US42101038100,42101038100,"Census Tract 381, Philadelphia County, Pennsylvania",965,172,541,145,394,139,0,10,12,16,0,10,9,11,9,12,0,10,9,12
1400000US42101038200,42101038200,"Census Tract 382, Philadelphia County, Pennsylvania",2313,309,1438,285,313,215,0,10,16,26,0,10,381,179,165,182,0,10,165,182
1400000US42101038300,42101038300,"Census Tract 383, Philadelphia County, Pennsylvania",3747,499,852,271,1065,311,180,168,0,10,0,10,1429,503,221,175,30,43,191,170
1400000US42101038400,42101038400,"Census Tract 384, Philadelphia County, Pennsylvania",2490,217,2110,225,225,135,0,10,67,52,0,10,36,34,52,58,0,10,52,58
1400000US42101038500,42101038500,"Census Tract 385, Philadelphia County, Pennsylvania",1870,149,1684,164,63,80,0,10,96,93,0,10,0,10,27,38,27,38,0,10
1400000US42101038600,42101038600,"Census Tract 386, Philadelphia County, Pennsylvania",1370,133,1136,143,180,75,0,10,27,30,0,10,0,10,27,24,0,10,27,24
1400000US42101038700,42101038700,"Census Tract 387, Philadelphia County, Pennsylvania",2320,236,1889,215,223,97,16,26,74,44,0,10,12,15,106,77,0,10,106,77
1400000US42101038800,42101038800,"Census Tract 388, Philadelphia County, Pennsylvania",3546,243,1872,202,1268,246,0,10,222,153,0,10,119,136,65,57,0,10,65,57
1400000US42101038900,42101038900,"Census Tract 389, Philadelphia County, Pennsylvania",3208,456,257,154,2912,505,9,14,16,19,0,10,3,5,11,14,0,10,11,14
1400000US42101039000,42101039000,"Census Tract 390, Philadelphia County, Pennsylvania",7420,750,1698,429,4263,708,0,15,207,162,0,15,889,482,363,291,35,39,328,288
1400000US42101980000,42101980000,"Census Tract 9800, Philadelphia County, Pennsylvania",1228,600,712,448,213,167,0,10,216,230,0,10,29,45,58,61,0,10,58,61
1400000US42101980100,42101980100,"Census Tract 9801, Philadelphia County, Pennsylvania",59,29,59,29,0,10,0,10,0,10,0,10,0,10,0,10,0,10,0,10
1400000US42101980200,42101980200,"Census Tract 9802, Philadelphia County, Pennsylvania",317,137,258,136,48,62,0,10,0,10,3,7,0,10,8,11,0,10,8,11
1400000US42101980300,42101980300,"Census Tract 9803, Philadelphia County, Pennsylvania",0,10,0,10,0,10,0,10,0,10,0,10,0,10,0,10,0,10,0,10
1400000US42101980400,42101980400,"Census Tract 9804, Philadelphia County, Pennsylvania",0,10,0,10,0,10,0,10,0,10,0,10,0,10,0,10,0,10,0,10
1400000US42101980500,42101980500,"Census Tract 9805, Philadelphia County, Pennsylvania",0,10,0,10,0,10,0,10,0,10,0,10,0,10,0,10,0,10,0,10
1400000US42101980600,42101980600,"Census Tract 9806, Philadelphia County, Pennsylvania",0,10,0,10,0,10,0,10,0,10,0,10,0,10,0,10,0,10,0,10
1400000US42101980700,42101980700,"Census Tract 9807, Philadelphia County, Pennsylvania",0,10,0,10,0,10,0,10,0,10,0,10,0,10,0,10,0,10,0,10
1400000US42101980800,42101980800,"Census Tract 9808, Philadelphia County, Pennsylvania",0,10,0,10,0,10,0,10,0,10,0,10,0,10,0,10,0,10,0,10
1400000US42101980900,42101980900,"Census Tract 9809, Philadelphia County, Pennsylvania",4,6,4,6,0,10,0,10,0,10,0,10,0,10,0,10,0,10,0,10
1400000US42101989100,42101989100,"Census Tract 9891, Philadelphia County, Pennsylvania",4508,586,965,204,3149,489,30,36,81,58,0,10,240,117,43,27,15,21,28,18
