GEO.id,GEO.id2,GEO.display-label,HD01_VD01,HD02_VD01,HD01_VD02,HD02_VD02,HD01_VD03,HD02_VD03,HD01_VD04,HD02_VD04,HD01_VD05,HD02_VD05,HD01_VD06,HD02_VD06,HD01_VD07,HD02_VD07,HD01_VD08,HD02_VD08,HD01_VD09,HD02_VD09,HD01_VD10,HD02_VD10
Id,Id2,Geography,Estimate; Total:,Margin of Error; Total:,Estimate; Total: - White alone,Margin of Error; Total: - White alone,Estimate; Total: - Black or African American alone,Margin of Error; Total: - Black or African American alone,Estimate; Total: - American Indian and Alaska Native alone,Margin of Error; Total: - American Indian and Alaska Native alone,Estimate; Total: - Asian alone,Margin of Error; Total: - Asian alone,Estimate; Total: - Native Hawaiian and Other Pacific Islander alone,Margin of Error; Total: - Native Hawaiian and Other Pacific Islander alone,Estimate; Total: - Some other race alone,Margin of Error; Total: - Some other race alone,Estimate; Total: - Two or more races:,Margin of Error; Total: - Two or more races:,Estimate; Total: - Two or more races: - Two races including Some other race,Margin of Error; Total: - Two or more races: - Two races including Some other race,"Estimate; Total: - Two or more races: - Two races excluding Some other race, and three or more races","Margin of Error; Total: - Two or more races: - Two races excluding Some other race, and three or more races"
1400000US42101000100,42101000100,"Census Tract 1, Philadelphia County, Pennsylvania",3027,345,2610,335,175,81,0,81,160,88,0,81,37,65,45,42,0,81,45,42
1400000US42101000200,42101000200,"Census Tract 2, Philadelphia County, Pennsylvania",1897,278,406,137,23,39,0,81,1443,267,0,81,16,26,9,14,0,81,9,14
1400000US42101000300,42101000300,"Census Tract 3, Philadelphia County, Pennsylvania",3365,362,2367,355,268,110,0,81,578,181,0,81,13,27,139,75,19,30,120,70
1400000US42101000401,42101000401,"Census Tract 4.01, Philadelphia County, Pennsylvania",2034,263,1172,226,180,119,12,16,544,188,0,81,0,81,126,159,0,81,126,159
1400000US42101000402,42101000402,"Census Tract 4.02, Philadelphia County, Pennsylvania",3198,264,2882,327,114,97,0,81,126,81,0,81,0,81,76,88,0,81,76,88
1400000US42101000500,42101000500,"Census Tract 5, Philadelphia County, Pennsylvania",2113,300,876,214,627,187,19,32,307,142,0,81,219,92,65,58,18,33,47,48
1400000US42101000600,42101000600,"Census Tract 6, Philadelphia County, Pennsylvania",1641,425,926,238,340,273,0,81,311,128,0,81,19,38,45,53,26,37,19,38
1400000US42101000700,42101000700,"Census Tract 7, Philadelphia County, Pennsylvania",2589,330,1889,315,270,204,0,81,373,172,0,81,13,22,44,47,0,81,44,47
1400000US42101000801,42101000801,"Census Tract 8.01, Philadelphia County, Pennsylvania",1515,217,1188,287,52,62,0,81,202,120,0,81,0,81,73,61,0,81,73,61
1400000US42101000803,42101000803,"Census Tract 8.03, Philadelphia County, Pennsylvania",3764,351,3276,391,32,35,71,94,385,170,0,81,0,81,0,81,0,81,0,81
1400000US42101000804,42101000804,"Census Tract 8.04, Philadelphia County, Pennsylvania",3054,394,2623,408,0,81,28,38,336,208,0,81,15,25,52,64,0,81,52,64
1400000US42101000901,42101000901,"Census Tract 9.01, Philadelphia County, Pennsylvania",1848,378,1359,243,197,230,0,81,292,122,0,81,0,81,0,81,0,81,0,81
1400000US42101000902,42101000902,"Census Tract 9.02, Philadelphia County, Pennsylvania",2033,414,1455,357,112,77,0,81,450,147,0,81,0,81,16,32,0,81,16,32
1400000US42101001001,42101001001,"Census Tract 10.01, Philadelphia County, Pennsylvania",2295,241,2146,239,31,34,0,81,118,92,0,81,0,81,0,81,0,81,0,81
1400000US42101001002,42101001002,"Census Tract 10.02, Philadelphia County, Pennsylvania",3281,301,3028,321,66,93,0,81,150,149,0,81,0,81,37,61,0,81,37,61
1400000US42101001101,42101001101,"Census Tract 11.01, Philadelphia County, Pennsylvania",3095,336,2679,313,186,87,0,81,168,107,0,81,21,33,41,48,0,81,41,48
1400000US42101001102,42101001102,"Census Tract 11.02, Philadelphia County, Pennsylvania",2448,289,2056,284,57,80,64,70,213,147,0,81,0,81,58,62,9,19,49,60
1400000US42101001201,42101001201,"Census Tract 12.01, Philadelphia County, Pennsylvania",3684,381,3231,386,62,71,33,53,223,153,0,81,54,79,81,61,0,81,81,61
1400000US42101001202,42101001202,"Census Tract 12.02, Philadelphia County, Pennsylvania",4867,500,3930,575,291,145,24,35,371,151,0,81,167,199,84,72,0,81,84,72
1400000US42101001300,42101001300,"Census Tract 13, Philadelphia County, Pennsylvania",5029,472,2955,412,1829,355,33,48,92,57,22,32,1,2,97,87,0,81,97,87
1400000US42101001400,42101001400,"Census Tract 14, Philadelphia County, Pennsylvania",4186,469,2659,457,871,269,0,81,181,149,0,81,48,56,427,329,0,81,427,329
1400000US42101001500,42101001500,"Census Tract 15, Philadelphia County, Pennsylvania",2695,305,2036,279,407,190,0,81,145,133,0,81,27,41,80,105,0,81,80,105
1400000US42101001600,42101001600,"Census Tract 16, Philadelphia County, Pennsylvania",2142,285,1929,278,131,96,0,81,0,81,0,81,0,81,82,85,0,81,82,85
1400000US42101001700,42101001700,"Census Tract 17, Philadelphia County, Pennsylvania",2753,284,2337,263,316,238,0,81,100,115,0,81,0,81,0,81,0,81,0,81
1400000US42101001800,42101001800,"Census Tract 18, Philadelphia County, Pennsylvania",2887,355,2151,338,498,133,14,23,179,150,0,81,0,81,45,45,0,81,45,45
1400000US42101001900,42101001900,"Census Tract 19, Philadelphia County, Pennsylvania",2494,430,1220,249,1171,365,0,81,29,43,0,81,11,17,63,57,0,81,63,57
1400000US42101002000,42101002000,"Census Tract 20, Philadelphia County, Pennsylvania",1950,421,81,53,1768,404,0,81,0,81,0,81,1,3,100,103,0,81,100,103
1400000US42101002100,42101002100,"Census Tract 21, Philadelphia County, Pennsylvania",1779,246,199,99,1487,269,0,81,36,41,0,81,4,8,53,52,0,81,53,52
1400000US42101002200,42101002200,"Census Tract 22, Philadelphia County, Pennsylvania",1977,356,492,208,1341,333,0,81,80,81,0,81,0,81,64,39,11,17,53,39
1400000US42101002300,42101002300,"Census Tract 23, Philadelphia County, Pennsylvania",2460,323,1875,333,60,68,0,81,481,141,0,81,0,81,44,59,0,81,44,59
1400000US42101002400,42101002400,"Census Tract 24, Philadelphia County, Pennsylvania",3995,495,2833,441,382,176,0,81,569,245,0,81,169,157,42,49,15,29,27,43
1400000US42101002500,42101002500,"Census Tract 25, Philadelphia County, Pennsylvania",3640,390,1971,219,1094,303,0,81,281,231,0,81,183,220,111,77,7,12,104,76
1400000US42101002701,42101002701,"Census Tract 27.01, Philadelphia County, Pennsylvania",3821,478,1179,337,1167,348,7,12,1254,405,0,81,61,98,153,200,126,192,27,34
1400000US42101002702,42101002702,"Census Tract 27.02, Philadelphia County, Pennsylvania",3487,391,3315,399,20,23,0,81,152,152,0,81,0,81,0,81,0,81,0,81
1400000US42101002801,42101002801,"Census Tract 28.01, Philadelphia County, Pennsylvania",4196,695,2133,736,375,273,0,81,1656,317,0,81,32,51,0,81,0,81,0,81
1400000US42101002802,42101002802,"Census Tract 28.02, Philadelphia County, Pennsylvania",4776,538,3801,458,87,132,0,81,762,284,23,41,33,41,70,75,0,81,70,75
1400000US42101002900,42101002900,"Census Tract 29, Philadelphia County, Pennsylvania",3855,321,3545,411,74,86,0,81,86,131,0,81,68,82,82,75,0,81,82,75
1400000US42101003001,42101003001,"Census Tract 30.01, Philadelphia County, Pennsylvania",4009,544,816,264,933,393,39,46,1787,445,0,81,119,171,315,213,0,81,315,213
1400000US42101003002,42101003002,"Census Tract 30.02, Philadelphia County, Pennsylvania",2969,505,555,255,2083,403,27,30,265,218,0,81,14,22,25,45,0,81,25,45
1400000US42101003100,42101003100,"Census Tract 31, Philadelphia County, Pennsylvania",4024,738,187,207,3820,721,0,81,0,81,0,81,0,81,17,29,0,81,17,29
1400000US42101003200,42101003200,"Census Tract 32, Philadelphia County, Pennsylvania",4982,833,361,412,4530,786,75,100,0,81,0,81,16,26,0,81,0,81,0,81
1400000US42101003300,42101003300,"Census Tract 33, Philadelphia County, Pennsylvania",6131,979,1178,308,4427,997,4,8,367,177,0,81,24,31,131,80,0,81,131,80
1400000US42101003600,42101003600,"Census Tract 36, Philadelphia County, Pennsylvania",6922,920,1779,352,3928,917,13,19,772,406,0,81,94,78,336,286,261,280,75,71
1400000US42101003701,42101003701,"Census Tract 37.01, Philadelphia County, Pennsylvania",6785,824,305,184,4744,856,22,39,1354,551,0,81,98,111,262,235,97,127,165,173
1400000US42101003702,42101003702,"Census Tract 37.02, Philadelphia County, Pennsylvania",3337,275,1038,188,1771,278,0,81,501,154,0,81,0,81,27,46,0,81,27,46
1400000US42101003800,42101003800,"Census Tract 38, Philadelphia County, Pennsylvania",3862,320,3679,306,0,81,0,81,166,176,0,81,0,81,17,21,0,81,17,21
1400000US42101003901,42101003901,"Census Tract 39.01, Philadelphia County, Pennsylvania",6690,751,4293,679,844,444,9,15,1285,555,0,81,221,192,38,42,0,81,38,42
1400000US42101003902,42101003902,"Census Tract 39.02, Philadelphia County, Pennsylvania",5561,397,5301,389,104,121,0,81,48,56,0,81,28,47,80,60,51,51,29,33
1400000US42101004001,42101004001,"Census Tract 40.01, Philadelphia County, Pennsylvania",4051,381,3406,336,33,37,0,81,465,173,0,81,35,32,112,126,0,81,112,126
1400000US42101004002,42101004002,"Census Tract 40.02, Philadelphia County, Pennsylvania",4638,441,4433,446,0,81,31,49,155,169,0,81,0,81,19,31,19,31,0,81
1400000US42101004101,42101004101,"Census Tract 41.01, Philadelphia County, Pennsylvania",5335,752,2148,516,1166,374,98,116,1658,576,0,81,142,161,123,155,0,81,123,155
1400000US42101004102,42101004102,"Census Tract 41.02, Philadelphia County, Pennsylvania",7978,839,3435,494,1149,497,0,81,2827,713,0,81,46,54,521,381,0,81,521,381
1400000US42101004201,42101004201,"Census Tract 42.01, Philadelphia County, Pennsylvania",5837,446,4601,596,362,160,0,81,576,364,0,81,0,81,298,317,0,81,298,317
1400000US42101004202,42101004202,"Census Tract 42.02, Philadelphia County, Pennsylvania",4742,474,3810,415,391,230,0,81,478,160,0,81,0,81,63,76,0,81,63,76
1400000US42101005000,42101005000,"Census Tract 50, Philadelphia County, Pennsylvania",0,81,0,81,0,81,0,81,0,81,0,81,0,81,0,81,0,81,0,81
1400000US42101005400,42101005400,"Census Tract 54, Philadelphia County, Pennsylvania",1318,192,268,112,892,236,0,81,125,96,0,81,15,23,18,25,0,81,18,25
1400000US42101005500,42101005500,"Census Tract 55, Philadelphia County, Pennsylvania",6663,679,722,299,5119,803,15,24,590,484,0,81,17,29,200,244,0,81,200,244
1400000US42101005600,42101005600,"Census Tract 56, Philadelphia County, Pennsylvania",1134,273,79,89,959,321,0,81,93,132,0,81,0,81,3,9,0,81,3,9
1400000US42101006000,42101006000,"Census Tract 60, Philadelphia County, Pennsylvania",6553,611,1419,312,4773,604,57,74,196,173,0,81,42,61,66,96,48,92,18,29
1400000US42101006100,42101006100,"Census Tract 61, Philadelphia County, Pennsylvania",3519,341,477,294,2709,458,0,81,274,192,0,81,59,58,0,81,0,81,0,81
1400000US42101006200,42101006200,"Census Tract 62, Philadelphia County, Pennsylvania",4472,559,650,254,3428,596,37,47,291,197,0,81,0,81,66,93,13,21,53,89
1400000US42101006300,42101006300,"Census Tract 63, Philadelphia County, Pennsylvania",3982,542,343,149,2871,508,0,81,497,228,0,81,168,151,103,150,0,81,103,150
1400000US42101006400,42101006400,"Census Tract 64, Philadelphia County, Pennsylvania",4674,596,520,202,3617,573,36,54,402,209,0,81,0,81,99,98,0,81,99,98
1400000US42101006500,42101006500,"Census Tract 65, Philadelphia County, Pennsylvania",4826,518,115,117,4403,484,0,81,72,91,0,81,21,21,215,221,27,42,188,218
1400000US42101006600,42101006600,"Census Tract 66, Philadelphia County, Pennsylvania",4243,676,65,45,3578,665,0,81,551,171,0,81,22,35,27,33,0,81,27,33
1400000US42101006700,42101006700,"Census Tract 67, Philadelphia County, Pennsylvania",6814,703,1057,359,4472,738,0,81,811,320,24,40,319,368,131,126,0,81,131,126
1400000US42101006900,42101006900,"Census Tract 69, Philadelphia County, Pennsylvania",2679,431,147,163,2511,418,0,81,0,81,0,81,0,81,21,33,0,81,21,33
1400000US42101007000,42101007000,"Census Tract 70, Philadelphia County, Pennsylvania",4890,754,105,78,4517,715,0,81,51,81,0,81,0,81,217,179,10,16,207,174
1400000US42101007101,42101007101,"Census Tract 71.01, Philadelphia County, Pennsylvania",2570,476,132,114,2396,454,0,81,0,81,0,81,42,58,0,81,0,81,0,81
1400000US42101007102,42101007102,"Census Tract 71.02, Philadelphia County, Pennsylvania",4616,697,45,61,4523,693,0,81,48,75,0,81,0,81,0,81,0,81,0,81
1400000US42101007200,42101007200,"Census Tract 72, Philadelphia County, Pennsylvania",4590,644,54,31,4445,653,13,20,60,72,0,81,0,81,18,27,0,81,18,27
1400000US42101007300,42101007300,"Census Tract 73, Philadelphia County, Pennsylvania",3341,510,194,128,3134,500,0,81,0,81,0,81,0,81,13,22,0,81,13,22
1400000US42101007400,42101007400,"Census Tract 74, Philadelphia County, Pennsylvania",4453,577,436,229,3853,532,0,81,96,98,0,81,24,27,44,40,9,14,35,36
1400000US42101007700,42101007700,"Census Tract 77, Philadelphia County, Pennsylvania",2209,446,905,292,692,264,5,8,445,196,0,81,8,14,154,95,11,18,143,93
1400000US42101007800,42101007800,"Census Tract 78, Philadelphia County, Pennsylvania",4024,414,2308,381,1302,346,15,22,154,110,0,81,43,47,202,114,58,62,144,91
1400000US42101007900,42101007900,"Census Tract 79, Philadelphia County, Pennsylvania",4779,490,2351,326,1977,454,0,81,265,200,0,81,158,145,28,34,13,21,15,26
1400000US42101008000,42101008000,"Census Tract 80, Philadelphia County, Pennsylvania",3447,659,453,213,2913,594,0,81,0,81,0,81,56,74,25,29,0,81,25,29
1400000US42101008101,42101008101,"Census Tract 81.01, Philadelphia County, Pennsylvania",2512,412,29,45,2438,429,0,81,28,44,0,81,0,81,17,28,0,81,17,28
1400000US42101008102,42101008102,"Census Tract 81.02, Philadelphia County, Pennsylvania",5480,663,36,38,5309,655,0,81,23,38,0,81,22,29,90,94,10,19,80,89
1400000US42101008200,42101008200,"Census Tract 82, Philadelphia County, Pennsylvania",8267,1071,15,21,8146,1057,0,81,0,81,0,81,53,89,53,50,0,81,53,50
1400000US42101008301,42101008301,"Census Tract 83.01, Philadelphia County, Pennsylvania",4109,501,97,86,3923,506,0,81,47,55,0,81,7,15,35,35,0,81,35,35
1400000US42101008302,42101008302,"Census Tract 83.02, Philadelphia County, Pennsylvania",3952,530,22,24,3843,516,52,81,0,81,0,81,0,81,35,52,0,81,35,52
1400000US42101008400,42101008400,"Census Tract 84, Philadelphia County, Pennsylvania",4972,661,114,86,4788,670,0,81,10,17,0,81,0,81,60,47,0,81,60,47
1400000US42101008500,42101008500,"Census Tract 85, Philadelphia County, Pennsylvania",6591,759,261,179,6300,791,12,20,0,81,0,81,0,81,18,28,0,81,18,28
1400000US42101008601,42101008601,"Census Tract 86.01, Philadelphia County, Pennsylvania",2932,498,1240,324,1290,473,29,35,162,110,0,81,133,138,78,61,0,81,78,61
1400000US42101008602,42101008602,"Census Tract 86.02, Philadelphia County, Pennsylvania",3374,723,602,237,2354,699,0,81,209,167,0,81,163,259,46,66,0,81,46,66
1400000US42101008701,42101008701,"Census Tract 87.01, Philadelphia County, Pennsylvania",5029,1049,2780,748,659,358,6,10,1351,674,0,81,201,283,32,32,0,81,32,32
1400000US42101008702,42101008702,"Census Tract 87.02, Philadelphia County, Pennsylvania",4095,934,2209,680,921,580,0,81,738,208,0,81,105,112,122,135,7,12,115,132
1400000US42101008801,42101008801,"Census Tract 88.01, Philadelphia County, Pennsylvania",1446,466,951,236,73,62,23,32,296,171,0,81,21,42,82,127,0,81,82,127
1400000US42101008802,42101008802,"Census Tract 88.02, Philadelphia County, Pennsylvania",6632,1670,4327,1264,665,143,0,81,1522,628,0,81,58,52,60,47,0,81,60,47
1400000US42101009000,42101009000,"Census Tract 90, Philadelphia County, Pennsylvania",4771,962,3206,678,433,244,0,81,994,418,0,81,85,111,53,45,17,31,36,29
1400000US42101009100,42101009100,"Census Tract 91, Philadelphia County, Pennsylvania",2430,363,1089,303,990,232,1,4,270,132,0,81,30,49,50,47,25,38,25,29
1400000US42101009200,42101009200,"Census Tract 92, Philadelphia County, Pennsylvania",3544,511,489,255,2614,484,1,2,326,219,0,81,45,45,69,64,0,81,69,64
1400000US42101009300,42101009300,"Census Tract 93, Philadelphia County, Pennsylvania",3868,436,117,87,3692,459,27,26,22,35,0,81,10,15,0,81,0,81,0,81
1400000US42101009400,42101009400,"Census Tract 94, Philadelphia County, Pennsylvania",3850,443,50,73,3696,447,0,81,21,33,0,81,0,81,83,89,41,63,42,60
1400000US42101009500,42101009500,"Census Tract 95, Philadelphia County, Pennsylvania",3339,471,15,25,3261,472,14,18,0,81,0,81,49,78,0,81,0,81,0,81
1400000US42101009600,42101009600,"Census Tract 96, Philadelphia County, Pennsylvania",4813,1013,52,47,4491,1045,167,216,41,64,0,81,40,65,22,21,0,81,22,21
1400000US42101009801,42101009801,"Census Tract 98.01, Philadelphia County, Pennsylvania",2122,266,534,140,1566,313,0,81,22,35,0,81,0,81,0,81,0,81,0,81
1400000US42101009802,42101009802,"Census Tract 98.02, Philadelphia County, Pennsylvania",5753,474,655,199,4821,479,0,81,105,85,0,81,47,78,125,112,0,81,125,112
1400000US42101010000,42101010000,"Census Tract 100, Philadelphia County, Pennsylvania",5067,529,643,258,4330,528,0,81,57,86,0,81,15,27,22,26,0,81,22,26
1400000US42101010100,42101010100,"Census Tract 101, Philadelphia County, Pennsylvania",5021,800,32,46,4890,764,0,81,0,81,0,81,72,89,27,45,0,81,27,45
1400000US42101010200,42101010200,"Census Tract 102, Philadelphia County, Pennsylvania",2734,499,11,17,2669,505,19,24,0,81,0,81,0,81,35,30,0,81,35,30
1400000US42101010300,42101010300,"Census Tract 103, Philadelphia County, Pennsylvania",2436,371,24,41,2412,362,0,81,0,81,0,81,0,81,0,81,0,81,0,81
1400000US42101010400,42101010400,"Census Tract 104, Philadelphia County, Pennsylvania",3001,502,46,85,2947,465,0,81,8,14,0,81,0,81,0,81,0,81,0,81
1400000US42101010500,42101010500,"Census Tract 105, Philadelphia County, Pennsylvania",3677,554,176,140,3384,506,0,81,0,81,0,81,29,33,88,60,8,14,80,60
1400000US42101010600,42101010600,"Census Tract 106, Philadelphia County, Pennsylvania",1299,275,49,44,1202,272,0,81,17,25,0,81,0,81,31,33,19,27,12,20
1400000US42101010700,42101010700,"Census Tract 107, Philadelphia County, Pennsylvania",3815,622,169,142,3618,617,0,81,15,18,0,81,13,48,0,81,0,81,0,81
1400000US42101010800,42101010800,"Census Tract 108, Philadelphia County, Pennsylvania",3543,557,162,86,3341,565,0,81,17,26,0,81,13,22,10,17,0,81,10,17
1400000US42101010900,42101010900,"Census Tract 109, Philadelphia County, Pennsylvania",2060,346,169,117,1833,327,0,81,43,52,0,81,15,23,0,81,0,81,0,81
1400000US42101011000,42101011000,"Census Tract 110, Philadelphia County, Pennsylvania",3410,508,64,64,3326,496,0,81,0,81,0,81,20,34,0,81,0,81,0,81
1400000US42101011100,42101011100,"Census Tract 111, Philadelphia County, Pennsylvania",3540,471,49,34,3395,465,0,81,43,63,0,81,0,81,53,77,53,77,0,81
1400000US42101011200,42101011200,"Census Tract 112, Philadelphia County, Pennsylvania",5689,1012,51,42,5113,890,29,41,1,3,0,81,308,499,187,189,100,159,87,108
1400000US42101011300,42101011300,"Census Tract 113, Philadelphia County, Pennsylvania",3275,510,30,56,3245,514,0,81,0,81,0,81,0,81,0,81,0,81,0,81
1400000US42101011400,42101011400,"Census Tract 114, Philadelphia County, Pennsylvania",7386,752,43,47,7203,750,25,39,76,123,0,81,0,81,39,47,23,37,16,30
1400000US42101011500,42101011500,"Census Tract 115, Philadelphia County, Pennsylvania",4305,437,611,226,3535,499,0,81,90,111,0,81,0,81,69,65,0,81,69,65
1400000US42101011700,42101011700,"Census Tract 117, Philadelphia County, Pennsylvania",2430,655,1556,553,643,107,37,62,136,144,2,4,38,42,18,22,6,12,12,18
1400000US42101011800,42101011800,"Census Tract 118, Philadelphia County, Pennsylvania",6532,592,96,88,5969,694,0,81,240,275,0,81,75,121,152,200,19,29,133,200
1400000US42101011900,42101011900,"Census Tract 119, Philadelphia County, Pennsylvania",5417,819,149,86,4843,843,0,81,21,34,0,81,112,174,292,251,18,39,274,249
1400000US42101012000,42101012000,"Census Tract 120, Philadelphia County, Pennsylvania",1811,258,622,201,1044,199,4,11,40,58,0,81,37,42,64,40,10,17,54,37
1400000US42101012100,42101012100,"Census Tract 121, Philadelphia County, Pennsylvania",2927,341,622,183,2058,335,9,15,82,64,0,81,146,157,10,17,10,17,0,81
1400000US42101012201,42101012201,"Census Tract 122.01, Philadelphia County, Pennsylvania",2924,341,1138,271,1049,248,0,81,464,269,0,81,29,54,244,117,31,50,213,124
1400000US42101012203,42101012203,"Census Tract 122.03, Philadelphia County, Pennsylvania",1326,232,735,218,352,187,13,24,188,104,0,81,0,81,38,41,0,81,38,41
1400000US42101012204,42101012204,"Census Tract 122.04, Philadelphia County, Pennsylvania",3667,537,946,232,2419,510,15,25,234,220,0,81,0,81,53,51,0,81,53,51
1400000US42101012500,42101012500,"Census Tract 125, Philadelphia County, Pennsylvania",4154,419,2811,387,406,177,0,81,781,206,0,81,82,77,74,55,0,81,74,55
1400000US42101013100,42101013100,"Census Tract 131, Philadelphia County, Pennsylvania",1446,186,274,123,1069,226,0,81,42,40,0,81,0,81,61,52,0,81,61,52
1400000US42101013200,42101013200,"Census Tract 132, Philadelphia County, Pennsylvania",2722,612,300,163,2269,529,0,81,139,173,0,81,14,15,0,81,0,81,0,81
1400000US42101013300,42101013300,"Census Tract 133, Philadelphia County, Pennsylvania",2761,493,1542,398,952,298,0,81,101,66,0,81,89,96,77,99,12,19,65,97
1400000US42101013401,42101013401,"Census Tract 134.01, Philadelphia County, Pennsylvania",2254,193,2067,224,77,83,33,52,71,83,0,81,6,11,0,81,0,81,0,81
1400000US42101013402,42101013402,"Census Tract 134.02, Philadelphia County, Pennsylvania",2966,360,2156,362,475,342,25,38,221,157,0,81,70,82,19,30,0,81,19,30
1400000US42101013500,42101013500,"Census Tract 135, Philadelphia County, Pennsylvania",3553,363,1704,259,1653,326,0,81,84,49,0,81,41,54,71,85,0,81,71,85
1400000US42101013601,42101013601,"Census Tract 136.01, Philadelphia County, Pennsylvania",2250,274,1894,194,217,212,0,81,96,71,0,81,0,81,43,42,19,31,24,27
1400000US42101013602,42101013602,"Census Tract 136.02, Philadelphia County, Pennsylvania",3790,460,3557,453,31,27,0,81,84,82,0,81,61,55,57,63,38,61,19,23
1400000US42101013700,42101013700,"Census Tract 137, Philadelphia County, Pennsylvania",4462,622,550,223,3869,593,0,81,0,81,0,81,0,81,43,50,0,81,43,50
1400000US42101013800,42101013800,"Census Tract 138, Philadelphia County, Pennsylvania",1840,217,74,67,1662,233,9,20,0,81,0,81,0,81,95,75,0,81,95,75
1400000US42101013900,42101013900,"Census Tract 139, Philadelphia County, Pennsylvania",3333,676,285,124,2895,633,20,25,7,20,0,81,63,71,63,64,0,81,63,64
1400000US42101014000,42101014000,"Census Tract 140, Philadelphia County, Pennsylvania",2791,501,793,358,1914,420,0,81,18,25,0,81,66,56,0,81,0,81,0,81
1400000US42101014100,42101014100,"Census Tract 141, Philadelphia County, Pennsylvania",1806,372,375,199,1271,312,0,81,56,51,0,81,20,32,84,84,0,81,84,84
1400000US42101014200,42101014200,"Census Tract 142, Philadelphia County, Pennsylvania",3182,292,2472,313,327,151,0,81,118,104,0,81,127,144,138,74,25,28,113,70
1400000US42101014300,42101014300,"Census Tract 143, Philadelphia County, Pennsylvania",1420,167,1265,146,71,50,0,81,21,21,0,81,22,35,41,43,0,81,41,43
1400000US42101014400,42101014400,"Census Tract 144, Philadelphia County, Pennsylvania",2661,465,1566,585,294,210,50,72,234,278,0,81,335,211,182,134,42,62,140,98
1400000US42101014500,42101014500,"Census Tract 145, Philadelphia County, Pennsylvania",1719,298,182,135,1310,243,10,15,11,19,0,81,202,176,4,10,0,81,4,10
1400000US42101014600,42101014600,"Census Tract 146, Philadelphia County, Pennsylvania",2751,948,633,597,1899,330,25,38,110,122,0,81,34,51,50,56,0,81,50,56
1400000US42101014700,42101014700,"Census Tract 147, Philadelphia County, Pennsylvania",3490,601,1257,382,2091,421,20,30,106,82,0,81,16,19,0,81,0,81,0,81
1400000US42101014800,42101014800,"Census Tract 148, Philadelphia County, Pennsylvania",578,168,148,148,401,117,0,81,0,81,0,81,25,42,4,6,0,81,4,6
1400000US42101014900,42101014900,"Census Tract 149, Philadelphia County, Pennsylvania",2660,522,121,89,2446,472,26,42,52,80,0,81,0,81,15,17,6,10,9,14
1400000US42101015101,42101015101,"Census Tract 151.01, Philadelphia County, Pennsylvania",2398,607,88,85,2198,648,0,81,0,81,0,81,32,43,80,97,0,81,80,97
1400000US42101015102,42101015102,"Census Tract 151.02, Philadelphia County, Pennsylvania",4858,547,44,45,4780,538,11,18,0,81,0,81,23,25,0,81,0,81,0,81
1400000US42101015200,42101015200,"Census Tract 152, Philadelphia County, Pennsylvania",6444,870,507,368,5823,914,0,81,0,81,0,81,30,51,84,80,0,81,84,80
1400000US42101015300,42101015300,"Census Tract 153, Philadelphia County, Pennsylvania",3905,553,1771,533,1942,290,0,81,110,95,0,81,2,4,80,67,21,35,59,58
1400000US42101015600,42101015600,"Census Tract 156, Philadelphia County, Pennsylvania",1784,362,681,291,374,173,10,16,0,81,0,81,635,384,84,114,28,43,56,108
1400000US42101015700,42101015700,"Census Tract 157, Philadelphia County, Pennsylvania",3191,476,1683,440,423,356,135,125,170,253,0,81,756,283,24,28,16,24,8,13
1400000US42101015800,42101015800,"Census Tract 158, Philadelphia County, Pennsylvania",5473,598,5210,599,70,96,0,81,103,105,0,81,50,70,40,47,0,81,40,47
1400000US42101016000,42101016000,"Census Tract 160, Philadelphia County, Pennsylvania",6682,626,6289,645,25,32,43,58,236,170,0,81,70,49,19,31,0,81,19,31
1400000US42101016100,42101016100,"Census Tract 161, Philadelphia County, Pennsylvania",5107,542,2239,374,785,302,0,81,920,275,23,37,1120,432,20,23,9,14,11,17
1400000US42101016200,42101016200,"Census Tract 162, Philadelphia County, Pennsylvania",1877,271,656,198,859,297,0,81,0,81,0,81,218,107,144,110,91,93,53,70
1400000US42101016300,42101016300,"Census Tract 163, Philadelphia County, Pennsylvania",3084,584,890,375,822,451,0,81,220,273,0,81,1112,308,40,35,36,34,4,7
1400000US42101016400,42101016400,"Census Tract 164, Philadelphia County, Pennsylvania",4669,703,1146,342,2185,524,13,20,40,127,0,81,1032,467,253,275,16,25,237,276
1400000US42101016500,42101016500,"Census Tract 165, Philadelphia County, Pennsylvania",2099,354,81,72,1830,324,0,81,0,81,0,81,36,65,152,111,34,51,118,97
1400000US42101016600,42101016600,"Census Tract 166, Philadelphia County, Pennsylvania",1433,305,121,88,1277,300,0,81,0,81,0,81,8,13,27,49,0,81,27,49
1400000US42101016701,42101016701,"Census Tract 167.01, Philadelphia County, Pennsylvania",2372,373,25,29,2336,374,11,19,0,81,0,81,0,81,0,81,0,81,0,81
1400000US42101016702,42101016702,"Census Tract 167.02, Philadelphia County, Pennsylvania",3315,849,215,226,3100,853,0,81,0,81,0,81,0,81,0,81,0,81,0,81
1400000US42101016800,42101016800,"Census Tract 168, Philadelphia County, Pennsylvania",4034,396,211,206,3768,368,0,81,0,81,0,81,0,81,55,80,0,81,55,80
1400000US42101016901,42101016901,"Census Tract 169.01, Philadelphia County, Pennsylvania",3664,578,117,96,3508,568,0,81,39,65,0,81,0,81,0,81,0,81,0,81
1400000US42101016902,42101016902,"Census Tract 169.02, Philadelphia County, Pennsylvania",5248,613,140,180,4757,657,0,81,0,81,0,81,1,4,350,311,0,81,350,311
1400000US42101017000,42101017000,"Census Tract 170, Philadelphia County, Pennsylvania",2766,444,620,225,2028,373,0,81,68,71,0,81,47,62,3,6,0,81,3,6
1400000US42101017100,42101017100,"Census Tract 171, Philadelphia County, Pennsylvania",4058,494,181,101,3779,554,31,25,0,81,0,81,34,54,33,53,33,53,0,81
1400000US42101017201,42101017201,"Census Tract 172.01, Philadelphia County, Pennsylvania",3456,608,0,81,3408,603,0,81,0,81,0,81,35,64,13,22,0,81,13,22
1400000US42101017202,42101017202,"Census Tract 172.02, Philadelphia County, Pennsylvania",3762,710,12,22,3735,711,0,81,0,81,0,81,0,81,15,26,0,81,15,26
1400000US42101017300,42101017300,"Census Tract 173, Philadelphia County, Pennsylvania",3472,558,47,44,3349,547,0,81,0,81,0,81,29,36,47,49,0,81,47,49
1400000US42101017400,42101017400,"Census Tract 174, Philadelphia County, Pennsylvania",2194,394,19,23,2059,383,0,81,0,81,0,81,0,81,116,97,21,37,95,94
1400000US42101017500,42101017500,"Census Tract 175, Philadelphia County, Pennsylvania",7057,783,1972,586,2619,703,0,81,0,81,0,81,2338,765,128,122,111,118,17,26
1400000US42101017601,42101017601,"Census Tract 176.01, Philadelphia County, Pennsylvania",5434,721,1551,321,1158,477,20,24,0,81,0,81,2525,662,180,169,60,57,120,164
1400000US42101017602,42101017602,"Census Tract 176.02, Philadelphia County, Pennsylvania",3874,537,1097,360,446,175,29,68,37,46,0,81,2132,495,133,95,70,65,63,69
1400000US42101017701,42101017701,"Census Tract 177.01, Philadelphia County, Pennsylvania",3666,605,955,358,859,297,0,81,241,227,0,81,1442,490,169,156,100,125,69,80
1400000US42101017702,42101017702,"Census Tract 177.02, Philadelphia County, Pennsylvania",6413,880,1597,588,1344,463,8,14,65,96,0,81,2729,964,670,576,179,105,491,574
1400000US42101017800,42101017800,"Census Tract 178, Philadelphia County, Pennsylvania",6579,871,1877,461,1607,589,50,74,341,279,0,81,2267,607,437,278,108,131,329,250
1400000US42101017900,42101017900,"Census Tract 179, Philadelphia County, Pennsylvania",5456,796,3271,510,1345,540,0,81,58,107,0,81,566,461,216,156,101,121,115,100
1400000US42101018001,42101018001,"Census Tract 180.01, Philadelphia County, Pennsylvania",2181,538,2181,538,0,81,0,81,0,81,0,81,0,81,0,81,0,81,0,81
1400000US42101018002,42101018002,"Census Tract 180.02, Philadelphia County, Pennsylvania",5139,631,4639,547,8,18,0,81,41,47,0,81,27,38,424,417,341,419,83,99
1400000US42101018300,42101018300,"Census Tract 183, Philadelphia County, Pennsylvania",4297,391,4008,419,278,416,0,81,11,19,0,81,0,81,0,81,0,81,0,81
1400000US42101018400,42101018400,"Census Tract 184, Philadelphia County, Pennsylvania",2052,205,1962,193,1,3,0,81,0,81,0,81,32,50,57,57,0,81,57,57
1400000US42101018800,42101018800,"Census Tract 188, Philadelphia County, Pennsylvania",8165,1158,3259,763,2223,673,0,81,100,115,0,81,2262,806,321,267,116,135,205,230
1400000US42101019000,42101019000,"Census Tract 190, Philadelphia County, Pennsylvania",7876,911,2410,555,2427,848,0,81,697,454,7,13,1907,648,428,368,139,152,289,284
1400000US42101019100,42101019100,"Census Tract 191, Philadelphia County, Pennsylvania",7540,822,2485,478,1001,476,6,10,994,367,0,81,2912,765,142,150,30,51,112,140
1400000US42101019200,42101019200,"Census Tract 192, Philadelphia County, Pennsylvania",9012,1077,2619,655,2025,644,0,81,218,336,0,81,3746,1099,404,325,267,298,137,128
1400000US42101019501,42101019501,"Census Tract 195.01, Philadelphia County, Pennsylvania",4189,644,913,353,514,291,51,81,0,81,0,81,2485,641,226,149,105,101,121,115
1400000US42101019502,42101019502,"Census Tract 195.02, Philadelphia County, Pennsylvania",3596,588,1575,636,601,313,0,81,0,81,0,81,1395,404,25,37,0,81,25,37
1400000US42101019700,42101019700,"Census Tract 197, Philadelphia County, Pennsylvania",7812,953,964,352,3070,909,15,22,116,146,0,81,3434,648,213,167,89,84,124,129
1400000US42101019800,42101019800,"Census Tract 198, Philadelphia County, Pennsylvania",5681,555,670,212,1870,338,15,22,169,135,0,81,2797,554,160,96,73,76,87,76
1400000US42101019900,42101019900,"Census Tract 199, Philadelphia County, Pennsylvania",4756,666,768,312,1800,498,0,81,13,20,0,81,2081,654,94,75,54,62,40,41
1400000US42101020000,42101020000,"Census Tract 200, Philadelphia County, Pennsylvania",1271,222,149,93,992,220,0,81,95,87,0,81,19,24,16,17,8,12,8,12
1400000US42101020101,42101020101,"Census Tract 201.01, Philadelphia County, Pennsylvania",4050,792,45,36,3999,792,0,81,0,81,0,81,6,11,0,81,0,81,0,81
1400000US42101020102,42101020102,"Census Tract 201.02, Philadelphia County, Pennsylvania",2986,454,172,232,2814,404,0,81,0,81,0,81,0,81,0,81,0,81,0,81
1400000US42101020200,42101020200,"Census Tract 202, Philadelphia County, Pennsylvania",4965,604,163,98,4747,602,0,81,17,39,0,81,38,63,0,81,0,81,0,81
1400000US42101020300,42101020300,"Census Tract 203, Philadelphia County, Pennsylvania",2877,463,88,64,2659,453,0,81,1,2,0,81,94,119,35,42,0,81,35,42
1400000US42101020400,42101020400,"Census Tract 204, Philadelphia County, Pennsylvania",2821,514,23,28,2694,473,0,81,0,81,0,81,104,148,0,81,0,81,0,81
1400000US42101020500,42101020500,"Census Tract 205, Philadelphia County, Pennsylvania",3120,487,64,45,2811,471,69,71,146,95,14,24,4,11,12,19,0,81,12,19
1400000US42101020600,42101020600,"Census Tract 206, Philadelphia County, Pennsylvania",1985,258,1117,282,697,237,0,81,89,88,0,81,53,69,29,28,0,81,29,28
1400000US42101020700,42101020700,"Census Tract 207, Philadelphia County, Pennsylvania",6031,582,4996,614,700,172,0,81,223,129,0,81,55,65,57,60,0,81,57,60
1400000US42101020800,42101020800,"Census Tract 208, Philadelphia County, Pennsylvania",2291,343,1159,224,725,261,0,81,243,104,0,81,124,151,40,41,0,81,40,41
1400000US42101020900,42101020900,"Census Tract 209, Philadelphia County, Pennsylvania",3029,492,2635,523,184,131,0,81,158,142,0,81,10,18,42,37,12,21,30,32
1400000US42101021000,42101021000,"Census Tract 210, Philadelphia County, Pennsylvania",4457,663,4061,601,280,284,0,81,33,32,0,81,0,81,83,82,47,70,36,45
1400000US42101021100,42101021100,"Census Tract 211, Philadelphia County, Pennsylvania",2285,292,2180,308,76,78,0,81,28,32,0,81,1,3,0,81,0,81,0,81
1400000US42101021200,42101021200,"Census Tract 212, Philadelphia County, Pennsylvania",2326,344,1931,244,102,88,38,55,92,61,0,81,103,163,60,55,0,81,60,55
1400000US42101021300,42101021300,"Census Tract 213, Philadelphia County, Pennsylvania",3083,335,2801,345,218,189,0,81,15,22,0,81,35,40,14,22,0,81,14,22
1400000US42101021400,42101021400,"Census Tract 214, Philadelphia County, Pennsylvania",3118,435,2730,439,360,220,6,9,0,81,0,81,9,20,13,20,13,20,0,81
1400000US42101021500,42101021500,"Census Tract 215, Philadelphia County, Pennsylvania",3431,311,3002,347,100,70,16,26,196,106,0,81,36,37,81,68,0,81,81,68
1400000US42101021600,42101021600,"Census Tract 216, Philadelphia County, Pennsylvania",1655,156,1495,171,113,76,4,42,6,11,0,81,5,18,32,31,0,81,32,31
1400000US42101021700,42101021700,"Census Tract 217, Philadelphia County, Pennsylvania",6099,491,5327,555,441,294,0,81,160,155,0,81,22,33,149,129,23,34,126,122
1400000US42101021800,42101021800,"Census Tract 218, Philadelphia County, Pennsylvania",4352,546,3588,574,417,187,0,81,231,169,0,81,45,72,71,100,0,81,71,100
1400000US42101021900,42101021900,"Census Tract 219, Philadelphia County, Pennsylvania",1272,174,1106,157,146,95,20,42,0,81,0,81,0,81,0,81,0,81,0,81
1400000US42101022000,42101022000,"Census Tract 220, Philadelphia County, Pennsylvania",1596,183,1226,192,231,146,0,81,16,21,0,81,66,97,57,52,0,81,57,52
1400000US42101023100,42101023100,"Census Tract 231, Philadelphia County, Pennsylvania",1177,119,1076,127,6,12,0,81,81,78,0,81,0,81,14,27,0,81,14,27
1400000US42101023500,42101023500,"Census Tract 235, Philadelphia County, Pennsylvania",1119,170,540,117,447,139,0,81,59,65,0,81,1,2,72,66,0,81,72,66
1400000US42101023600,42101023600,"Census Tract 236, Philadelphia County, Pennsylvania",2898,356,1757,261,1001,395,0,81,23,26,0,81,81,58,36,39,0,81,36,39
1400000US42101023700,42101023700,"Census Tract 237, Philadelphia County, Pennsylvania",4861,561,1590,396,2716,597,0,81,131,99,0,81,80,95,344,250,0,81,344,250
1400000US42101023800,42101023800,"Census Tract 238, Philadelphia County, Pennsylvania",4447,554,1374,272,2790,535,12,20,49,70,0,81,48,56,174,117,19,32,155,113
1400000US42101023900,42101023900,"Census Tract 239, Philadelphia County, Pennsylvania",1628,205,360,108,1115,207,0,81,31,44,0,81,64,66,58,64,0,81,58,64
1400000US42101024000,42101024000,"Census Tract 240, Philadelphia County, Pennsylvania",3827,511,1577,425,1997,351,0,81,107,82,0,81,89,124,57,45,0,81,57,45
1400000US42101024100,42101024100,"Census Tract 241, Philadelphia County, Pennsylvania",959,187,245,109,671,155,15,20,7,17,0,81,8,17,13,20,13,20,0,81
1400000US42101024200,42101024200,"Census Tract 242, Philadelphia County, Pennsylvania",4073,574,444,232,3574,553,0,81,0,81,0,81,42,64,13,20,0,81,13,20
1400000US42101024300,42101024300,"Census Tract 243, Philadelphia County, Pennsylvania",4870,826,429,139,4391,812,0,81,22,40,0,81,18,25,10,15,0,81,10,15
1400000US42101024400,42101024400,"Census Tract 244, Philadelphia County, Pennsylvania",3543,744,259,202,3238,740,0,81,0,81,0,81,12,29,34,27,0,81,34,27
1400000US42101024500,42101024500,"Census Tract 245, Philadelphia County, Pennsylvania",3526,573,215,130,3268,628,0,81,14,19,0,81,10,15,19,28,19,28,0,81
1400000US42101024600,42101024600,"Census Tract 246, Philadelphia County, Pennsylvania",3124,535,322,221,2730,514,4,8,3,8,0,81,39,57,26,43,0,81,26,43
1400000US42101024700,42101024700,"Census Tract 247, Philadelphia County, Pennsylvania",4556,681,411,213,4086,599,0,81,0,81,0,81,0,81,59,54,0,81,59,54
1400000US42101024800,42101024800,"Census Tract 248, Philadelphia County, Pennsylvania",2167,390,9,17,2119,407,21,39,0,81,0,81,0,81,18,26,0,81,18,26
1400000US42101024900,42101024900,"Census Tract 249, Philadelphia County, Pennsylvania",3406,695,0,81,3379,694,0,81,0,81,0,81,0,81,27,32,0,81,27,32
1400000US42101025200,42101025200,"Census Tract 252, Philadelphia County, Pennsylvania",7287,1218,411,168,6693,1243,15,23,3,7,0,81,26,40,139,136,3,7,136,136
1400000US42101025300,42101025300,"Census Tract 253, Philadelphia County, Pennsylvania",3649,616,218,113,3416,641,0,81,0,81,0,81,0,81,15,22,0,81,15,22
1400000US42101025400,42101025400,"Census Tract 254, Philadelphia County, Pennsylvania",4177,516,341,162,3466,488,0,81,52,54,0,81,36,39,282,146,29,44,253,141
1400000US42101025500,42101025500,"Census Tract 255, Philadelphia County, Pennsylvania",2537,319,777,213,1667,364,0,81,0,81,0,81,16,25,77,50,0,81,77,50
1400000US42101025600,42101025600,"Census Tract 256, Philadelphia County, Pennsylvania",2626,274,1326,213,1026,271,0,81,65,51,0,81,58,70,151,94,16,25,135,101
1400000US42101025700,42101025700,"Census Tract 257, Philadelphia County, Pennsylvania",3319,277,2209,266,1021,298,6,10,44,46,0,81,0,81,39,41,0,81,39,41
1400000US42101025800,42101025800,"Census Tract 258, Philadelphia County, Pennsylvania",1695,178,25,31,1670,175,0,81,0,81,0,81,0,81,0,81,0,81,0,81
1400000US42101025900,42101025900,"Census Tract 259, Philadelphia County, Pennsylvania",4526,535,211,143,4148,573,0,81,94,84,0,81,0,81,73,74,0,81,73,74
1400000US42101026000,42101026000,"Census Tract 260, Philadelphia County, Pennsylvania",2752,411,95,86,2578,381,0,81,0,81,0,81,0,81,79,74,23,39,56,62
1400000US42101026100,42101026100,"Census Tract 261, Philadelphia County, Pennsylvania",3003,388,5,7,2936,383,1,3,1,3,0,81,0,81,60,61,0,81,60,61
1400000US42101026200,42101026200,"Census Tract 262, Philadelphia County, Pennsylvania",4333,486,94,94,4171,462,0,81,0,81,0,81,11,18,57,52,9,14,48,42
1400000US42101026301,42101026301,"Census Tract 263.01, Philadelphia County, Pennsylvania",3996,364,72,53,3856,369,0,81,0,81,0,81,0,81,68,69,0,81,68,69
1400000US42101026302,42101026302,"Census Tract 263.02, Philadelphia County, Pennsylvania",4834,848,276,178,4332,857,0,81,49,54,0,81,0,81,177,200,0,81,177,200
1400000US42101026400,42101026400,"Census Tract 264, Philadelphia County, Pennsylvania",5445,720,177,111,5255,732,0,81,12,21,0,81,1,2,0,81,0,81,0,81
1400000US42101026500,42101026500,"Census Tract 265, Philadelphia County, Pennsylvania",4562,725,103,74,4392,717,0,81,0,81,0,81,22,26,45,54,0,81,45,54
1400000US42101026600,42101026600,"Census Tract 266, Philadelphia County, Pennsylvania",6419,756,124,121,6164,775,16,26,0,81,0,81,36,59,79,69,0,81,79,69
1400000US42101026700,42101026700,"Census Tract 267, Philadelphia County, Pennsylvania",6893,947,280,294,6344,718,0,81,24,40,0,81,0,81,245,386,0,81,245,386
1400000US42101026800,42101026800,"Census Tract 268, Philadelphia County, Pennsylvania",5023,520,214,133,4384,562,0,81,142,99,0,81,129,119,154,102,10,15,144,105
1400000US42101026900,42101026900,"Census Tract 269, Philadelphia County, Pennsylvania",2097,321,544,137,1216,294,0,81,91,108,0,81,88,78,158,204,10,30,148,204
1400000US42101027000,42101027000,"Census Tract 270, Philadelphia County, Pennsylvania",2409,418,420,246,1674,434,0,81,172,136,0,81,143,223,0,81,0,81,0,81
1400000US42101027100,42101027100,"Census Tract 271, Philadelphia County, Pennsylvania",2633,285,428,156,1119,311,0,81,742,285,0,81,239,193,105,154,0,81,105,154
1400000US42101027200,42101027200,"Census Tract 272, Philadelphia County, Pennsylvania",4773,374,438,170,3735,398,11,16,507,302,0,81,46,60,36,31,28,27,8,14
1400000US42101027300,42101027300,"Census Tract 273, Philadelphia County, Pennsylvania",6890,758,980,362,3363,554,0,81,2025,582,0,81,441,287,81,89,0,81,81,89
1400000US42101027401,42101027401,"Census Tract 274.01, Philadelphia County, Pennsylvania",2960,389,339,199,1407,386,0,81,861,304,0,81,231,176,122,144,0,81,122,144
1400000US42101027402,42101027402,"Census Tract 274.02, Philadelphia County, Pennsylvania",7063,715,857,266,4294,868,130,194,1037,649,0,81,491,317,254,184,37,45,217,175
1400000US42101027500,42101027500,"Census Tract 275, Philadelphia County, Pennsylvania",4522,511,504,192,3429,472,6,10,368,240,0,81,140,130,75,120,0,81,75,120
1400000US42101027600,42101027600,"Census Tract 276, Philadelphia County, Pennsylvania",4082,484,84,70,3755,473,0,81,0,81,0,81,8,14,235,209,0,81,235,209
1400000US42101027700,42101027700,"Census Tract 277, Philadelphia County, Pennsylvania",4274,698,204,262,3807,686,29,32,120,74,12,25,0,81,102,88,0,81,102,88
1400000US42101027800,42101027800,"Census Tract 278, Philadelphia County, Pennsylvania",5163,828,70,53,5053,827,40,60,0,81,0,81,0,81,0,81,0,81,0,81
1400000US42101027901,42101027901,"Census Tract 279.01, Philadelphia County, Pennsylvania",4758,975,137,129,3911,735,14,21,75,89,0,81,604,985,17,28,0,81,17,28
1400000US42101027902,42101027902,"Census Tract 279.02, Philadelphia County, Pennsylvania",4238,894,2078,821,1657,344,0,81,103,66,0,81,174,142,226,221,0,81,226,221
1400000US42101028000,42101028000,"Census Tract 280, Philadelphia County, Pennsylvania",4843,592,105,80,4668,601,8,12,0,81,0,81,0,81,62,105,62,105,0,81
1400000US42101028100,42101028100,"Census Tract 281, Philadelphia County, Pennsylvania",3552,401,131,103,3217,428,0,81,45,49,0,81,11,18,148,196,0,81,148,196
1400000US42101028200,42101028200,"Census Tract 282, Philadelphia County, Pennsylvania",4995,469,286,227,4254,538,19,24,304,192,0,81,57,64,75,64,1,4,74,64
1400000US42101028300,42101028300,"Census Tract 283, Philadelphia County, Pennsylvania",6390,811,189,217,5618,737,0,81,273,194,0,81,4,10,306,251,127,204,179,157
1400000US42101028400,42101028400,"Census Tract 284, Philadelphia County, Pennsylvania",4594,702,443,334,3583,601,0,81,47,52,0,81,483,336,38,46,0,81,38,46
1400000US42101028500,42101028500,"Census Tract 285, Philadelphia County, Pennsylvania",2464,346,349,176,1026,321,14,30,282,151,0,81,793,289,0,81,0,81,0,81
1400000US42101028600,42101028600,"Census Tract 286, Philadelphia County, Pennsylvania",6707,823,1217,451,3214,520,49,83,693,399,0,81,1150,617,384,375,272,345,112,147
1400000US42101028700,42101028700,"Census Tract 287, Philadelphia County, Pennsylvania",2402,340,377,183,562,162,35,36,0,81,0,81,1309,317,119,93,89,76,30,36
1400000US42101028800,42101028800,"Census Tract 288, Philadelphia County, Pennsylvania",4822,507,1236,319,782,237,0,81,326,125,0,81,2225,562,253,177,127,133,126,112
1400000US42101028901,42101028901,"Census Tract 289.01, Philadelphia County, Pennsylvania",3747,598,493,267,1339,501,0,81,254,270,0,81,1661,437,0,81,0,81,0,81
1400000US42101028902,42101028902,"Census Tract 289.02, Philadelphia County, Pennsylvania",6821,1024,1928,567,2203,795,0,81,357,297,59,109,2191,760,83,83,33,55,50,58
1400000US42101029000,42101029000,"Census Tract 290, Philadelphia County, Pennsylvania",6198,639,843,273,2262,315,0,81,1264,295,0,81,1670,588,159,146,0,81,159,146
1400000US42101029100,42101029100,"Census Tract 291, Philadelphia County, Pennsylvania",3965,517,896,357,1754,481,0,81,927,293,0,81,263,174,125,96,70,81,55,54
1400000US42101029200,42101029200,"Census Tract 292, Philadelphia County, Pennsylvania",3815,329,1086,317,1792,416,12,16,387,273,0,81,358,227,180,109,44,42,136,88
1400000US42101029300,42101029300,"Census Tract 293, Philadelphia County, Pennsylvania",2548,525,981,375,864,338,17,26,59,82,0,81,621,177,6,10,0,81,6,10
1400000US42101029400,42101029400,"Census Tract 294, Philadelphia County, Pennsylvania",3488,483,1244,422,1610,454,6,11,8,18,0,81,612,269,8,18,0,81,8,18
1400000US42101029800,42101029800,"Census Tract 298, Philadelphia County, Pennsylvania",4615,516,2287,316,1550,417,0,81,127,130,0,81,576,355,75,68,33,40,42,60
1400000US42101029900,42101029900,"Census Tract 299, Philadelphia County, Pennsylvania",4398,566,1452,372,2165,400,27,43,80,99,0,81,515,281,159,136,76,85,83,90
1400000US42101030000,42101030000,"Census Tract 300, Philadelphia County, Pennsylvania",7704,774,1556,520,4667,802,54,88,223,186,0,81,633,301,571,351,265,210,306,279
1400000US42101030100,42101030100,"Census Tract 301, Philadelphia County, Pennsylvania",5366,688,1917,534,2434,579,0,81,0,81,0,81,644,407,371,231,139,122,232,177
1400000US42101030200,42101030200,"Census Tract 302, Philadelphia County, Pennsylvania",7261,685,2102,500,2549,617,0,81,284,248,0,81,1785,590,541,278,105,124,436,263
1400000US42101030501,42101030501,"Census Tract 305.01, Philadelphia County, Pennsylvania",4867,882,978,307,2804,742,0,81,403,494,0,81,616,423,66,68,0,81,66,68
1400000US42101030502,42101030502,"Census Tract 305.02, Philadelphia County, Pennsylvania",6554,627,1713,615,3580,663,0,81,506,192,0,81,397,274,358,267,0,81,358,267
1400000US42101030600,42101030600,"Census Tract 306, Philadelphia County, Pennsylvania",6887,704,3025,491,1828,684,40,61,984,480,0,81,978,313,32,54,0,81,32,54
1400000US42101030700,42101030700,"Census Tract 307, Philadelphia County, Pennsylvania",3886,544,2326,366,982,489,110,138,70,72,0,81,321,165,77,65,0,81,77,65
1400000US42101030800,42101030800,"Census Tract 308, Philadelphia County, Pennsylvania",4995,370,3110,394,859,351,0,81,561,156,0,81,0,81,465,327,14,21,451,330
1400000US42101030900,42101030900,"Census Tract 309, Philadelphia County, Pennsylvania",4412,492,1488,416,1405,479,83,92,668,164,0,81,611,355,157,139,58,58,99,130
1400000US42101031000,42101031000,"Census Tract 310, Philadelphia County, Pennsylvania",7278,688,3392,547,1539,472,85,115,1371,404,0,81,708,425,183,187,59,102,124,158
1400000US42101031101,42101031101,"Census Tract 311.01, Philadelphia County, Pennsylvania",4714,572,1575,430,1824,512,0,81,916,429,0,81,314,187,85,75,0,81,85,75
1400000US42101031102,42101031102,"Census Tract 311.02, Philadelphia County, Pennsylvania",4476,634,1488,814,2046,690,0,81,287,215,0,81,641,446,14,25,0,81,14,25
1400000US42101031200,42101031200,"Census Tract 312, Philadelphia County, Pennsylvania",4416,456,1546,407,1816,415,0,81,244,164,0,81,800,405,10,16,1,4,9,15
1400000US42101031300,42101031300,"Census Tract 313, Philadelphia County, Pennsylvania",7308,924,3501,707,1683,641,0,81,1398,365,0,81,502,415,224,177,0,81,224,177
1400000US42101031401,42101031401,"Census Tract 314.01, Philadelphia County, Pennsylvania",6570,779,2451,423,1940,543,121,179,1043,454,0,81,481,468,534,374,85,158,449,318
1400000US42101031402,42101031402,"Census Tract 314.02, Philadelphia County, Pennsylvania",5414,612,2755,499,1154,480,0,81,1322,366,0,81,48,62,135,150,18,29,117,148
1400000US42101031501,42101031501,"Census Tract 315.01, Philadelphia County, Pennsylvania",6128,365,5164,391,109,97,0,81,228,272,0,81,524,271,103,128,0,81,103,128
1400000US42101031502,42101031502,"Census Tract 315.02, Philadelphia County, Pennsylvania",3933,371,3146,417,390,226,0,81,143,161,0,81,225,248,29,47,0,81,29,47
1400000US42101031600,42101031600,"Census Tract 316, Philadelphia County, Pennsylvania",5873,463,4968,536,230,201,0,81,260,274,0,81,406,234,9,18,0,81,9,18
1400000US42101031700,42101031700,"Census Tract 317, Philadelphia County, Pennsylvania",6371,617,3838,444,1076,275,39,82,919,466,0,81,409,501,90,133,90,133,0,81
1400000US42101031800,42101031800,"Census Tract 318, Philadelphia County, Pennsylvania",3774,376,1490,282,1340,321,33,49,481,233,0,81,328,182,102,70,9,14,93,71
1400000US42101031900,42101031900,"Census Tract 319, Philadelphia County, Pennsylvania",4761,559,2714,592,1171,480,0,81,56,66,32,51,587,273,201,133,110,114,91,85
1400000US42101032000,42101032000,"Census Tract 320, Philadelphia County, Pennsylvania",6994,687,4677,713,1054,343,150,270,344,232,0,81,592,372,177,153,22,36,155,147
1400000US42101032100,42101032100,"Census Tract 321, Philadelphia County, Pennsylvania",4323,610,2857,489,1073,455,26,61,44,44,0,81,182,210,141,202,11,18,130,202
1400000US42101032300,42101032300,"Census Tract 323, Philadelphia County, Pennsylvania",3058,448,1940,354,756,301,26,39,75,118,0,81,163,144,98,90,12,19,86,87
1400000US42101032500,42101032500,"Census Tract 325, Philadelphia County, Pennsylvania",5579,629,4004,566,632,516,0,81,143,111,0,81,649,383,151,120,0,81,151,120
1400000US42101032600,42101032600,"Census Tract 326, Philadelphia County, Pennsylvania",6481,766,5154,753,1029,321,17,30,86,88,0,81,87,93,108,131,61,112,47,74
1400000US42101032900,42101032900,"Census Tract 329, Philadelphia County, Pennsylvania",4186,390,2527,319,821,287,0,81,340,298,0,81,248,195,250,108,125,97,125,94
1400000US42101033000,42101033000,"Census Tract 330, Philadelphia County, Pennsylvania",7991,819,6366,641,1007,653,0,81,0,81,0,81,351,234,267,217,15,25,252,215
1400000US42101033101,42101033101,"Census Tract 331.01, Philadelphia County, Pennsylvania",4843,356,4382,387,375,262,0,81,0,81,0,81,86,134,0,81,0,81,0,81
1400000US42101033102,42101033102,"Census Tract 331.02, Philadelphia County, Pennsylvania",4141,345,3607,346,385,253,0,81,93,142,0,81,56,68,0,81,0,81,0,81
1400000US42101033200,42101033200,"Census Tract 332, Philadelphia County, Pennsylvania",2705,302,2430,295,0,81,0,81,240,160,0,81,35,57,0,81,0,81,0,81
1400000US42101033300,42101033300,"Census Tract 333, Philadelphia County, Pennsylvania",4140,398,3450,415,348,176,0,81,214,115,0,81,83,74,45,49,0,81,45,49
1400000US42101033400,42101033400,"Census Tract 334, Philadelphia County, Pennsylvania",4659,409,3265,364,501,254,52,75,636,214,12,20,158,129,35,41,0,81,35,41
1400000US42101033500,42101033500,"Census Tract 335, Philadelphia County, Pennsylvania",3714,395,2677,459,413,236,0,81,381,135,7,14,174,189,62,48,9,16,53,43
1400000US42101033600,42101033600,"Census Tract 336, Philadelphia County, Pennsylvania",7086,637,5563,570,495,360,6,17,461,268,0,81,332,262,229,187,14,25,215,182
1400000US42101033701,42101033701,"Census Tract 337.01, Philadelphia County, Pennsylvania",4607,496,3771,496,67,65,11,19,397,281,0,81,263,289,98,154,98,154,0,81
1400000US42101033702,42101033702,"Census Tract 337.02, Philadelphia County, Pennsylvania",5286,334,4046,462,178,167,0,81,734,183,0,81,140,154,188,215,17,29,171,214
1400000US42101033800,42101033800,"Census Tract 338, Philadelphia County, Pennsylvania",6195,552,4817,452,582,325,0,81,113,126,0,81,497,235,186,190,65,56,121,182
1400000US42101033900,42101033900,"Census Tract 339, Philadelphia County, Pennsylvania",2983,307,2313,280,247,168,0,81,161,159,0,81,124,127,138,119,36,55,102,95
1400000US42101034000,42101034000,"Census Tract 340, Philadelphia County, Pennsylvania",3177,397,2275,286,219,135,0,81,406,304,0,81,268,400,9,14,0,81,9,14
1400000US42101034100,42101034100,"Census Tract 341, Philadelphia County, Pennsylvania",6231,584,5800,596,198,138,0,81,83,93,8,12,59,91,83,75,0,81,83,75
1400000US42101034200,42101034200,"Census Tract 342, Philadelphia County, Pennsylvania",3280,252,2817,325,297,207,0,81,135,149,0,81,0,81,31,39,21,35,10,16
1400000US42101034400,42101034400,"Census Tract 344, Philadelphia County, Pennsylvania",7799,705,6809,601,84,64,6,11,755,330,0,81,88,108,57,56,28,39,29,51
1400000US42101034501,42101034501,"Census Tract 345.01, Philadelphia County, Pennsylvania",3542,362,2514,445,247,227,13,21,448,322,0,81,274,244,46,57,32,51,14,22
1400000US42101034502,42101034502,"Census Tract 345.02, Philadelphia County, Pennsylvania",5273,602,3348,517,811,313,0,81,578,344,0,81,296,432,240,254,50,64,190,193
1400000US42101034600,42101034600,"Census Tract 346, Philadelphia County, Pennsylvania",2237,301,1278,246,648,245,66,107,121,138,0,81,84,88,40,45,0,81,40,45
1400000US42101034701,42101034701,"Census Tract 347.01, Philadelphia County, Pennsylvania",6471,603,4692,501,360,162,19,28,937,330,0,81,253,175,210,263,198,262,12,20
1400000US42101034702,42101034702,"Census Tract 347.02, Philadelphia County, Pennsylvania",4357,318,3855,405,103,85,0,81,311,262,0,81,26,30,62,66,35,55,27,36
1400000US42101034801,42101034801,"Census Tract 348.01, Philadelphia County, Pennsylvania",4123,368,3695,300,198,158,0,81,113,115,0,81,15,23,102,141,0,81,102,141
1400000US42101034802,42101034802,"Census Tract 348.02, Philadelphia County, Pennsylvania",5725,504,3762,462,1614,335,0,81,81,89,0,81,63,87,205,223,5,12,200,223
1400000US42101034803,42101034803,"Census Tract 348.03, Philadelphia County, Pennsylvania",4793,349,4183,383,256,212,0,81,214,158,0,81,54,93,86,86,0,81,86,86
1400000US42101034900,42101034900,"Census Tract 349, Philadelphia County, Pennsylvania",6408,591,4598,622,1150,350,54,66,270,131,0,81,291,239,45,50,0,81,45,50
1400000US42101035100,42101035100,"Census Tract 351, Philadelphia County, Pennsylvania",3572,329,3271,385,161,112,0,81,102,132,0,81,4,8,34,79,0,81,34,79
1400000US42101035200,42101035200,"Census Tract 352, Philadelphia County, Pennsylvania",4701,358,4167,446,108,91,0,81,418,222,0,81,0,81,8,13,0,81,8,13
1400000US42101035301,42101035301,"Census Tract 353.01, Philadelphia County, Pennsylvania",5745,299,5167,325,256,220,0,81,236,193,0,81,78,123,8,14,0,81,8,14
1400000US42101035302,42101035302,"Census Tract 353.02, Philadelphia County, Pennsylvania",4674,444,3792,417,489,294,0,81,75,69,0,81,234,253,84,133,0,81,84,133
1400000US42101035500,42101035500,"Census Tract 355, Philadelphia County, Pennsylvania",7512,530,6391,566,207,271,0,81,833,216,0,81,15,25,66,74,34,57,32,50
1400000US42101035601,42101035601,"Census Tract 356.01, Philadelphia County, Pennsylvania",5721,511,4734,323,374,461,0,81,521,150,0,81,72,90,20,25,0,81,20,25
1400000US42101035602,42101035602,"Census Tract 356.02, Philadelphia County, Pennsylvania",3570,263,2596,253,101,89,0,81,829,156,0,81,5,13,39,62,35,60,4,12
1400000US42101035701,42101035701,"Census Tract 357.01, Philadelphia County, Pennsylvania",5116,487,3198,578,247,169,6,11,1566,507,0,81,25,39,74,79,23,37,51,73
1400000US42101035702,42101035702,"Census Tract 357.02, Philadelphia County, Pennsylvania",3627,524,3049,493,64,109,0,81,488,293,0,81,0,81,26,43,0,81,26,43
1400000US42101035800,42101035800,"Census Tract 358, Philadelphia County, Pennsylvania",6331,391,5382,372,48,67,0,81,876,237,0,81,1,2,24,37,0,81,24,37
1400000US42101035900,42101035900,"Census Tract 359, Philadelphia County, Pennsylvania",5148,347,4275,352,258,188,0,81,511,231,0,81,24,45,80,77,0,81,80,77
1400000US42101036000,42101036000,"Census Tract 360, Philadelphia County, Pennsylvania",2890,358,2047,319,210,154,0,81,533,139,0,81,39,52,61,72,0,81,61,72
1400000US42101036100,42101036100,"Census Tract 361, Philadelphia County, Pennsylvania",4278,293,3052,300,799,335,0,81,58,60,0,81,236,200,133,126,0,81,133,126
1400000US42101036201,42101036201,"Census Tract 362.01, Philadelphia County, Pennsylvania",5007,312,4206,424,546,349,0,81,128,127,0,81,0,81,127,116,0,81,127,116
1400000US42101036202,42101036202,"Census Tract 362.02, Philadelphia County, Pennsylvania",6535,477,5255,501,502,336,0,81,352,178,0,81,331,421,95,110,0,81,95,110
1400000US42101036203,42101036203,"Census Tract 362.03, Philadelphia County, Pennsylvania",4608,405,4264,436,68,57,0,81,114,109,0,81,89,120,73,70,34,55,39,43
1400000US42101036301,42101036301,"Census Tract 363.01, Philadelphia County, Pennsylvania",3919,367,3423,308,85,66,0,81,205,144,0,81,113,112,93,101,61,94,32,41
1400000US42101036302,42101036302,"Census Tract 363.02, Philadelphia County, Pennsylvania",3493,422,2702,465,456,240,140,219,151,110,0,81,44,43,0,81,0,81,0,81
1400000US42101036303,42101036303,"Census Tract 363.03, Philadelphia County, Pennsylvania",6503,383,6265,399,0,81,0,81,206,178,17,24,15,26,0,81,0,81,0,81
1400000US42101036400,42101036400,"Census Tract 364, Philadelphia County, Pennsylvania",278,181,161,124,59,59,5,8,0,81,10,18,34,48,9,16,0,81,9,16
1400000US42101036501,42101036501,"Census Tract 365.01, Philadelphia County, Pennsylvania",5887,406,5045,435,447,265,0,81,139,109,0,81,235,198,21,33,0,81,21,33
1400000US42101036502,42101036502,"Census Tract 365.02, Philadelphia County, Pennsylvania",3961,490,3709,552,72,108,0,81,170,176,0,81,0,81,10,18,0,81,10,18
1400000US42101036600,42101036600,"Census Tract 366, Philadelphia County, Pennsylvania",1333,211,1043,175,140,116,0,81,139,105,0,81,0,81,11,17,0,81,11,17
1400000US42101036700,42101036700,"Census Tract 367, Philadelphia County, Pennsylvania",2425,269,1780,270,483,106,4,6,76,49,0,81,69,76,13,21,0,81,13,21
1400000US42101036900,42101036900,"Census Tract 369, Philadelphia County, Pennsylvania",6019,1434,3156,897,516,166,0,81,1958,682,0,81,215,136,174,116,53,40,121,111
1400000US42101037200,42101037200,"Census Tract 372, Philadelphia County, Pennsylvania",4206,277,3442,338,143,127,8,14,573,119,0,81,23,26,17,26,0,81,17,26
1400000US42101037300,42101037300,"Census Tract 373, Philadelphia County, Pennsylvania",4695,544,3783,591,554,258,0,81,356,288,0,81,2,4,0,81,0,81,0,81
1400000US42101037500,42101037500,"Census Tract 375, Philadelphia County, Pennsylvania",4127,512,2248,437,1574,247,0,81,151,103,40,66,49,49,65,70,13,17,52,57
1400000US42101037600,42101037600,"Census Tract 376, Philadelphia County, Pennsylvania",1944,296,810,211,485,238,0,81,524,176,0,81,104,135,21,19,0,81,21,19
1400000US42101037700,42101037700,"Census Tract 377, Philadelphia County, Pennsylvania",5351,786,1958,457,2915,691,19,24,131,77,0,81,289,138,39,36,8,16,31,32
1400000US42101037800,42101037800,"Census Tract 378, Philadelphia County, Pennsylvania",1768,302,1542,271,88,69,4,8,65,106,0,81,12,18,57,95,53,96,4,8
1400000US42101037900,42101037900,"Census Tract 379, Philadelphia County, Pennsylvania",4354,417,4085,389,13,18,0,81,77,76,0,81,150,197,29,51,0,81,29,51
1400000US42101038000,42101038000,"Census Tract 380, Philadelphia County, Pennsylvania",2298,323,1840,354,195,150,0,81,50,55,0,81,213,201,0,81,0,81,0,81
1400000US42101038100,42101038100,"Census Tract 381, Philadelphia County, Pennsylvania",796,184,429,143,314,151,0,81,6,10,0,81,4,6,43,48,0,81,43,48
1400000US42101038200,42101038200,"Census Tract 382, Philadelphia County, Pennsylvania",2696,400,1329,260,511,287,0,81,81,106,0,81,609,316,166,183,0,81,166,183
1400000US42101038300,42101038300,"Census Tract 383, Philadelphia County, Pennsylvania",3413,482,394,187,643,181,163,160,0,81,0,81,2093,550,120,135,36,47,84,129
1400000US42101038400,42101038400,"Census Tract 384, Philadelphia County, Pennsylvania",2410,212,2206,216,76,55,0,81,57,48,0,81,15,21,56,62,0,81,56,62
1400000US42101038500,42101038500,"Census Tract 385, Philadelphia County, Pennsylvania",1869,175,1685,173,89,95,0,81,95,95,0,81,0,81,0,81,0,81,0,81
1400000US42101038600,42101038600,"Census Tract 386, Philadelphia County, Pennsylvania",1408,181,1205,192,170,98,0,81,0,81,0,81,0,81,33,33,0,81,33,33
1400000US42101038700,42101038700,"Census Tract 387, Philadelphia County, Pennsylvania",2243,244,1924,220,156,109,25,42,71,58,0,81,6,14,61,60,0,81,61,60
1400000US42101038800,42101038800,"Census Tract 388, Philadelphia County, Pennsylvania",3536,250,1969,293,1241,280,0,81,144,126,0,81,117,131,65,54,0,81,65,54
1400000US42101038900,42101038900,"Census Tract 389, Philadelphia County, Pennsylvania",2996,507,163,135,2793,464,0,81,25,28,0,81,4,7,11,19,0,81,11,19
1400000US42101039000,42101039000,"Census Tract 390, Philadelphia County, Pennsylvania",7703,944,1930,520,4681,865,0,81,141,158,0,81,700,349,251,150,34,38,217,146
1400000US42101980000,42101980000,"Census Tract 9800, Philadelphia County, Pennsylvania",884,313,455,182,162,179,0,81,254,261,0,81,0,81,13,26,0,81,13,26
1400000US42101980100,42101980100,"Census Tract 9801, Philadelphia County, Pennsylvania",24,14,24,14,0,81,0,81,0,81,0,81,0,81,0,81,0,81,0,81
1400000US42101980200,42101980200,"Census Tract 9802, Philadelphia County, Pennsylvania",173,171,151,158,9,15,0,81,0,81,4,7,0,81,9,13,0,81,9,13
1400000US42101980300,42101980300,"Census Tract 9803, Philadelphia County, Pennsylvania",0,81,0,81,0,81,0,81,0,81,0,81,0,81,0,81,0,81,0,81
1400000US42101980400,42101980400,"Census Tract 9804, Philadelphia County, Pennsylvania",0,81,0,81,0,81,0,81,0,81,0,81,0,81,0,81,0,81,0,81
1400000US42101980500,42101980500,"Census Tract 9805, Philadelphia County, Pennsylvania",0,81,0,81,0,81,0,81,0,81,0,81,0,81,0,81,0,81,0,81
1400000US42101980600,42101980600,"Census Tract 9806, Philadelphia County, Pennsylvania",0,81,0,81,0,81,0,81,0,81,0,81,0,81,0,81,0,81,0,81
1400000US42101980700,42101980700,"Census Tract 9807, Philadelphia County, Pennsylvania",0,81,0,81,0,81,0,81,0,81,0,81,0,81,0,81,0,81,0,81
1400000US42101980800,42101980800,"Census Tract 9808, Philadelphia County, Pennsylvania",0,81,0,81,0,81,0,81,0,81,0,81,0,81,0,81,0,81,0,81
1400000US42101980900,42101980900,"Census Tract 9809, Philadelphia County, Pennsylvania",0,81,0,81,0,81,0,81,0,81,0,81,0,81,0,81,0,81,0,81
1400000US42101989100,42101989100,"Census Tract 9891, Philadelphia County, Pennsylvania",5390,702,1042,212,3839,510,15,17,47,30,0,81,384,135,63,39,36,31,27,27
