GEO.id,GEO.id2,GEO.display-label,HD01_VD01,HD02_VD01,HD01_VD02,HD02_VD02,HD01_VD03,HD02_VD03,HD01_VD04,HD02_VD04,HD01_VD05,HD02_VD05,HD01_VD06,HD02_VD06,HD01_VD07,HD02_VD07,HD01_VD08,HD02_VD08,HD01_VD09,HD02_VD09,HD01_VD10,HD02_VD10
Id,Id2,Geography,Estimate; Total:,Margin of Error; Total:,Estimate; Total: - White alone,Margin of Error; Total: - White alone,Estimate; Total: - Black or African American alone,Margin of Error; Total: - Black or African American alone,Estimate; Total: - American Indian and Alaska Native alone,Margin of Error; Total: - American Indian and Alaska Native alone,Estimate; Total: - Asian alone,Margin of Error; Total: - Asian alone,Estimate; Total: - Native Hawaiian and Other Pacific Islander alone,Margin of Error; Total: - Native Hawaiian and Other Pacific Islander alone,Estimate; Total: - Some other race alone,Margin of Error; Total: - Some other race alone,Estimate; Total: - Two or more races:,Margin of Error; Total: - Two or more races:,Estimate; Total: - Two or more races: - Two races including Some other race,Margin of Error; Total: - Two or more races: - Two races including Some other race,"Estimate; Total: - Two or more races: - Two races excluding Some other race, and three or more races","Margin of Error; Total: - Two or more races: - Two races excluding Some other race, and three or more races"
1400000US42101000100,42101000100,"Census Tract 1, Philadelphia County, Pennsylvania",3608,389,2807,356,361,116,6,13,317,161,0,10,27,43,90,53,20,31,70,58
1400000US42101000200,42101000200,"Census Tract 2, Philadelphia County, Pennsylvania",2331,381,911,225,141,82,11,18,1183,303,0,10,21,33,64,55,11,16,53,54
1400000US42101000300,42101000300,"Census Tract 3, Philadelphia County, Pennsylvania",3405,297,2710,315,179,111,0,10,410,123,0,10,29,42,77,67,9,16,68,63
1400000US42101000401,42101000401,"Census Tract 4.01, Philadelphia County, Pennsylvania",2836,240,1664,229,365,150,0,10,762,264,0,10,8,12,37,37,8,12,29,35
1400000US42101000402,42101000402,"Census Tract 4.02, Philadelphia County, Pennsylvania",3049,284,2581,346,135,101,0,10,288,147,0,10,0,10,45,58,0,10,45,58
1400000US42101000500,42101000500,"Census Tract 5, Philadelphia County, Pennsylvania",2316,602,999,204,800,380,14,25,374,110,0,10,75,51,54,44,29,35,25,26
1400000US42101000600,42101000600,"Census Tract 6, Philadelphia County, Pennsylvania",1341,172,898,132,214,77,0,10,187,66,0,10,27,29,15,20,0,10,15,20
1400000US42101000700,42101000700,"Census Tract 7, Philadelphia County, Pennsylvania",3241,454,2078,302,357,174,0,10,749,301,0,10,0,10,57,54,0,10,57,54
1400000US42101000801,42101000801,"Census Tract 8.01, Philadelphia County, Pennsylvania",1692,230,1355,274,180,124,0,10,69,67,0,10,64,78,24,32,19,30,5,8
1400000US42101000803,42101000803,"Census Tract 8.03, Philadelphia County, Pennsylvania",3532,335,3202,330,17,26,6,12,226,125,0,10,0,10,81,89,32,50,49,77
1400000US42101000804,42101000804,"Census Tract 8.04, Philadelphia County, Pennsylvania",3746,456,3035,404,169,112,13,21,509,292,0,10,13,21,7,17,0,10,7,17
1400000US42101000901,42101000901,"Census Tract 9.01, Philadelphia County, Pennsylvania",2081,202,1424,234,148,118,0,10,420,156,0,10,43,47,46,38,0,10,46,38
1400000US42101000902,42101000902,"Census Tract 9.02, Philadelphia County, Pennsylvania",2639,232,1926,239,126,59,0,10,512,119,0,10,14,22,61,33,0,10,61,33
1400000US42101001001,42101001001,"Census Tract 10.01, Philadelphia County, Pennsylvania",2626,290,2224,242,70,51,0,10,150,102,0,10,0,10,182,147,0,10,182,147
1400000US42101001002,42101001002,"Census Tract 10.02, Philadelphia County, Pennsylvania",3541,310,3235,325,47,41,30,49,218,150,0,10,0,10,11,17,0,10,11,17
1400000US42101001101,42101001101,"Census Tract 11.01, Philadelphia County, Pennsylvania",3319,373,2924,360,138,73,0,10,203,129,0,10,6,11,48,44,0,10,48,44
1400000US42101001102,42101001102,"Census Tract 11.02, Philadelphia County, Pennsylvania",2559,267,2037,249,216,148,50,70,209,119,0,10,9,13,38,28,0,10,38,28
1400000US42101001201,42101001201,"Census Tract 12.01, Philadelphia County, Pennsylvania",4167,316,3689,338,39,33,40,60,262,128,0,10,5,10,132,95,0,10,132,95
1400000US42101001202,42101001202,"Census Tract 12.02, Philadelphia County, Pennsylvania",5249,523,4471,496,343,163,0,14,224,128,0,14,141,198,70,59,19,29,51,43
1400000US42101001300,42101001300,"Census Tract 13, Philadelphia County, Pennsylvania",5890,524,3608,386,1412,328,79,106,445,165,14,26,90,105,242,96,15,25,227,91
1400000US42101001400,42101001400,"Census Tract 14, Philadelphia County, Pennsylvania",4482,594,3025,438,861,296,0,10,271,157,12,22,54,87,259,201,55,62,204,143
1400000US42101001500,42101001500,"Census Tract 15, Philadelphia County, Pennsylvania",2861,238,1889,241,424,151,57,86,406,165,0,10,52,46,33,34,0,10,33,34
1400000US42101001600,42101001600,"Census Tract 16, Philadelphia County, Pennsylvania",2017,186,1866,204,19,22,0,10,50,29,0,10,29,39,53,41,0,10,53,41
1400000US42101001700,42101001700,"Census Tract 17, Philadelphia County, Pennsylvania",2813,262,2356,254,179,122,0,10,98,101,0,10,93,99,87,85,0,10,87,85
1400000US42101001800,42101001800,"Census Tract 18, Philadelphia County, Pennsylvania",3206,300,2315,266,479,149,0,10,272,149,0,10,32,36,108,68,0,10,108,68
1400000US42101001900,42101001900,"Census Tract 19, Philadelphia County, Pennsylvania",2827,260,1874,260,704,162,11,17,166,84,0,10,9,14,63,58,0,10,63,58
1400000US42101002000,42101002000,"Census Tract 20, Philadelphia County, Pennsylvania",2111,290,439,155,1562,218,4,8,19,18,0,10,0,10,87,69,14,20,73,65
1400000US42101002100,42101002100,"Census Tract 21, Philadelphia County, Pennsylvania",2289,257,584,174,1643,220,0,10,27,23,0,10,3,6,32,21,0,10,32,21
1400000US42101002200,42101002200,"Census Tract 22, Philadelphia County, Pennsylvania",2219,287,675,148,1213,259,0,10,177,119,0,10,5,8,149,118,0,10,149,118
1400000US42101002300,42101002300,"Census Tract 23, Philadelphia County, Pennsylvania",2819,279,2057,294,100,101,0,10,477,164,20,33,11,18,154,104,5,8,149,102
1400000US42101002400,42101002400,"Census Tract 24, Philadelphia County, Pennsylvania",5163,568,3709,542,494,112,0,14,768,121,0,14,44,53,148,109,0,14,148,109
1400000US42101002500,42101002500,"Census Tract 25, Philadelphia County, Pennsylvania",4022,345,2292,248,1239,201,0,10,194,144,0,10,103,111,194,150,41,69,153,127
1400000US42101002701,42101002701,"Census Tract 27.01, Philadelphia County, Pennsylvania",4372,862,2131,582,1021,531,29,36,1051,394,0,10,102,86,38,37,0,10,38,37
1400000US42101002702,42101002702,"Census Tract 27.02, Philadelphia County, Pennsylvania",3991,307,3590,332,172,197,0,10,205,167,0,10,7,11,17,21,17,21,0,10
1400000US42101002801,42101002801,"Census Tract 28.01, Philadelphia County, Pennsylvania",4386,627,2100,585,227,159,65,102,1575,445,0,10,331,350,88,77,28,46,60,65
1400000US42101002802,42101002802,"Census Tract 28.02, Philadelphia County, Pennsylvania",5803,574,3950,371,36,49,0,14,1470,379,8,35,287,426,52,54,0,14,52,54
1400000US42101002900,42101002900,"Census Tract 29, Philadelphia County, Pennsylvania",4533,539,3352,477,35,44,0,10,746,555,0,10,306,281,94,63,24,33,70,54
1400000US42101003001,42101003001,"Census Tract 30.01, Philadelphia County, Pennsylvania",4416,507,1603,448,848,215,0,10,1767,348,7,11,94,142,97,71,31,38,66,61
1400000US42101003002,42101003002,"Census Tract 30.02, Philadelphia County, Pennsylvania",3122,465,660,213,2164,446,41,47,156,82,0,10,13,21,88,95,0,10,88,95
1400000US42101003100,42101003100,"Census Tract 31, Philadelphia County, Pennsylvania",4193,539,452,187,3296,505,0,10,171,144,0,10,124,185,150,137,40,69,110,115
1400000US42101003200,42101003200,"Census Tract 32, Philadelphia County, Pennsylvania",5079,799,563,318,4304,777,0,14,30,47,59,85,29,45,94,87,0,14,94,87
1400000US42101003300,42101003300,"Census Tract 33, Philadelphia County, Pennsylvania",6121,813,1424,359,4239,765,4,8,211,155,0,14,57,61,186,189,0,14,186,189
1400000US42101003600,42101003600,"Census Tract 36, Philadelphia County, Pennsylvania",6916,818,1243,309,4493,743,0,14,858,197,0,14,94,87,228,243,0,14,228,243
1400000US42101003701,42101003701,"Census Tract 37.01, Philadelphia County, Pennsylvania",6186,707,648,241,4555,765,0,14,669,350,0,14,66,96,248,220,150,221,98,99
1400000US42101003702,42101003702,"Census Tract 37.02, Philadelphia County, Pennsylvania",3945,404,1275,245,1635,304,7,11,814,241,0,10,12,22,202,114,22,26,180,116
1400000US42101003800,42101003800,"Census Tract 38, Philadelphia County, Pennsylvania",4007,399,3804,421,37,54,0,10,74,73,0,10,26,39,66,63,40,59,26,26
1400000US42101003901,42101003901,"Census Tract 39.01, Philadelphia County, Pennsylvania",6076,860,4235,798,592,352,24,38,1092,358,0,14,6,21,127,152,0,14,127,152
1400000US42101003902,42101003902,"Census Tract 39.02, Philadelphia County, Pennsylvania",5651,447,5399,428,49,63,0,14,70,73,0,14,0,14,133,48,0,14,133,48
1400000US42101004001,42101004001,"Census Tract 40.01, Philadelphia County, Pennsylvania",4071,387,3232,366,212,142,0,10,546,128,0,10,36,47,45,35,8,12,37,33
1400000US42101004002,42101004002,"Census Tract 40.02, Philadelphia County, Pennsylvania",4814,467,4421,494,15,24,0,10,138,198,0,10,0,10,240,195,0,10,240,195
1400000US42101004101,42101004101,"Census Tract 41.01, Philadelphia County, Pennsylvania",6807,869,2460,556,1287,522,0,14,2342,584,0,14,314,300,404,312,138,215,266,226
1400000US42101004102,42101004102,"Census Tract 41.02, Philadelphia County, Pennsylvania",9288,1020,4532,1176,1173,534,0,14,3091,723,0,14,234,233,258,216,0,14,258,216
1400000US42101004201,42101004201,"Census Tract 42.01, Philadelphia County, Pennsylvania",5625,498,4611,582,372,337,0,14,596,210,0,14,0,14,46,49,0,14,46,49
1400000US42101004202,42101004202,"Census Tract 42.02, Philadelphia County, Pennsylvania",5580,495,3941,643,227,122,47,69,1241,492,0,14,31,50,93,76,0,14,93,76
1400000US42101005000,42101005000,"Census Tract 50, Philadelphia County, Pennsylvania",0,10,0,10,0,10,0,10,0,10,0,10,0,10,0,10,0,10,0,10
1400000US42101005400,42101005400,"Census Tract 54, Philadelphia County, Pennsylvania",1303,151,247,91,939,161,0,10,70,78,0,10,0,10,47,30,0,10,47,30
1400000US42101005500,42101005500,"Census Tract 55, Philadelphia County, Pennsylvania",6385,900,807,301,5311,914,0,14,107,141,0,14,77,67,83,79,53,73,30,34
1400000US42101005600,42101005600,"Census Tract 56, Philadelphia County, Pennsylvania",991,172,74,46,856,190,0,10,15,24,0,10,1,3,45,51,0,10,45,51
1400000US42101006000,42101006000,"Census Tract 60, Philadelphia County, Pennsylvania",6055,584,1165,271,4364,590,21,34,426,242,0,14,27,30,52,63,0,14,52,63
1400000US42101006100,42101006100,"Census Tract 61, Philadelphia County, Pennsylvania",3366,346,477,99,2400,347,0,10,455,148,0,10,9,13,25,40,0,10,25,40
1400000US42101006200,42101006200,"Census Tract 62, Philadelphia County, Pennsylvania",4882,570,436,193,4247,519,16,29,154,172,0,10,0,10,29,40,0,10,29,40
1400000US42101006300,42101006300,"Census Tract 63, Philadelphia County, Pennsylvania",4025,531,426,255,2832,476,5,11,537,267,0,10,134,149,91,70,1,3,90,70
1400000US42101006400,42101006400,"Census Tract 64, Philadelphia County, Pennsylvania",3443,498,316,162,2470,507,27,35,427,192,0,10,75,112,128,82,11,13,117,81
1400000US42101006500,42101006500,"Census Tract 65, Philadelphia County, Pennsylvania",4107,364,57,52,3951,369,17,28,53,50,0,10,10,15,19,22,0,10,19,22
1400000US42101006600,42101006600,"Census Tract 66, Philadelphia County, Pennsylvania",3487,519,208,179,2730,529,0,10,514,153,0,10,0,10,35,50,0,10,35,50
1400000US42101006700,42101006700,"Census Tract 67, Philadelphia County, Pennsylvania",6777,921,861,278,5112,779,0,14,590,336,0,14,46,72,168,147,0,14,168,147
1400000US42101006900,42101006900,"Census Tract 69, Philadelphia County, Pennsylvania",2321,401,28,43,2160,404,8,13,0,10,0,10,68,109,57,98,0,10,57,98
1400000US42101007000,42101007000,"Census Tract 70, Philadelphia County, Pennsylvania",3528,510,114,87,3270,469,0,10,0,10,0,10,0,10,144,226,0,10,144,226
1400000US42101007101,42101007101,"Census Tract 71.01, Philadelphia County, Pennsylvania",2607,372,121,73,2445,367,0,10,10,21,0,10,31,44,0,10,0,10,0,10
1400000US42101007102,42101007102,"Census Tract 71.02, Philadelphia County, Pennsylvania",4815,605,65,45,4665,605,34,33,0,10,0,10,0,10,51,52,0,10,51,52
1400000US42101007200,42101007200,"Census Tract 72, Philadelphia County, Pennsylvania",4335,549,131,87,4034,510,0,10,73,109,0,10,0,10,97,97,0,10,97,97
1400000US42101007300,42101007300,"Census Tract 73, Philadelphia County, Pennsylvania",2450,291,54,42,2270,321,28,43,0,10,0,10,0,10,98,85,0,10,98,85
1400000US42101007400,42101007400,"Census Tract 74, Philadelphia County, Pennsylvania",4467,576,419,153,3863,609,0,10,58,60,0,10,0,10,127,186,9,14,118,186
1400000US42101007700,42101007700,"Census Tract 77, Philadelphia County, Pennsylvania",2047,282,1015,193,507,100,0,10,435,124,7,14,6,7,77,40,30,25,47,34
1400000US42101007800,42101007800,"Census Tract 78, Philadelphia County, Pennsylvania",4215,451,2487,338,1123,388,25,40,236,102,0,10,52,63,292,133,52,60,240,121
1400000US42101007900,42101007900,"Census Tract 79, Philadelphia County, Pennsylvania",4762,617,2457,362,1439,419,0,10,304,202,0,10,13,21,549,628,28,35,521,625
1400000US42101008000,42101008000,"Census Tract 80, Philadelphia County, Pennsylvania",3683,514,578,151,2582,392,94,106,157,114,0,10,26,30,246,211,8,13,238,210
1400000US42101008101,42101008101,"Census Tract 81.01, Philadelphia County, Pennsylvania",2632,421,7,13,2460,444,0,10,0,10,0,10,7,11,158,175,0,10,158,175
1400000US42101008102,42101008102,"Census Tract 81.02, Philadelphia County, Pennsylvania",5442,561,26,35,5284,581,27,47,0,14,0,14,9,14,96,99,0,14,96,99
1400000US42101008200,42101008200,"Census Tract 82, Philadelphia County, Pennsylvania",6896,958,3,5,6756,921,0,14,84,130,0,14,0,14,53,76,0,14,53,76
1400000US42101008301,42101008301,"Census Tract 83.01, Philadelphia County, Pennsylvania",4740,496,86,68,4463,515,0,10,71,77,0,10,76,105,44,48,29,42,15,22
1400000US42101008302,42101008302,"Census Tract 83.02, Philadelphia County, Pennsylvania",4470,487,2,3,4219,482,0,10,165,141,0,10,10,16,74,69,0,10,74,69
1400000US42101008400,42101008400,"Census Tract 84, Philadelphia County, Pennsylvania",4971,738,212,144,4465,711,16,25,25,29,0,10,39,63,214,154,27,43,187,147
1400000US42101008500,42101008500,"Census Tract 85, Philadelphia County, Pennsylvania",7296,745,336,166,6806,750,37,45,117,129,0,14,0,14,0,14,0,14,0,14
1400000US42101008601,42101008601,"Census Tract 86.01, Philadelphia County, Pennsylvania",2863,274,1519,248,932,225,1,15,313,176,0,10,21,32,77,62,8,14,69,61
1400000US42101008602,42101008602,"Census Tract 86.02, Philadelphia County, Pennsylvania",2840,744,475,193,2301,829,0,10,52,67,0,10,9,18,3,7,0,10,3,7
1400000US42101008701,42101008701,"Census Tract 87.01, Philadelphia County, Pennsylvania",5233,787,2888,682,757,360,19,33,928,417,0,14,185,204,456,291,0,14,456,291
1400000US42101008702,42101008702,"Census Tract 87.02, Philadelphia County, Pennsylvania",3326,619,1493,221,713,505,4,10,851,216,0,10,66,80,199,122,0,10,199,122
1400000US42101008801,42101008801,"Census Tract 88.01, Philadelphia County, Pennsylvania",2302,274,1452,187,220,113,0,10,465,123,34,42,53,43,78,51,16,22,62,46
1400000US42101008802,42101008802,"Census Tract 88.02, Philadelphia County, Pennsylvania",6881,799,4216,660,716,227,0,14,1619,307,0,14,146,111,184,103,46,70,138,87
1400000US42101009000,42101009000,"Census Tract 90, Philadelphia County, Pennsylvania",6124,551,4067,485,430,172,0,14,1228,271,0,14,95,52,304,136,37,32,267,136
1400000US42101009100,42101009100,"Census Tract 91, Philadelphia County, Pennsylvania",2866,399,876,223,1291,308,31,45,593,259,0,10,0,10,75,62,0,10,75,62
1400000US42101009200,42101009200,"Census Tract 92, Philadelphia County, Pennsylvania",3389,387,528,232,2367,390,0,10,404,184,21,35,19,20,50,51,0,10,50,51
1400000US42101009300,42101009300,"Census Tract 93, Philadelphia County, Pennsylvania",4215,561,114,92,4054,553,5,8,0,10,0,10,0,10,42,54,0,10,42,54
1400000US42101009400,42101009400,"Census Tract 94, Philadelphia County, Pennsylvania",4270,396,58,80,4079,407,0,10,0,10,0,10,32,56,101,98,0,10,101,98
1400000US42101009500,42101009500,"Census Tract 95, Philadelphia County, Pennsylvania",3229,559,129,180,3014,581,21,24,0,10,0,10,34,50,31,37,0,10,31,37
1400000US42101009600,42101009600,"Census Tract 96, Philadelphia County, Pennsylvania",4202,555,96,72,3961,541,0,10,34,37,0,10,79,95,32,29,0,10,32,29
1400000US42101009801,42101009801,"Census Tract 98.01, Philadelphia County, Pennsylvania",2430,308,379,85,1861,316,7,12,80,82,0,10,13,18,90,91,9,15,81,79
1400000US42101009802,42101009802,"Census Tract 98.02, Philadelphia County, Pennsylvania",6528,557,611,265,5775,569,0,14,46,70,0,14,0,14,96,142,0,14,96,142
1400000US42101010000,42101010000,"Census Tract 100, Philadelphia County, Pennsylvania",4481,426,587,207,3700,435,0,10,79,87,0,10,57,81,58,45,0,10,58,45
1400000US42101010100,42101010100,"Census Tract 101, Philadelphia County, Pennsylvania",6569,1025,563,789,5716,707,73,97,0,14,0,14,14,37,203,169,0,14,203,169
1400000US42101010200,42101010200,"Census Tract 102, Philadelphia County, Pennsylvania",2866,382,0,10,2841,386,9,15,0,10,0,10,0,10,16,26,0,10,16,26
1400000US42101010300,42101010300,"Census Tract 103, Philadelphia County, Pennsylvania",2538,333,7,11,2325,334,0,10,39,59,0,10,115,166,52,77,0,10,52,77
1400000US42101010400,42101010400,"Census Tract 104, Philadelphia County, Pennsylvania",3690,563,177,140,3458,560,0,10,4,7,0,10,20,20,31,29,0,10,31,29
1400000US42101010500,42101010500,"Census Tract 105, Philadelphia County, Pennsylvania",4298,407,231,76,3959,405,0,10,8,13,0,10,8,18,92,53,44,46,48,31
1400000US42101010600,42101010600,"Census Tract 106, Philadelphia County, Pennsylvania",1466,280,95,65,1301,296,0,10,70,79,0,10,0,10,0,10,0,10,0,10
1400000US42101010700,42101010700,"Census Tract 107, Philadelphia County, Pennsylvania",3298,472,66,56,3059,445,0,10,11,13,0,10,0,10,162,195,0,10,162,195
1400000US42101010800,42101010800,"Census Tract 108, Philadelphia County, Pennsylvania",3959,445,319,136,3531,412,0,10,0,10,0,10,18,29,91,95,0,10,91,95
1400000US42101010900,42101010900,"Census Tract 109, Philadelphia County, Pennsylvania",2492,270,430,145,1882,281,0,10,86,60,0,10,4,6,90,75,0,10,90,75
1400000US42101011000,42101011000,"Census Tract 110, Philadelphia County, Pennsylvania",3545,574,228,171,3139,568,8,13,69,94,0,10,59,62,42,53,0,10,42,53
1400000US42101011100,42101011100,"Census Tract 111, Philadelphia County, Pennsylvania",3264,408,180,145,3074,392,0,10,10,15,0,10,0,10,0,10,0,10,0,10
1400000US42101011200,42101011200,"Census Tract 112, Philadelphia County, Pennsylvania",4715,736,28,29,4584,706,0,10,2,4,0,10,61,94,40,43,22,35,18,27
1400000US42101011300,42101011300,"Census Tract 113, Philadelphia County, Pennsylvania",2912,499,0,10,2899,501,0,10,0,10,0,10,0,10,13,20,0,10,13,20
1400000US42101011400,42101011400,"Census Tract 114, Philadelphia County, Pennsylvania",7325,949,99,96,7163,965,0,14,0,14,22,37,22,34,19,28,0,14,19,28
1400000US42101011500,42101011500,"Census Tract 115, Philadelphia County, Pennsylvania",4686,384,346,129,4216,425,0,10,43,68,0,10,0,10,81,83,0,10,81,83
1400000US42101011700,42101011700,"Census Tract 117, Philadelphia County, Pennsylvania",1820,346,949,322,644,112,34,42,150,67,0,10,17,26,26,25,0,10,26,25
1400000US42101011800,42101011800,"Census Tract 118, Philadelphia County, Pennsylvania",5909,696,65,56,5419,704,0,14,24,28,0,14,195,163,206,192,13,21,193,189
1400000US42101011900,42101011900,"Census Tract 119, Philadelphia County, Pennsylvania",4260,549,48,39,4013,537,0,10,127,156,0,10,29,98,43,50,0,10,43,50
1400000US42101012000,42101012000,"Census Tract 120, Philadelphia County, Pennsylvania",1883,207,809,178,931,154,0,10,86,57,0,10,11,11,46,31,24,22,22,18
1400000US42101012100,42101012100,"Census Tract 121, Philadelphia County, Pennsylvania",2968,321,655,172,2068,278,0,10,143,97,26,41,18,26,58,57,8,12,50,55
1400000US42101012201,42101012201,"Census Tract 122.01, Philadelphia County, Pennsylvania",3157,390,1037,256,1148,285,100,127,699,295,0,10,37,63,136,112,0,10,136,112
1400000US42101012203,42101012203,"Census Tract 122.03, Philadelphia County, Pennsylvania",777,198,349,142,232,89,41,61,93,71,0,10,28,37,34,26,0,10,34,26
1400000US42101012204,42101012204,"Census Tract 122.04, Philadelphia County, Pennsylvania",3405,317,774,159,2446,320,22,35,109,83,0,10,0,10,54,47,0,10,54,47
1400000US42101012500,42101012500,"Census Tract 125, Philadelphia County, Pennsylvania",5275,512,4338,526,355,179,36,47,467,297,0,14,0,14,79,86,0,14,79,86
1400000US42101013100,42101013100,"Census Tract 131, Philadelphia County, Pennsylvania",1492,149,354,82,951,151,0,10,145,66,0,10,7,11,35,21,8,11,27,20
1400000US42101013200,42101013200,"Census Tract 132, Philadelphia County, Pennsylvania",2905,334,350,155,2413,327,5,11,89,55,0,10,23,36,25,88,21,88,4,6
1400000US42101013300,42101013300,"Census Tract 133, Philadelphia County, Pennsylvania",3546,360,1567,232,1408,267,0,10,257,150,0,10,220,211,94,53,0,10,94,53
1400000US42101013401,42101013401,"Census Tract 134.01, Philadelphia County, Pennsylvania",2272,203,2072,206,96,55,26,44,53,49,0,10,25,41,0,10,0,10,0,10
1400000US42101013402,42101013402,"Census Tract 134.02, Philadelphia County, Pennsylvania",2763,288,2328,289,214,90,0,10,122,66,0,10,23,26,76,83,0,10,76,83
1400000US42101013500,42101013500,"Census Tract 135, Philadelphia County, Pennsylvania",3658,391,1949,247,1099,265,0,10,174,183,0,10,388,299,48,40,32,31,16,24
1400000US42101013601,42101013601,"Census Tract 136.01, Philadelphia County, Pennsylvania",2827,353,2196,205,222,154,0,10,308,202,0,10,12,18,89,56,0,10,89,56
1400000US42101013602,42101013602,"Census Tract 136.02, Philadelphia County, Pennsylvania",3826,385,2790,298,653,382,12,19,207,98,0,10,8,12,156,71,35,32,121,59
1400000US42101013700,42101013700,"Census Tract 137, Philadelphia County, Pennsylvania",4863,620,1231,325,3395,694,0,10,47,75,91,109,8,17,91,73,0,10,91,73
1400000US42101013800,42101013800,"Census Tract 138, Philadelphia County, Pennsylvania",2271,303,332,238,1774,226,10,15,0,10,0,10,68,90,87,83,0,10,87,83
1400000US42101013900,42101013900,"Census Tract 139, Philadelphia County, Pennsylvania",3242,492,362,143,2814,496,0,10,11,16,0,10,43,47,12,21,0,10,12,21
1400000US42101014000,42101014000,"Census Tract 140, Philadelphia County, Pennsylvania",2940,394,723,237,1962,280,0,10,163,141,0,10,32,32,60,62,0,10,60,62
1400000US42101014100,42101014100,"Census Tract 141, Philadelphia County, Pennsylvania",2153,294,488,160,1237,311,0,10,126,105,0,10,0,10,302,194,75,123,227,134
1400000US42101014200,42101014200,"Census Tract 142, Philadelphia County, Pennsylvania",3800,388,2974,358,403,154,0,10,144,95,0,10,141,102,138,82,18,30,120,77
1400000US42101014300,42101014300,"Census Tract 143, Philadelphia County, Pennsylvania",1454,162,1223,154,29,25,0,10,127,80,0,10,37,28,38,45,32,45,6,9
1400000US42101014400,42101014400,"Census Tract 144, Philadelphia County, Pennsylvania",3540,529,1888,323,496,240,10,15,168,101,0,10,630,327,348,296,106,90,242,278
1400000US42101014500,42101014500,"Census Tract 145, Philadelphia County, Pennsylvania",1682,166,187,106,1160,222,0,10,34,31,0,10,151,80,150,157,124,158,26,23
1400000US42101014600,42101014600,"Census Tract 146, Philadelphia County, Pennsylvania",3870,537,1541,355,1975,300,0,10,216,113,0,10,22,24,116,120,17,25,99,118
1400000US42101014700,42101014700,"Census Tract 147, Philadelphia County, Pennsylvania",3092,449,1193,376,1544,386,0,10,342,186,0,10,3,6,10,16,0,10,10,16
1400000US42101014800,42101014800,"Census Tract 148, Philadelphia County, Pennsylvania",1043,179,73,77,948,192,0,10,10,15,0,10,0,10,12,14,7,11,5,7
1400000US42101014900,42101014900,"Census Tract 149, Philadelphia County, Pennsylvania",3436,471,77,61,2972,472,0,10,209,171,0,10,31,35,147,193,8,12,139,192
1400000US42101015101,42101015101,"Census Tract 151.01, Philadelphia County, Pennsylvania",2092,398,68,66,1892,367,105,167,0,10,0,10,20,31,7,9,2,4,5,9
1400000US42101015102,42101015102,"Census Tract 151.02, Philadelphia County, Pennsylvania",3324,412,36,43,3052,414,20,31,93,133,0,10,1,5,122,183,107,175,15,26
1400000US42101015200,42101015200,"Census Tract 152, Philadelphia County, Pennsylvania",5824,833,177,178,5312,852,0,14,0,14,0,14,263,289,72,100,0,14,72,100
1400000US42101015300,42101015300,"Census Tract 153, Philadelphia County, Pennsylvania",4135,549,2201,404,1531,328,72,106,217,116,0,10,0,10,114,120,0,10,114,120
1400000US42101015600,42101015600,"Census Tract 156, Philadelphia County, Pennsylvania",1986,263,608,182,367,142,0,10,36,36,0,10,831,291,144,106,16,21,128,106
1400000US42101015700,42101015700,"Census Tract 157, Philadelphia County, Pennsylvania",2599,349,1318,318,263,155,25,40,11,13,53,68,757,267,172,107,73,71,99,79
1400000US42101015800,42101015800,"Census Tract 158, Philadelphia County, Pennsylvania",5937,622,5614,672,110,97,0,14,157,133,0,14,0,14,56,53,0,14,56,53
1400000US42101016000,42101016000,"Census Tract 160, Philadelphia County, Pennsylvania",6711,814,5940,724,115,111,0,14,285,206,0,14,87,86,284,191,125,173,159,89
1400000US42101016100,42101016100,"Census Tract 161, Philadelphia County, Pennsylvania",5152,671,2975,540,329,166,34,51,781,230,0,14,941,458,92,95,0,14,92,95
1400000US42101016200,42101016200,"Census Tract 162, Philadelphia County, Pennsylvania",2278,358,724,281,492,212,0,10,0,10,0,10,1043,312,19,18,5,9,14,15
1400000US42101016300,42101016300,"Census Tract 163, Philadelphia County, Pennsylvania",3574,459,1054,339,363,165,28,39,363,183,0,10,1686,484,80,115,7,11,73,114
1400000US42101016400,42101016400,"Census Tract 164, Philadelphia County, Pennsylvania",4567,571,774,267,2418,504,0,10,0,10,0,10,1229,390,146,104,49,41,97,95
1400000US42101016500,42101016500,"Census Tract 165, Philadelphia County, Pennsylvania",2251,448,97,110,1773,373,0,10,27,56,0,10,289,194,65,67,38,57,27,35
1400000US42101016600,42101016600,"Census Tract 166, Philadelphia County, Pennsylvania",1652,300,304,183,1190,238,0,10,5,8,0,10,103,114,50,61,0,10,50,61
1400000US42101016701,42101016701,"Census Tract 167.01, Philadelphia County, Pennsylvania",3021,472,43,40,2852,463,18,28,40,61,0,10,0,10,68,91,0,10,68,91
1400000US42101016702,42101016702,"Census Tract 167.02, Philadelphia County, Pennsylvania",3129,555,308,241,2745,503,44,65,8,14,0,10,0,10,24,38,0,10,24,38
1400000US42101016800,42101016800,"Census Tract 168, Philadelphia County, Pennsylvania",3942,548,153,160,3734,544,18,28,0,10,0,10,0,10,37,66,0,10,37,66
1400000US42101016901,42101016901,"Census Tract 169.01, Philadelphia County, Pennsylvania",3495,488,59,80,3330,449,0,10,11,17,0,10,0,10,95,79,0,10,95,79
1400000US42101016902,42101016902,"Census Tract 169.02, Philadelphia County, Pennsylvania",5909,958,65,101,5832,963,0,14,0,14,0,14,0,14,12,19,0,14,12,19
1400000US42101017000,42101017000,"Census Tract 170, Philadelphia County, Pennsylvania",3086,394,621,181,2332,348,0,10,70,72,0,10,35,34,28,33,9,14,19,26
1400000US42101017100,42101017100,"Census Tract 171, Philadelphia County, Pennsylvania",4269,402,67,94,4059,414,13,21,0,10,0,10,51,61,79,72,32,49,47,47
1400000US42101017201,42101017201,"Census Tract 172.01, Philadelphia County, Pennsylvania",3516,441,83,66,3129,394,0,10,0,10,0,10,68,90,236,232,0,10,236,232
1400000US42101017202,42101017202,"Census Tract 172.02, Philadelphia County, Pennsylvania",3374,507,191,245,3031,419,0,10,137,159,0,10,0,10,15,25,0,10,15,25
1400000US42101017300,42101017300,"Census Tract 173, Philadelphia County, Pennsylvania",3202,474,123,87,3034,443,0,10,6,11,0,10,19,28,20,23,0,10,20,23
1400000US42101017400,42101017400,"Census Tract 174, Philadelphia County, Pennsylvania",2118,269,82,65,1924,280,22,35,0,10,0,10,90,112,0,10,0,10,0,10
1400000US42101017500,42101017500,"Census Tract 175, Philadelphia County, Pennsylvania",7097,760,1798,586,2645,635,48,59,44,71,0,14,2425,836,137,156,0,14,137,156
1400000US42101017601,42101017601,"Census Tract 176.01, Philadelphia County, Pennsylvania",6044,682,1735,477,474,203,16,19,2,4,0,14,3664,717,153,117,146,115,7,13
1400000US42101017602,42101017602,"Census Tract 176.02, Philadelphia County, Pennsylvania",4320,431,1801,540,595,229,23,22,62,69,0,10,1644,415,195,122,106,110,89,67
1400000US42101017701,42101017701,"Census Tract 177.01, Philadelphia County, Pennsylvania",3919,741,1189,530,1075,434,0,10,60,67,0,10,1433,623,162,97,80,67,82,66
1400000US42101017702,42101017702,"Census Tract 177.02, Philadelphia County, Pennsylvania",5806,705,1966,494,1408,486,32,47,73,81,0,14,1903,514,424,235,126,80,298,221
1400000US42101017800,42101017800,"Census Tract 178, Philadelphia County, Pennsylvania",5725,638,2280,468,1584,427,124,152,278,260,0,14,1355,525,104,145,0,14,104,145
1400000US42101017900,42101017900,"Census Tract 179, Philadelphia County, Pennsylvania",6885,1061,3912,646,1777,625,111,183,45,76,24,39,839,642,177,118,46,54,131,98
1400000US42101018001,42101018001,"Census Tract 180.01, Philadelphia County, Pennsylvania",2567,312,2315,324,33,52,0,10,89,105,0,10,0,10,130,95,0,10,130,95
1400000US42101018002,42101018002,"Census Tract 180.02, Philadelphia County, Pennsylvania",5430,635,5339,606,4,7,0,14,34,40,0,14,53,85,0,14,0,14,0,14
1400000US42101018300,42101018300,"Census Tract 183, Philadelphia County, Pennsylvania",3818,288,3762,287,35,39,0,10,11,18,0,10,1,2,9,16,0,10,9,16
1400000US42101018400,42101018400,"Census Tract 184, Philadelphia County, Pennsylvania",2471,340,2369,342,1,3,0,10,77,90,0,10,16,24,8,14,0,10,8,14
1400000US42101018800,42101018800,"Census Tract 188, Philadelphia County, Pennsylvania",9146,1005,3996,941,2845,773,50,83,150,211,0,14,1394,653,711,452,151,141,560,420
1400000US42101019000,42101019000,"Census Tract 190, Philadelphia County, Pennsylvania",7949,846,2609,722,1742,499,0,14,316,142,16,27,2523,858,743,463,234,198,509,447
1400000US42101019100,42101019100,"Census Tract 191, Philadelphia County, Pennsylvania",8440,979,3707,700,1225,384,0,14,1128,324,86,144,2206,772,88,107,32,54,56,91
1400000US42101019200,42101019200,"Census Tract 192, Philadelphia County, Pennsylvania",9510,1078,4319,1182,2515,840,315,349,114,215,14,22,2051,935,182,174,49,81,133,128
1400000US42101019501,42101019501,"Census Tract 195.01, Philadelphia County, Pennsylvania",4697,795,1874,669,488,307,253,289,0,10,9,17,1847,820,226,269,214,268,12,20
1400000US42101019502,42101019502,"Census Tract 195.02, Philadelphia County, Pennsylvania",3266,575,1522,631,289,246,0,10,0,10,0,10,1345,399,110,101,21,27,89,97
1400000US42101019700,42101019700,"Census Tract 197, Philadelphia County, Pennsylvania",7096,749,1287,527,3652,699,22,35,102,139,0,14,1945,687,88,71,54,55,34,44
1400000US42101019800,42101019800,"Census Tract 198, Philadelphia County, Pennsylvania",6992,807,1228,428,2713,517,169,164,218,128,179,212,2098,621,387,294,270,278,117,81
1400000US42101019900,42101019900,"Census Tract 199, Philadelphia County, Pennsylvania",4411,695,1218,441,1857,415,90,131,0,10,0,10,1098,502,148,133,85,98,63,74
1400000US42101020000,42101020000,"Census Tract 200, Philadelphia County, Pennsylvania",1273,190,139,101,1022,238,0,10,54,52,0,10,34,40,24,26,0,10,24,26
1400000US42101020101,42101020101,"Census Tract 201.01, Philadelphia County, Pennsylvania",3908,576,32,46,3768,552,0,10,78,118,0,10,0,10,30,34,0,10,30,34
1400000US42101020102,42101020102,"Census Tract 201.02, Philadelphia County, Pennsylvania",3259,475,9,10,3092,422,0,10,0,10,0,10,24,39,134,220,0,10,134,220
1400000US42101020200,42101020200,"Census Tract 202, Philadelphia County, Pennsylvania",4696,897,289,172,4386,910,0,10,0,10,0,10,10,18,11,25,0,10,11,25
1400000US42101020300,42101020300,"Census Tract 203, Philadelphia County, Pennsylvania",2779,405,27,30,2619,407,16,26,0,10,0,10,73,93,44,38,0,10,44,38
1400000US42101020400,42101020400,"Census Tract 204, Philadelphia County, Pennsylvania",2497,466,13,18,2369,463,17,25,1,2,0,10,51,83,46,38,0,10,46,38
1400000US42101020500,42101020500,"Census Tract 205, Philadelphia County, Pennsylvania",2774,323,201,105,2312,265,43,76,88,90,0,10,22,35,108,94,0,10,108,94
1400000US42101020600,42101020600,"Census Tract 206, Philadelphia County, Pennsylvania",1724,229,793,152,638,181,16,25,175,69,0,10,50,51,52,35,0,10,52,35
1400000US42101020700,42101020700,"Census Tract 207, Philadelphia County, Pennsylvania",5810,561,4380,524,875,255,0,14,296,183,6,12,106,91,147,108,0,14,147,108
1400000US42101020800,42101020800,"Census Tract 208, Philadelphia County, Pennsylvania",2155,227,1073,199,735,177,0,10,300,111,0,10,8,14,39,35,0,10,39,35
1400000US42101020900,42101020900,"Census Tract 209, Philadelphia County, Pennsylvania",2926,315,2627,322,70,48,0,10,75,57,0,10,87,104,67,49,0,10,67,49
1400000US42101021000,42101021000,"Census Tract 210, Philadelphia County, Pennsylvania",5094,545,4685,517,254,200,0,14,65,53,0,14,25,41,65,55,21,37,44,40
1400000US42101021100,42101021100,"Census Tract 211, Philadelphia County, Pennsylvania",2507,163,2201,196,123,90,0,10,83,79,0,10,9,15,91,82,0,10,91,82
1400000US42101021200,42101021200,"Census Tract 212, Philadelphia County, Pennsylvania",2553,261,1992,250,247,133,0,10,180,195,0,10,121,168,13,20,0,10,13,20
1400000US42101021300,42101021300,"Census Tract 213, Philadelphia County, Pennsylvania",3753,413,3426,404,137,110,19,31,56,57,0,10,0,10,115,69,0,10,115,69
1400000US42101021400,42101021400,"Census Tract 214, Philadelphia County, Pennsylvania",4279,532,3691,563,459,270,36,42,0,10,0,10,0,10,93,89,13,21,80,86
1400000US42101021500,42101021500,"Census Tract 215, Philadelphia County, Pennsylvania",3912,398,3402,419,130,81,0,10,181,167,0,10,21,23,178,125,0,10,178,125
1400000US42101021600,42101021600,"Census Tract 216, Philadelphia County, Pennsylvania",2145,242,1814,262,125,67,0,10,100,82,0,10,24,26,82,53,0,10,82,53
1400000US42101021700,42101021700,"Census Tract 217, Philadelphia County, Pennsylvania",6189,609,5657,663,306,125,0,14,104,107,0,14,0,14,122,117,0,14,122,117
1400000US42101021800,42101021800,"Census Tract 218, Philadelphia County, Pennsylvania",4164,408,2767,323,881,296,0,10,189,156,26,40,227,265,74,108,0,10,74,108
1400000US42101021900,42101021900,"Census Tract 219, Philadelphia County, Pennsylvania",1563,113,1397,110,61,50,12,20,52,38,0,10,14,21,27,22,0,10,27,22
1400000US42101022000,42101022000,"Census Tract 220, Philadelphia County, Pennsylvania",1783,175,1373,176,249,160,0,10,67,51,0,10,80,125,14,17,0,10,14,17
1400000US42101023100,42101023100,"Census Tract 231, Philadelphia County, Pennsylvania",1377,124,1335,130,0,10,12,19,10,16,0,10,10,15,10,17,0,10,10,17
1400000US42101023500,42101023500,"Census Tract 235, Philadelphia County, Pennsylvania",1318,155,771,156,308,106,0,10,132,76,0,10,4,7,103,58,0,10,103,58
1400000US42101023600,42101023600,"Census Tract 236, Philadelphia County, Pennsylvania",2731,289,1862,303,795,302,11,18,20,22,0,10,1,3,42,43,0,10,42,43
1400000US42101023700,42101023700,"Census Tract 237, Philadelphia County, Pennsylvania",4738,489,1359,233,2713,452,0,10,142,99,0,10,47,41,477,220,15,24,462,218
1400000US42101023800,42101023800,"Census Tract 238, Philadelphia County, Pennsylvania",4392,588,1175,337,2943,456,10,18,98,88,0,10,43,72,123,149,0,10,123,149
1400000US42101023900,42101023900,"Census Tract 239, Philadelphia County, Pennsylvania",1363,163,387,118,816,186,0,10,83,79,0,10,40,44,37,38,0,10,37,38
1400000US42101024000,42101024000,"Census Tract 240, Philadelphia County, Pennsylvania",3815,537,1322,308,2168,513,0,10,88,67,0,10,57,71,180,141,0,10,180,141
1400000US42101024100,42101024100,"Census Tract 241, Philadelphia County, Pennsylvania",1535,227,394,122,1052,250,13,15,6,14,0,10,11,15,59,39,8,16,51,37
1400000US42101024200,42101024200,"Census Tract 242, Philadelphia County, Pennsylvania",3383,510,373,226,2841,546,0,10,0,10,0,10,90,132,79,77,0,10,79,77
1400000US42101024300,42101024300,"Census Tract 243, Philadelphia County, Pennsylvania",3927,723,506,185,3358,715,0,10,16,25,14,22,0,10,33,41,0,10,33,41
1400000US42101024400,42101024400,"Census Tract 244, Philadelphia County, Pennsylvania",2598,380,134,113,2434,385,20,32,0,10,0,10,0,10,10,17,0,10,10,17
1400000US42101024500,42101024500,"Census Tract 245, Philadelphia County, Pennsylvania",3709,437,281,143,3340,422,23,27,0,10,0,10,37,49,28,33,16,25,12,22
1400000US42101024600,42101024600,"Census Tract 246, Philadelphia County, Pennsylvania",3165,355,427,225,2624,392,12,18,0,10,0,10,46,76,56,69,0,10,56,69
1400000US42101024700,42101024700,"Census Tract 247, Philadelphia County, Pennsylvania",5020,649,266,177,4545,661,0,14,8,16,7,13,14,25,180,177,29,48,151,166
1400000US42101024800,42101024800,"Census Tract 248, Philadelphia County, Pennsylvania",2167,187,43,29,2049,210,66,92,0,10,0,10,0,10,9,16,0,10,9,16
1400000US42101024900,42101024900,"Census Tract 249, Philadelphia County, Pennsylvania",3107,586,26,26,3003,596,2,4,0,10,0,10,69,107,7,11,0,10,7,11
1400000US42101025200,42101025200,"Census Tract 252, Philadelphia County, Pennsylvania",6591,918,480,206,6032,891,43,57,15,25,0,14,0,14,21,39,0,14,21,39
1400000US42101025300,42101025300,"Census Tract 253, Philadelphia County, Pennsylvania",3867,437,268,115,3250,445,0,10,120,134,0,10,49,80,180,200,0,10,180,200
1400000US42101025400,42101025400,"Census Tract 254, Philadelphia County, Pennsylvania",4145,411,482,146,3361,420,46,63,39,34,0,10,63,53,154,86,0,10,154,86
1400000US42101025500,42101025500,"Census Tract 255, Philadelphia County, Pennsylvania",2950,333,765,137,1844,360,0,10,28,43,0,10,64,73,249,170,0,10,249,170
1400000US42101025600,42101025600,"Census Tract 256, Philadelphia County, Pennsylvania",2912,247,1477,196,1271,197,11,16,21,22,0,10,63,74,69,74,0,10,69,74
1400000US42101025700,42101025700,"Census Tract 257, Philadelphia County, Pennsylvania",3464,274,2060,245,1041,206,0,10,166,110,0,10,0,10,197,120,0,10,197,120
1400000US42101025800,42101025800,"Census Tract 258, Philadelphia County, Pennsylvania",1693,248,32,24,1643,250,5,7,0,10,0,10,0,10,13,15,0,10,13,15
1400000US42101025900,42101025900,"Census Tract 259, Philadelphia County, Pennsylvania",4830,565,66,68,4611,603,0,10,68,61,0,10,0,10,85,91,14,26,71,92
1400000US42101026000,42101026000,"Census Tract 260, Philadelphia County, Pennsylvania",3096,297,155,104,2750,346,0,10,10,16,0,10,82,98,99,84,0,10,99,84
1400000US42101026100,42101026100,"Census Tract 261, Philadelphia County, Pennsylvania",3207,423,78,61,3116,424,0,10,0,10,12,21,0,10,1,2,0,10,1,2
1400000US42101026200,42101026200,"Census Tract 262, Philadelphia County, Pennsylvania",4449,376,70,50,4306,377,16,23,0,10,0,10,9,14,48,46,0,10,48,46
1400000US42101026301,42101026301,"Census Tract 263.01, Philadelphia County, Pennsylvania",4270,476,29,27,4162,475,0,10,0,10,0,10,0,10,79,62,0,10,79,62
1400000US42101026302,42101026302,"Census Tract 263.02, Philadelphia County, Pennsylvania",5537,663,130,110,5257,667,0,14,71,114,0,14,0,14,79,111,0,14,79,111
1400000US42101026400,42101026400,"Census Tract 264, Philadelphia County, Pennsylvania",5753,745,84,86,5489,809,0,14,1,2,0,14,35,53,144,132,0,14,144,132
1400000US42101026500,42101026500,"Census Tract 265, Philadelphia County, Pennsylvania",5229,624,64,44,5077,623,0,14,0,14,0,14,0,14,88,82,0,14,88,82
1400000US42101026600,42101026600,"Census Tract 266, Philadelphia County, Pennsylvania",6855,787,22,32,6650,794,14,22,0,14,0,14,0,14,169,112,0,14,169,112
1400000US42101026700,42101026700,"Census Tract 267, Philadelphia County, Pennsylvania",6722,689,192,234,6487,672,0,14,0,14,0,14,0,14,43,51,0,14,43,51
1400000US42101026800,42101026800,"Census Tract 268, Philadelphia County, Pennsylvania",4949,543,245,137,4285,567,0,10,356,208,0,10,0,10,63,44,13,21,50,38
1400000US42101026900,42101026900,"Census Tract 269, Philadelphia County, Pennsylvania",2229,293,434,83,1549,277,0,10,35,31,0,10,121,140,90,54,16,23,74,50
1400000US42101027000,42101027000,"Census Tract 270, Philadelphia County, Pennsylvania",2818,358,326,135,2037,248,0,10,364,326,0,10,13,20,78,104,3,14,75,102
1400000US42101027100,42101027100,"Census Tract 271, Philadelphia County, Pennsylvania",2938,270,146,75,1863,252,0,10,646,116,0,10,207,160,76,66,25,26,51,64
1400000US42101027200,42101027200,"Census Tract 272, Philadelphia County, Pennsylvania",4920,401,401,181,4051,413,0,10,323,180,0,10,11,18,134,73,59,45,75,63
1400000US42101027300,42101027300,"Census Tract 273, Philadelphia County, Pennsylvania",7439,841,855,411,4205,816,13,21,2046,401,0,14,274,188,46,45,18,32,28,35
1400000US42101027401,42101027401,"Census Tract 274.01, Philadelphia County, Pennsylvania",3262,359,373,176,1512,305,8,14,1065,228,0,10,92,116,212,216,0,10,212,216
1400000US42101027402,42101027402,"Census Tract 274.02, Philadelphia County, Pennsylvania",7245,873,521,226,3694,611,0,14,1180,430,612,656,1068,569,170,134,28,47,142,129
1400000US42101027500,42101027500,"Census Tract 275, Philadelphia County, Pennsylvania",5147,605,585,133,3581,569,12,18,712,253,0,14,257,287,0,14,0,14,0,14
1400000US42101027600,42101027600,"Census Tract 276, Philadelphia County, Pennsylvania",3547,411,65,52,3361,435,0,10,0,10,0,10,0,10,121,165,11,17,110,170
1400000US42101027700,42101027700,"Census Tract 277, Philadelphia County, Pennsylvania",5126,641,161,161,4577,640,0,14,245,81,0,14,0,14,143,157,0,14,143,157
1400000US42101027800,42101027800,"Census Tract 278, Philadelphia County, Pennsylvania",4836,686,329,284,4474,652,8,13,6,14,0,10,0,10,19,30,19,30,0,10
1400000US42101027901,42101027901,"Census Tract 279.01, Philadelphia County, Pennsylvania",4514,1145,95,91,3462,462,10,17,78,118,0,10,844,1182,25,30,0,10,25,30
1400000US42101027902,42101027902,"Census Tract 279.02, Philadelphia County, Pennsylvania",4638,460,1720,325,2376,340,0,10,160,88,7,14,244,190,131,115,11,16,120,109
1400000US42101028000,42101028000,"Census Tract 280, Philadelphia County, Pennsylvania",4141,460,26,33,4009,476,0,10,66,87,0,10,1,4,39,47,0,10,39,47
1400000US42101028100,42101028100,"Census Tract 281, Philadelphia County, Pennsylvania",4124,681,420,314,3644,590,0,10,50,55,0,10,10,15,0,10,0,10,0,10
1400000US42101028200,42101028200,"Census Tract 282, Philadelphia County, Pennsylvania",5236,651,376,186,4426,586,24,28,316,176,0,14,8,15,86,92,32,37,54,86
1400000US42101028300,42101028300,"Census Tract 283, Philadelphia County, Pennsylvania",5877,693,595,293,4760,603,0,14,87,128,0,14,0,14,435,310,161,200,274,249
1400000US42101028400,42101028400,"Census Tract 284, Philadelphia County, Pennsylvania",4655,626,552,275,3457,697,46,60,93,108,0,10,398,309,109,99,0,10,109,99
1400000US42101028500,42101028500,"Census Tract 285, Philadelphia County, Pennsylvania",2921,392,614,286,1256,281,261,221,366,235,0,10,380,226,44,37,0,10,44,37
1400000US42101028600,42101028600,"Census Tract 286, Philadelphia County, Pennsylvania",7984,879,937,448,5170,747,40,69,382,343,0,14,1249,615,206,188,180,163,26,43
1400000US42101028700,42101028700,"Census Tract 287, Philadelphia County, Pennsylvania",2527,282,620,211,761,151,11,17,80,91,0,10,860,265,195,166,73,74,122,147
1400000US42101028800,42101028800,"Census Tract 288, Philadelphia County, Pennsylvania",4409,442,1081,437,792,271,0,10,807,404,0,10,1461,425,268,215,0,10,268,215
1400000US42101028901,42101028901,"Census Tract 289.01, Philadelphia County, Pennsylvania",4417,474,925,354,1079,266,39,60,272,218,0,10,1821,473,281,301,57,96,224,281
1400000US42101028902,42101028902,"Census Tract 289.02, Philadelphia County, Pennsylvania",6923,679,1799,582,1410,529,62,82,711,279,94,133,2484,775,363,325,35,37,328,325
1400000US42101029000,42101029000,"Census Tract 290, Philadelphia County, Pennsylvania",7208,779,1445,666,3196,743,197,252,899,420,0,14,1247,684,224,196,31,49,193,189
1400000US42101029100,42101029100,"Census Tract 291, Philadelphia County, Pennsylvania",4811,534,863,261,1971,375,10,16,1071,312,0,10,742,454,154,114,74,76,80,84
1400000US42101029200,42101029200,"Census Tract 292, Philadelphia County, Pennsylvania",4061,487,1218,302,1563,265,0,10,214,154,0,10,715,338,351,250,43,37,308,248
1400000US42101029300,42101029300,"Census Tract 293, Philadelphia County, Pennsylvania",2937,469,892,283,1060,279,50,77,6,10,116,164,741,444,72,66,0,10,72,66
1400000US42101029400,42101029400,"Census Tract 294, Philadelphia County, Pennsylvania",2882,444,987,317,1404,329,0,10,92,106,12,21,350,319,37,42,0,10,37,42
1400000US42101029800,42101029800,"Census Tract 298, Philadelphia County, Pennsylvania",4907,514,2209,322,1607,340,0,10,154,123,0,10,715,460,222,190,39,52,183,187
1400000US42101029900,42101029900,"Census Tract 299, Philadelphia County, Pennsylvania",3957,474,1438,350,2056,391,32,41,50,48,9,19,335,175,37,45,18,28,19,32
1400000US42101030000,42101030000,"Census Tract 300, Philadelphia County, Pennsylvania",7171,993,1701,481,4392,928,98,146,136,128,0,14,438,380,406,250,72,96,334,231
1400000US42101030100,42101030100,"Census Tract 301, Philadelphia County, Pennsylvania",4899,811,1993,603,2393,696,15,24,45,44,0,10,265,255,188,170,82,133,106,103
1400000US42101030200,42101030200,"Census Tract 302, Philadelphia County, Pennsylvania",6800,896,2096,642,3342,736,0,14,347,239,0,14,610,314,405,232,121,137,284,212
1400000US42101030501,42101030501,"Census Tract 305.01, Philadelphia County, Pennsylvania",6314,705,1386,421,3562,710,47,57,98,115,0,14,1040,494,181,124,18,29,163,121
1400000US42101030502,42101030502,"Census Tract 305.02, Philadelphia County, Pennsylvania",6462,586,1189,325,3138,582,68,110,1029,434,0,14,867,390,171,168,0,14,171,168
1400000US42101030600,42101030600,"Census Tract 306, Philadelphia County, Pennsylvania",8519,776,3809,553,2327,580,41,61,530,570,0,14,1552,448,260,206,163,193,97,95
1400000US42101030700,42101030700,"Census Tract 307, Philadelphia County, Pennsylvania",4158,617,2239,450,1618,527,0,10,135,151,0,10,62,51,104,100,12,18,92,99
1400000US42101030800,42101030800,"Census Tract 308, Philadelphia County, Pennsylvania",4570,470,2537,337,837,290,0,10,659,440,0,10,190,135,347,275,2,9,345,277
1400000US42101030900,42101030900,"Census Tract 309, Philadelphia County, Pennsylvania",4507,571,1221,333,1596,337,33,52,863,288,0,10,559,274,235,185,48,61,187,168
1400000US42101031000,42101031000,"Census Tract 310, Philadelphia County, Pennsylvania",8413,759,3614,685,2135,488,0,14,1527,390,0,14,992,563,145,124,68,100,77,74
1400000US42101031101,42101031101,"Census Tract 311.01, Philadelphia County, Pennsylvania",5479,486,1948,402,2128,416,16,25,584,128,0,14,665,312,138,147,36,62,102,128
1400000US42101031102,42101031102,"Census Tract 311.02, Philadelphia County, Pennsylvania",3997,363,814,240,2287,365,57,74,315,194,0,10,470,234,54,54,0,10,54,54
1400000US42101031200,42101031200,"Census Tract 312, Philadelphia County, Pennsylvania",5081,479,1083,375,2487,353,0,14,617,324,0,14,811,360,83,62,0,14,83,62
1400000US42101031300,42101031300,"Census Tract 313, Philadelphia County, Pennsylvania",6222,737,2616,583,1602,500,0,14,1372,427,0,14,211,165,421,270,67,97,354,253
1400000US42101031401,42101031401,"Census Tract 314.01, Philadelphia County, Pennsylvania",6941,727,2315,510,1348,429,18,27,1923,462,17,30,922,481,398,314,0,14,398,314
1400000US42101031402,42101031402,"Census Tract 314.02, Philadelphia County, Pennsylvania",5685,517,2843,422,854,222,0,14,1671,327,0,14,261,256,56,63,38,57,18,26
1400000US42101031501,42101031501,"Census Tract 315.01, Philadelphia County, Pennsylvania",6503,667,5236,706,237,166,0,14,638,275,0,14,316,310,76,82,0,14,76,82
1400000US42101031502,42101031502,"Census Tract 315.02, Philadelphia County, Pennsylvania",3524,371,2575,341,320,167,17,28,474,135,0,10,71,72,67,67,0,10,67,67
1400000US42101031600,42101031600,"Census Tract 316, Philadelphia County, Pennsylvania",5854,593,3712,482,1081,460,0,14,475,222,0,14,381,318,205,207,6,19,199,205
1400000US42101031700,42101031700,"Census Tract 317, Philadelphia County, Pennsylvania",6314,699,3086,432,1723,445,0,14,531,350,0,14,432,335,542,405,351,309,191,172
1400000US42101031800,42101031800,"Census Tract 318, Philadelphia County, Pennsylvania",4131,409,1476,318,1840,438,20,31,379,254,0,10,387,234,29,34,0,10,29,34
1400000US42101031900,42101031900,"Census Tract 319, Philadelphia County, Pennsylvania",4359,652,2432,491,1238,497,0,10,227,156,0,10,375,264,87,69,13,20,74,64
1400000US42101032000,42101032000,"Census Tract 320, Philadelphia County, Pennsylvania",6652,647,5010,640,874,456,0,14,336,232,0,14,387,238,45,77,0,14,45,77
1400000US42101032100,42101032100,"Census Tract 321, Philadelphia County, Pennsylvania",4172,638,2272,313,1106,240,0,10,103,136,0,10,514,530,177,214,0,10,177,214
1400000US42101032300,42101032300,"Census Tract 323, Philadelphia County, Pennsylvania",3163,367,2135,325,799,246,0,10,0,10,0,10,149,119,80,104,0,10,80,104
1400000US42101032500,42101032500,"Census Tract 325, Philadelphia County, Pennsylvania",6047,796,4020,457,1544,678,0,14,0,14,0,14,237,275,246,221,35,57,211,214
1400000US42101032600,42101032600,"Census Tract 326, Philadelphia County, Pennsylvania",6363,904,4359,700,1056,352,25,40,117,131,0,14,673,462,133,104,92,93,41,48
1400000US42101032900,42101032900,"Census Tract 329, Philadelphia County, Pennsylvania",3264,548,2110,472,773,279,0,10,34,32,0,10,127,136,220,254,48,74,172,238
1400000US42101033000,42101033000,"Census Tract 330, Philadelphia County, Pennsylvania",7224,885,6236,924,505,282,0,14,0,14,0,14,157,150,326,264,16,28,310,262
1400000US42101033101,42101033101,"Census Tract 331.01, Philadelphia County, Pennsylvania",4699,395,4393,405,131,115,0,10,93,109,0,10,0,10,82,78,0,10,82,78
1400000US42101033102,42101033102,"Census Tract 331.02, Philadelphia County, Pennsylvania",3551,437,3101,454,315,141,0,10,34,39,0,10,58,59,43,36,15,23,28,27
1400000US42101033200,42101033200,"Census Tract 332, Philadelphia County, Pennsylvania",2708,205,2387,240,81,62,0,10,207,112,0,10,26,39,7,11,0,10,7,11
1400000US42101033300,42101033300,"Census Tract 333, Philadelphia County, Pennsylvania",4510,388,3424,428,776,289,0,10,122,85,0,10,188,163,0,10,0,10,0,10
1400000US42101033400,42101033400,"Census Tract 334, Philadelphia County, Pennsylvania",5486,562,3424,396,953,300,0,14,871,218,0,14,203,247,35,48,0,14,35,48
1400000US42101033500,42101033500,"Census Tract 335, Philadelphia County, Pennsylvania",4055,390,2021,343,659,269,0,10,513,173,0,10,791,320,71,64,28,34,43,52
1400000US42101033600,42101033600,"Census Tract 336, Philadelphia County, Pennsylvania",7351,638,5372,598,604,218,0,14,404,364,0,14,563,282,408,242,31,45,377,228
1400000US42101033701,42101033701,"Census Tract 337.01, Philadelphia County, Pennsylvania",5233,651,4193,632,523,370,0,14,367,217,0,14,58,66,92,115,0,14,92,115
1400000US42101033702,42101033702,"Census Tract 337.02, Philadelphia County, Pennsylvania",5107,495,3377,455,456,198,0,14,1016,241,0,14,81,138,177,131,0,14,177,131
1400000US42101033800,42101033800,"Census Tract 338, Philadelphia County, Pennsylvania",6283,680,4376,652,762,467,24,37,461,110,0,14,190,187,470,335,76,102,394,322
1400000US42101033900,42101033900,"Census Tract 339, Philadelphia County, Pennsylvania",3483,404,2511,390,454,295,0,10,278,224,0,10,131,132,109,99,0,10,109,99
1400000US42101034000,42101034000,"Census Tract 340, Philadelphia County, Pennsylvania",2923,224,1973,258,327,209,0,10,192,116,0,10,297,275,134,143,10,16,124,135
1400000US42101034100,42101034100,"Census Tract 341, Philadelphia County, Pennsylvania",6038,511,5390,637,432,281,0,14,175,200,0,14,0,14,41,50,0,14,41,50
1400000US42101034200,42101034200,"Census Tract 342, Philadelphia County, Pennsylvania",3595,280,2826,333,367,166,0,10,277,214,0,10,79,82,46,53,0,10,46,53
1400000US42101034400,42101034400,"Census Tract 344, Philadelphia County, Pennsylvania",7712,523,6217,480,340,194,32,43,764,269,0,14,315,216,44,51,29,45,15,24
1400000US42101034501,42101034501,"Census Tract 345.01, Philadelphia County, Pennsylvania",3804,586,2613,576,373,213,0,10,683,191,0,10,128,122,7,14,0,10,7,14
1400000US42101034502,42101034502,"Census Tract 345.02, Philadelphia County, Pennsylvania",4771,546,3192,738,939,376,0,10,440,291,0,10,30,51,170,227,69,103,101,144
1400000US42101034600,42101034600,"Census Tract 346, Philadelphia County, Pennsylvania",2679,302,1403,270,742,245,0,10,439,207,0,10,41,37,54,51,29,46,25,20
1400000US42101034701,42101034701,"Census Tract 347.01, Philadelphia County, Pennsylvania",6515,655,4623,564,580,210,0,14,573,312,0,14,199,176,540,354,408,339,132,96
1400000US42101034702,42101034702,"Census Tract 347.02, Philadelphia County, Pennsylvania",3945,269,3139,347,335,218,0,10,363,240,0,10,41,48,67,72,22,35,45,64
1400000US42101034801,42101034801,"Census Tract 348.01, Philadelphia County, Pennsylvania",4180,269,3615,293,402,258,0,10,104,100,0,10,8,13,51,55,47,55,4,9
1400000US42101034802,42101034802,"Census Tract 348.02, Philadelphia County, Pennsylvania",5423,480,3618,499,1337,260,0,14,0,14,0,14,275,254,193,216,0,14,193,216
1400000US42101034803,42101034803,"Census Tract 348.03, Philadelphia County, Pennsylvania",4422,397,3573,401,311,163,11,17,312,224,0,10,203,254,12,19,0,10,12,19
1400000US42101034900,42101034900,"Census Tract 349, Philadelphia County, Pennsylvania",5508,779,3808,537,804,271,0,14,294,85,0,14,475,614,127,149,0,14,127,149
1400000US42101035100,42101035100,"Census Tract 351, Philadelphia County, Pennsylvania",3693,332,3462,338,183,114,0,10,0,10,0,10,14,29,34,88,0,10,34,88
1400000US42101035200,42101035200,"Census Tract 352, Philadelphia County, Pennsylvania",4257,325,3777,303,41,45,0,10,413,216,0,10,21,28,5,10,0,10,5,10
1400000US42101035301,42101035301,"Census Tract 353.01, Philadelphia County, Pennsylvania",5371,363,4669,381,121,76,40,66,301,180,0,14,150,149,90,75,0,14,90,75
1400000US42101035302,42101035302,"Census Tract 353.02, Philadelphia County, Pennsylvania",4453,259,3864,300,354,197,0,10,198,160,0,10,9,13,28,20,7,11,21,17
1400000US42101035500,42101035500,"Census Tract 355, Philadelphia County, Pennsylvania",7074,454,5594,489,268,101,101,106,887,231,0,14,148,157,76,95,51,85,25,40
1400000US42101035601,42101035601,"Census Tract 356.01, Philadelphia County, Pennsylvania",5763,596,5023,587,84,71,0,14,553,269,0,14,22,35,81,77,0,14,81,77
1400000US42101035602,42101035602,"Census Tract 356.02, Philadelphia County, Pennsylvania",3183,303,1880,240,189,118,36,60,943,231,0,10,124,106,11,19,0,10,11,19
1400000US42101035701,42101035701,"Census Tract 357.01, Philadelphia County, Pennsylvania",4490,411,2436,327,513,259,0,10,1437,320,0,10,86,89,18,30,18,30,0,10
1400000US42101035702,42101035702,"Census Tract 357.02, Philadelphia County, Pennsylvania",4206,396,3554,391,90,74,0,10,425,160,0,10,0,10,137,133,8,13,129,131
1400000US42101035800,42101035800,"Census Tract 358, Philadelphia County, Pennsylvania",7038,732,5693,517,519,597,14,25,567,233,0,14,137,218,108,143,0,14,108,143
1400000US42101035900,42101035900,"Census Tract 359, Philadelphia County, Pennsylvania",5150,330,4289,339,195,141,0,14,649,138,0,14,17,28,0,14,0,14,0,14
1400000US42101036000,42101036000,"Census Tract 360, Philadelphia County, Pennsylvania",3118,310,1727,366,377,169,0,10,946,343,0,10,9,15,59,44,6,11,53,47
1400000US42101036100,42101036100,"Census Tract 361, Philadelphia County, Pennsylvania",3925,410,3001,313,639,313,0,10,45,53,0,10,216,178,24,49,0,10,24,49
1400000US42101036201,42101036201,"Census Tract 362.01, Philadelphia County, Pennsylvania",5019,427,4425,447,486,368,0,14,43,42,0,14,8,16,57,60,0,14,57,60
1400000US42101036202,42101036202,"Census Tract 362.02, Philadelphia County, Pennsylvania",6246,461,5373,486,330,185,0,14,285,202,0,14,64,74,194,202,0,14,194,202
1400000US42101036203,42101036203,"Census Tract 362.03, Philadelphia County, Pennsylvania",5492,333,5121,367,25,42,0,14,169,135,0,14,82,123,95,72,32,51,63,49
1400000US42101036301,42101036301,"Census Tract 363.01, Philadelphia County, Pennsylvania",3370,282,2689,258,95,85,0,10,554,104,0,10,9,15,23,28,5,10,18,22
1400000US42101036302,42101036302,"Census Tract 363.02, Philadelphia County, Pennsylvania",3597,488,2591,433,700,275,0,10,85,91,84,114,40,46,97,85,49,48,48,73
1400000US42101036303,42101036303,"Census Tract 363.03, Philadelphia County, Pennsylvania",6212,444,5712,453,162,183,0,14,316,229,22,35,0,14,0,14,0,14,0,14
1400000US42101036400,42101036400,"Census Tract 364, Philadelphia County, Pennsylvania",759,262,502,212,184,97,13,13,24,20,0,10,14,19,22,30,6,13,16,20
1400000US42101036501,42101036501,"Census Tract 365.01, Philadelphia County, Pennsylvania",5385,544,4323,533,746,370,0,14,241,206,0,14,0,14,75,74,27,38,48,62
1400000US42101036502,42101036502,"Census Tract 365.02, Philadelphia County, Pennsylvania",4288,251,4119,272,4,8,7,12,137,115,0,10,0,10,21,21,0,10,21,21
1400000US42101036600,42101036600,"Census Tract 366, Philadelphia County, Pennsylvania",1867,238,1289,185,165,95,32,31,288,123,0,10,17,27,76,96,0,10,76,96
1400000US42101036700,42101036700,"Census Tract 367, Philadelphia County, Pennsylvania",2747,250,2063,211,517,126,7,10,92,43,0,10,35,33,33,37,20,33,13,16
1400000US42101036900,42101036900,"Census Tract 369, Philadelphia County, Pennsylvania",5139,1002,2948,378,501,195,9,18,1433,656,71,102,40,47,137,94,4,6,133,94
1400000US42101037200,42101037200,"Census Tract 372, Philadelphia County, Pennsylvania",4564,395,3138,375,294,204,0,10,999,203,0,10,73,109,60,40,0,10,60,40
1400000US42101037300,42101037300,"Census Tract 373, Philadelphia County, Pennsylvania",5440,409,4582,463,319,168,0,14,499,248,0,14,9,23,31,34,0,14,31,34
1400000US42101037500,42101037500,"Census Tract 375, Philadelphia County, Pennsylvania",4241,485,2182,341,1730,275,0,10,197,90,5,9,83,102,44,42,0,10,44,42
1400000US42101037600,42101037600,"Census Tract 376, Philadelphia County, Pennsylvania",2822,394,1322,342,669,201,14,23,628,137,0,10,85,68,104,66,4,7,100,67
1400000US42101037700,42101037700,"Census Tract 377, Philadelphia County, Pennsylvania",5338,1363,1957,694,2468,530,7,10,458,339,20,30,386,254,42,39,7,14,35,32
1400000US42101037800,42101037800,"Census Tract 378, Philadelphia County, Pennsylvania",2242,277,1909,292,246,169,19,31,33,31,0,10,12,19,23,24,0,10,23,24
1400000US42101037900,42101037900,"Census Tract 379, Philadelphia County, Pennsylvania",5308,475,5102,510,148,164,0,14,0,14,0,14,58,95,0,14,0,14,0,14
1400000US42101038000,42101038000,"Census Tract 380, Philadelphia County, Pennsylvania",2216,215,1837,245,113,92,22,39,36,45,15,26,161,124,32,28,11,16,21,22
1400000US42101038100,42101038100,"Census Tract 381, Philadelphia County, Pennsylvania",920,193,568,154,298,124,0,10,5,7,0,10,20,22,29,30,0,10,29,30
1400000US42101038200,42101038200,"Census Tract 382, Philadelphia County, Pennsylvania",2551,321,1602,250,396,174,0,10,41,43,0,10,352,192,160,171,0,10,160,171
1400000US42101038300,42101038300,"Census Tract 383, Philadelphia County, Pennsylvania",3972,577,1091,394,1273,363,99,154,0,10,20,32,1287,445,202,143,20,24,182,142
1400000US42101038400,42101038400,"Census Tract 384, Philadelphia County, Pennsylvania",2532,174,2119,155,260,131,0,10,31,40,0,10,31,32,91,67,0,10,91,67
1400000US42101038500,42101038500,"Census Tract 385, Philadelphia County, Pennsylvania",1922,147,1717,128,118,95,0,10,56,40,0,10,1,3,30,31,20,29,10,15
1400000US42101038600,42101038600,"Census Tract 386, Philadelphia County, Pennsylvania",1369,74,1140,79,156,75,5,7,24,25,0,10,0,10,44,37,0,10,44,37
1400000US42101038700,42101038700,"Census Tract 387, Philadelphia County, Pennsylvania",2439,261,1898,245,307,106,12,18,101,49,0,10,31,30,90,54,8,16,82,50
1400000US42101038800,42101038800,"Census Tract 388, Philadelphia County, Pennsylvania",3767,325,2308,239,1077,340,0,10,196,103,0,10,74,56,112,69,0,10,112,69
1400000US42101038900,42101038900,"Census Tract 389, Philadelphia County, Pennsylvania",3221,380,302,141,2869,407,15,21,17,20,0,10,4,7,14,17,0,10,14,17
1400000US42101039000,42101039000,"Census Tract 390, Philadelphia County, Pennsylvania",8258,826,1475,430,5327,816,0,14,235,187,0,14,1017,541,204,221,0,14,204,221
1400000US42101980000,42101980000,"Census Tract 9800, Philadelphia County, Pennsylvania",1248,554,773,385,148,104,0,10,180,204,0,10,67,64,80,78,0,10,80,78
1400000US42101980100,42101980100,"Census Tract 9801, Philadelphia County, Pennsylvania",80,34,80,34,0,10,0,10,0,10,0,10,0,10,0,10,0,10,0,10
1400000US42101980200,42101980200,"Census Tract 9802, Philadelphia County, Pennsylvania",479,178,383,212,90,69,0,10,0,10,3,5,0,10,3,8,0,10,3,8
1400000US42101980300,42101980300,"Census Tract 9803, Philadelphia County, Pennsylvania",0,10,0,10,0,10,0,10,0,10,0,10,0,10,0,10,0,10,0,10
1400000US42101980400,42101980400,"Census Tract 9804, Philadelphia County, Pennsylvania",0,10,0,10,0,10,0,10,0,10,0,10,0,10,0,10,0,10,0,10
1400000US42101980500,42101980500,"Census Tract 9805, Philadelphia County, Pennsylvania",0,10,0,10,0,10,0,10,0,10,0,10,0,10,0,10,0,10,0,10
1400000US42101980600,42101980600,"Census Tract 9806, Philadelphia County, Pennsylvania",0,10,0,10,0,10,0,10,0,10,0,10,0,10,0,10,0,10,0,10
1400000US42101980700,42101980700,"Census Tract 9807, Philadelphia County, Pennsylvania",0,10,0,10,0,10,0,10,0,10,0,10,0,10,0,10,0,10,0,10
1400000US42101980800,42101980800,"Census Tract 9808, Philadelphia County, Pennsylvania",0,10,0,10,0,10,0,10,0,10,0,10,0,10,0,10,0,10,0,10
1400000US42101980900,42101980900,"Census Tract 9809, Philadelphia County, Pennsylvania",4,6,4,6,0,10,0,10,0,10,0,10,0,10,0,10,0,10,0,10
1400000US42101989100,42101989100,"Census Tract 9891, Philadelphia County, Pennsylvania",3145,531,641,141,2239,441,47,37,49,45,0,10,104,38,65,50,38,43,27,20
