GEO.id,GEO.id2,GEO.display-label,HD01_VD01,HD02_VD01,HD01_VD02,HD02_VD02,HD01_VD03,HD02_VD03,HD01_VD04,HD02_VD04,HD01_VD05,HD02_VD05,HD01_VD06,HD02_VD06,HD01_VD07,HD02_VD07,HD01_VD08,HD02_VD08,HD01_VD09,HD02_VD09,HD01_VD10,HD02_VD10
Id,Id2,Geography,Estimate; Total:,Margin of Error; Total:,Estimate; Total: - White alone,Margin of Error; Total: - White alone,Estimate; Total: - Black or African American alone,Margin of Error; Total: - Black or African American alone,Estimate; Total: - American Indian and Alaska Native alone,Margin of Error; Total: - American Indian and Alaska Native alone,Estimate; Total: - Asian alone,Margin of Error; Total: - Asian alone,Estimate; Total: - Native Hawaiian and Other Pacific Islander alone,Margin of Error; Total: - Native Hawaiian and Other Pacific Islander alone,Estimate; Total: - Some other race alone,Margin of Error; Total: - Some other race alone,Estimate; Total: - Two or more races:,Margin of Error; Total: - Two or more races:,Estimate; Total: - Two or more races: - Two races including Some other race,Margin of Error; Total: - Two or more races: - Two races including Some other race,"Estimate; Total: - Two or more races: - Two races excluding Some other race, and three or more races","Margin of Error; Total: - Two or more races: - Two races excluding Some other race, and three or more races"
1400000US42101000100,42101000100,"Census Tract 1, Philadelphia County, Pennsylvania",3527,403,2723,389,369,121,3,8,303,164,0,10,62,62,67,58,20,31,47,49
1400000US42101000200,42101000200,"Census Tract 2, Philadelphia County, Pennsylvania",2285,386,780,254,134,89,0,10,1277,354,0,10,23,35,71,71,10,16,61,69
1400000US42101000300,42101000300,"Census Tract 3, Philadelphia County, Pennsylvania",3438,360,2809,375,179,91,0,10,333,122,0,10,30,47,87,65,9,15,78,64
1400000US42101000401,42101000401,"Census Tract 4.01, Philadelphia County, Pennsylvania",2566,235,1529,224,331,169,0,10,672,218,0,10,8,14,26,32,8,13,18,29
1400000US42101000402,42101000402,"Census Tract 4.02, Philadelphia County, Pennsylvania",3067,269,2761,313,62,83,0,10,232,121,0,10,0,10,12,22,0,10,12,22
1400000US42101000500,42101000500,"Census Tract 5, Philadelphia County, Pennsylvania",2388,563,1040,211,763,363,29,45,390,136,0,10,114,61,52,42,30,35,22,25
1400000US42101000600,42101000600,"Census Tract 6, Philadelphia County, Pennsylvania",1455,460,1077,428,150,67,0,10,197,78,0,10,22,28,9,13,0,10,9,13
1400000US42101000700,42101000700,"Census Tract 7, Philadelphia County, Pennsylvania",3097,441,2037,271,342,210,0,10,680,288,0,10,0,10,38,44,0,10,38,44
1400000US42101000801,42101000801,"Census Tract 8.01, Philadelphia County, Pennsylvania",1764,255,1327,294,224,154,0,10,129,90,0,10,67,94,17,28,17,28,0,10
1400000US42101000803,42101000803,"Census Tract 8.03, Philadelphia County, Pennsylvania",3688,361,3343,373,17,24,88,110,186,101,0,10,0,10,54,62,36,57,18,27
1400000US42101000804,42101000804,"Census Tract 8.04, Philadelphia County, Pennsylvania",3785,369,3195,336,99,110,42,47,407,260,0,10,0,10,42,66,0,10,42,66
1400000US42101000901,42101000901,"Census Tract 9.01, Philadelphia County, Pennsylvania",1853,202,1263,212,158,107,0,10,388,155,0,10,35,44,9,13,0,10,9,13
1400000US42101000902,42101000902,"Census Tract 9.02, Philadelphia County, Pennsylvania",2599,282,1898,255,127,75,0,10,515,110,0,10,11,19,48,29,0,10,48,29
1400000US42101001001,42101001001,"Census Tract 10.01, Philadelphia County, Pennsylvania",2400,277,2083,222,27,31,0,10,138,100,0,10,0,10,152,145,0,10,152,145
1400000US42101001002,42101001002,"Census Tract 10.02, Philadelphia County, Pennsylvania",3340,242,3063,277,23,31,3,6,213,201,0,10,0,10,38,46,0,10,38,46
1400000US42101001101,42101001101,"Census Tract 11.01, Philadelphia County, Pennsylvania",3198,422,2830,408,155,82,0,10,160,102,0,10,5,10,48,46,0,10,48,46
1400000US42101001102,42101001102,"Census Tract 11.02, Philadelphia County, Pennsylvania",2433,296,2160,284,98,59,62,82,83,62,0,10,10,15,20,21,0,10,20,21
1400000US42101001201,42101001201,"Census Tract 12.01, Philadelphia County, Pennsylvania",4012,400,3583,415,43,40,19,28,202,145,0,10,6,11,159,122,0,10,159,122
1400000US42101001202,42101001202,"Census Tract 12.02, Philadelphia County, Pennsylvania",5046,474,4283,463,331,187,0,10,278,141,0,10,101,140,53,41,17,23,36,33
1400000US42101001300,42101001300,"Census Tract 13, Philadelphia County, Pennsylvania",5562,356,3038,439,1666,361,78,120,443,164,17,35,23,36,297,171,16,26,281,171
1400000US42101001400,42101001400,"Census Tract 14, Philadelphia County, Pennsylvania",4374,558,2840,460,775,276,0,10,277,145,10,15,69,91,403,223,33,52,370,231
1400000US42101001500,42101001500,"Census Tract 15, Philadelphia County, Pennsylvania",2758,304,1866,277,406,198,65,97,354,174,0,10,41,42,26,32,0,10,26,32
1400000US42101001600,42101001600,"Census Tract 16, Philadelphia County, Pennsylvania",1942,259,1743,232,76,74,0,10,34,27,0,10,24,34,65,63,0,10,65,63
1400000US42101001700,42101001700,"Census Tract 17, Philadelphia County, Pennsylvania",2820,239,2242,245,199,113,0,10,184,171,0,10,102,100,93,86,0,10,93,86
1400000US42101001800,42101001800,"Census Tract 18, Philadelphia County, Pennsylvania",3007,334,2076,280,529,166,0,10,259,154,0,10,36,47,107,66,0,10,107,66
1400000US42101001900,42101001900,"Census Tract 19, Philadelphia County, Pennsylvania",2641,369,1449,226,1009,332,8,15,96,61,0,10,9,14,70,46,0,10,70,46
1400000US42101002000,42101002000,"Census Tract 20, Philadelphia County, Pennsylvania",2119,316,378,178,1665,252,0,10,6,11,0,10,1,4,69,65,0,10,69,65
1400000US42101002100,42101002100,"Census Tract 21, Philadelphia County, Pennsylvania",2147,229,507,185,1550,194,0,10,27,25,0,10,4,6,59,37,0,10,59,37
1400000US42101002200,42101002200,"Census Tract 22, Philadelphia County, Pennsylvania",2320,369,581,153,1455,327,0,10,170,107,0,10,6,10,108,122,0,10,108,122
1400000US42101002300,42101002300,"Census Tract 23, Philadelphia County, Pennsylvania",2721,267,2226,249,53,74,0,10,295,99,22,34,10,16,115,101,5,8,110,101
1400000US42101002400,42101002400,"Census Tract 24, Philadelphia County, Pennsylvania",5361,597,3871,578,498,117,0,10,775,146,0,10,67,62,150,125,0,10,150,125
1400000US42101002500,42101002500,"Census Tract 25, Philadelphia County, Pennsylvania",3542,384,2125,245,1046,245,0,10,165,131,0,10,85,92,121,79,10,15,111,78
1400000US42101002701,42101002701,"Census Tract 27.01, Philadelphia County, Pennsylvania",3766,547,1687,422,1059,376,20,27,921,255,0,10,22,28,57,50,0,10,57,50
1400000US42101002702,42101002702,"Census Tract 27.02, Philadelphia County, Pennsylvania",3828,326,3386,344,178,194,0,10,231,164,0,10,7,10,26,32,26,32,0,10
1400000US42101002801,42101002801,"Census Tract 28.01, Philadelphia County, Pennsylvania",4572,667,2250,675,255,191,68,107,1798,521,0,10,136,148,65,64,28,44,37,48
1400000US42101002802,42101002802,"Census Tract 28.02, Philadelphia County, Pennsylvania",5532,601,3851,399,18,29,0,10,1332,349,19,38,256,387,56,56,0,10,56,56
1400000US42101002900,42101002900,"Census Tract 29, Philadelphia County, Pennsylvania",4240,391,3473,438,17,31,0,10,549,406,0,10,102,104,99,59,20,30,79,45
1400000US42101003001,42101003001,"Census Tract 30.01, Philadelphia County, Pennsylvania",4557,528,1245,357,966,229,25,29,1970,415,8,14,147,200,196,163,7,11,189,163
1400000US42101003002,42101003002,"Census Tract 30.02, Philadelphia County, Pennsylvania",3295,455,675,230,2332,419,41,48,188,160,0,10,13,18,46,75,0,10,46,75
1400000US42101003100,42101003100,"Census Tract 31, Philadelphia County, Pennsylvania",3852,505,365,224,3108,467,0,10,201,205,0,10,11,20,167,137,57,83,110,117
1400000US42101003200,42101003200,"Census Tract 32, Philadelphia County, Pennsylvania",4745,709,526,346,4121,628,0,10,0,10,0,10,28,43,70,96,0,10,70,96
1400000US42101003300,42101003300,"Census Tract 33, Philadelphia County, Pennsylvania",6562,849,1546,395,4602,698,2,6,184,129,0,15,23,30,205,205,0,15,205,205
1400000US42101003600,42101003600,"Census Tract 36, Philadelphia County, Pennsylvania",7375,970,1355,329,4435,860,0,15,867,370,0,15,109,132,609,511,300,405,309,299
1400000US42101003701,42101003701,"Census Tract 37.01, Philadelphia County, Pennsylvania",5867,682,563,249,4303,820,0,15,696,404,0,15,76,111,229,258,164,244,65,91
1400000US42101003702,42101003702,"Census Tract 37.02, Philadelphia County, Pennsylvania",3729,441,1296,217,1602,363,7,11,614,176,0,10,9,17,201,122,21,28,180,120
1400000US42101003800,42101003800,"Census Tract 38, Philadelphia County, Pennsylvania",3805,391,3737,388,37,56,0,10,7,10,0,10,0,10,24,27,0,10,24,27
1400000US42101003901,42101003901,"Census Tract 39.01, Philadelphia County, Pennsylvania",6677,818,4606,764,464,257,40,45,1263,574,0,15,182,244,122,130,0,15,122,130
1400000US42101003902,42101003902,"Census Tract 39.02, Philadelphia County, Pennsylvania",6020,395,5498,420,66,83,0,15,102,91,0,15,0,15,354,243,0,15,354,243
1400000US42101004001,42101004001,"Census Tract 40.01, Philadelphia County, Pennsylvania",4290,423,3559,406,138,125,0,10,542,117,0,10,22,25,29,32,0,10,29,32
1400000US42101004002,42101004002,"Census Tract 40.02, Philadelphia County, Pennsylvania",4785,445,4378,416,0,10,51,81,150,174,0,10,0,10,206,181,20,32,186,177
1400000US42101004101,42101004101,"Census Tract 41.01, Philadelphia County, Pennsylvania",6533,870,2301,510,1249,440,69,98,2295,742,0,15,269,260,350,304,127,202,223,225
1400000US42101004102,42101004102,"Census Tract 41.02, Philadelphia County, Pennsylvania",9422,1231,4670,1280,1157,582,0,15,2992,699,0,15,178,225,425,252,0,15,425,252
1400000US42101004201,42101004201,"Census Tract 42.01, Philadelphia County, Pennsylvania",5659,457,4248,510,390,301,0,15,884,179,0,15,0,15,137,183,0,15,137,183
1400000US42101004202,42101004202,"Census Tract 42.02, Philadelphia County, Pennsylvania",5365,497,4072,506,359,283,32,46,819,357,0,15,31,48,52,42,0,15,52,42
1400000US42101005000,42101005000,"Census Tract 50, Philadelphia County, Pennsylvania",0,10,0,10,0,10,0,10,0,10,0,10,0,10,0,10,0,10,0,10
1400000US42101005400,42101005400,"Census Tract 54, Philadelphia County, Pennsylvania",1230,173,218,76,844,170,0,10,105,80,0,10,7,11,56,39,0,10,56,39
1400000US42101005500,42101005500,"Census Tract 55, Philadelphia County, Pennsylvania",6437,798,701,203,5478,855,0,15,209,279,0,15,17,29,32,39,0,15,32,39
1400000US42101005600,42101005600,"Census Tract 56, Philadelphia County, Pennsylvania",1116,156,75,67,963,174,0,10,40,52,0,10,1,3,37,38,0,10,37,38
1400000US42101006000,42101006000,"Census Tract 60, Philadelphia County, Pennsylvania",6436,742,1145,325,4808,695,14,25,384,95,0,15,26,32,59,72,0,15,59,72
1400000US42101006100,42101006100,"Census Tract 61, Philadelphia County, Pennsylvania",3514,374,454,126,2579,407,0,10,444,151,0,10,8,11,29,45,0,10,29,45
1400000US42101006200,42101006200,"Census Tract 62, Philadelphia County, Pennsylvania",4782,564,440,219,4161,479,17,28,139,163,0,10,0,10,25,36,0,10,25,36
1400000US42101006300,42101006300,"Census Tract 63, Philadelphia County, Pennsylvania",3844,585,510,286,2751,503,0,10,452,195,0,10,47,65,84,67,0,10,84,67
1400000US42101006400,42101006400,"Census Tract 64, Philadelphia County, Pennsylvania",3544,509,269,168,2767,540,12,24,408,160,0,10,0,10,88,73,9,14,79,73
1400000US42101006500,42101006500,"Census Tract 65, Philadelphia County, Pennsylvania",4214,431,91,91,3906,425,21,34,60,64,0,10,7,12,129,151,0,10,129,151
1400000US42101006600,42101006600,"Census Tract 66, Philadelphia County, Pennsylvania",3418,478,106,115,2769,466,0,10,479,130,0,10,22,36,42,45,0,10,42,45
1400000US42101006700,42101006700,"Census Tract 67, Philadelphia County, Pennsylvania",6536,978,885,324,4842,891,0,15,435,252,0,15,228,298,146,162,0,15,146,162
1400000US42101006900,42101006900,"Census Tract 69, Philadelphia County, Pennsylvania",2253,329,30,46,2149,315,6,9,0,10,0,10,68,110,0,10,0,10,0,10
1400000US42101007000,42101007000,"Census Tract 70, Philadelphia County, Pennsylvania",3760,476,117,94,3451,501,0,10,0,10,0,10,0,10,192,227,0,10,192,227
1400000US42101007101,42101007101,"Census Tract 71.01, Philadelphia County, Pennsylvania",2985,337,150,109,2777,343,0,10,6,13,0,10,52,65,0,10,0,10,0,10
1400000US42101007102,42101007102,"Census Tract 71.02, Philadelphia County, Pennsylvania",4773,648,58,57,4656,677,0,10,51,80,0,10,0,10,8,16,0,10,8,16
1400000US42101007200,42101007200,"Census Tract 72, Philadelphia County, Pennsylvania",4388,608,125,98,4234,581,0,10,4,26,0,10,0,10,25,30,0,10,25,30
1400000US42101007300,42101007300,"Census Tract 73, Philadelphia County, Pennsylvania",2633,399,82,60,2496,396,0,10,0,10,0,10,0,10,55,60,0,10,55,60
1400000US42101007400,42101007400,"Census Tract 74, Philadelphia County, Pennsylvania",4454,530,420,177,3914,588,0,10,70,64,0,10,17,20,33,28,20,23,13,16
1400000US42101007700,42101007700,"Census Tract 77, Philadelphia County, Pennsylvania",2076,404,1004,258,484,128,0,10,468,168,10,15,6,8,104,64,21,21,83,63
1400000US42101007800,42101007800,"Census Tract 78, Philadelphia County, Pennsylvania",3861,447,2180,370,1046,370,23,37,202,108,0,10,66,65,344,146,52,56,292,139
1400000US42101007900,42101007900,"Census Tract 79, Philadelphia County, Pennsylvania",4574,482,2352,337,1556,363,0,10,297,185,0,10,81,98,288,315,21,31,267,313
1400000US42101008000,42101008000,"Census Tract 80, Philadelphia County, Pennsylvania",3955,399,583,160,2966,427,89,101,113,109,0,10,27,31,177,218,9,14,168,216
1400000US42101008101,42101008101,"Census Tract 81.01, Philadelphia County, Pennsylvania",2448,486,8,12,2380,477,0,10,0,10,0,10,9,15,51,67,0,10,51,67
1400000US42101008102,42101008102,"Census Tract 81.02, Philadelphia County, Pennsylvania",5512,548,5,8,5339,603,58,77,0,15,0,15,9,15,101,98,0,15,101,98
1400000US42101008200,42101008200,"Census Tract 82, Philadelphia County, Pennsylvania",7290,809,17,23,7185,833,0,15,0,15,0,15,0,15,88,103,0,15,88,103
1400000US42101008301,42101008301,"Census Tract 83.01, Philadelphia County, Pennsylvania",4479,546,72,63,4270,563,0,10,53,55,0,10,47,76,37,41,22,35,15,24
1400000US42101008302,42101008302,"Census Tract 83.02, Philadelphia County, Pennsylvania",4055,553,13,18,3827,504,0,10,86,95,0,10,11,16,118,113,0,10,118,113
1400000US42101008400,42101008400,"Census Tract 84, Philadelphia County, Pennsylvania",5213,702,146,101,4873,694,0,15,15,20,0,15,44,65,135,82,29,44,106,67
1400000US42101008500,42101008500,"Census Tract 85, Philadelphia County, Pennsylvania",6992,907,314,180,6652,854,17,25,0,15,0,15,0,15,9,19,0,15,9,19
1400000US42101008601,42101008601,"Census Tract 86.01, Philadelphia County, Pennsylvania",2852,327,1556,273,978,299,37,38,146,96,0,10,23,34,112,83,9,14,103,79
1400000US42101008602,42101008602,"Census Tract 86.02, Philadelphia County, Pennsylvania",2893,724,503,197,2179,762,0,10,59,71,0,10,152,240,0,10,0,10,0,10
1400000US42101008701,42101008701,"Census Tract 87.01, Philadelphia County, Pennsylvania",5292,793,2806,600,556,334,22,35,1213,546,0,15,257,265,438,301,0,15,438,301
1400000US42101008702,42101008702,"Census Tract 87.02, Philadelphia County, Pennsylvania",3488,918,1705,453,669,645,4,9,867,215,0,10,64,76,179,125,0,10,179,125
1400000US42101008801,42101008801,"Census Tract 88.01, Philadelphia County, Pennsylvania",2001,326,1253,206,181,122,18,28,420,143,29,53,19,26,81,49,8,17,73,46
1400000US42101008802,42101008802,"Census Tract 88.02, Philadelphia County, Pennsylvania",7489,1471,4848,1108,606,209,0,15,1505,281,0,15,379,518,151,104,46,69,105,78
1400000US42101009000,42101009000,"Census Tract 90, Philadelphia County, Pennsylvania",5774,514,3740,377,381,144,0,15,1269,281,0,15,110,56,274,115,36,30,238,113
1400000US42101009100,42101009100,"Census Tract 91, Philadelphia County, Pennsylvania",2675,309,838,205,1243,324,4,9,543,250,0,10,0,10,47,32,4,8,43,35
1400000US42101009200,42101009200,"Census Tract 92, Philadelphia County, Pennsylvania",3316,461,512,259,2299,392,0,10,443,232,0,10,0,10,62,67,0,10,62,67
1400000US42101009300,42101009300,"Census Tract 93, Philadelphia County, Pennsylvania",3936,527,105,87,3758,541,9,13,20,31,0,10,0,10,44,60,0,10,44,60
1400000US42101009400,42101009400,"Census Tract 94, Philadelphia County, Pennsylvania",4106,366,41,61,3929,379,0,10,12,19,0,10,28,51,96,78,26,42,70,68
1400000US42101009500,42101009500,"Census Tract 95, Philadelphia County, Pennsylvania",3205,443,20,34,3116,440,36,38,0,10,0,10,0,10,33,38,0,10,33,38
1400000US42101009600,42101009600,"Census Tract 96, Philadelphia County, Pennsylvania",4319,612,78,83,4124,585,0,10,52,58,0,10,37,58,28,28,0,10,28,28
1400000US42101009801,42101009801,"Census Tract 98.01, Philadelphia County, Pennsylvania",2356,291,409,112,1813,313,5,10,80,105,0,10,6,11,43,54,0,10,43,54
1400000US42101009802,42101009802,"Census Tract 98.02, Philadelphia County, Pennsylvania",5945,505,653,247,5145,543,0,15,68,73,0,15,0,15,79,125,0,15,79,125
1400000US42101010000,42101010000,"Census Tract 100, Philadelphia County, Pennsylvania",4810,442,512,187,4222,465,0,10,34,52,0,10,0,10,42,38,0,10,42,38
1400000US42101010100,42101010100,"Census Tract 101, Philadelphia County, Pennsylvania",5377,924,509,731,4616,725,70,103,0,15,0,15,49,61,133,120,0,15,133,120
1400000US42101010200,42101010200,"Census Tract 102, Philadelphia County, Pennsylvania",3037,571,18,27,2995,577,8,14,0,10,0,10,0,10,16,26,0,10,16,26
1400000US42101010300,42101010300,"Census Tract 103, Philadelphia County, Pennsylvania",2492,285,7,11,2320,307,0,10,0,10,0,10,108,154,57,82,0,10,57,82
1400000US42101010400,42101010400,"Census Tract 104, Philadelphia County, Pennsylvania",3467,617,95,99,3339,595,0,10,4,6,0,10,4,10,25,41,0,10,25,41
1400000US42101010500,42101010500,"Census Tract 105, Philadelphia County, Pennsylvania",3989,482,247,113,3655,468,0,10,0,10,0,10,0,10,87,49,37,34,50,36
1400000US42101010600,42101010600,"Census Tract 106, Philadelphia County, Pennsylvania",1398,312,74,70,1273,317,0,10,33,43,0,10,0,10,18,20,0,10,18,20
1400000US42101010700,42101010700,"Census Tract 107, Philadelphia County, Pennsylvania",3376,453,108,96,3048,381,0,10,13,19,0,10,67,153,140,176,0,10,140,176
1400000US42101010800,42101010800,"Census Tract 108, Philadelphia County, Pennsylvania",3627,528,211,88,3328,515,0,10,0,10,0,10,12,19,76,94,0,10,76,94
1400000US42101010900,42101010900,"Census Tract 109, Philadelphia County, Pennsylvania",2247,357,287,117,1852,339,0,10,63,44,0,10,4,7,41,29,0,10,41,29
1400000US42101011000,42101011000,"Census Tract 110, Philadelphia County, Pennsylvania",3278,521,222,179,2985,522,0,10,8,13,0,10,53,63,10,16,0,10,10,16
1400000US42101011100,42101011100,"Census Tract 111, Philadelphia County, Pennsylvania",3279,459,130,112,3095,449,0,10,9,14,0,10,0,10,45,68,45,68,0,10
1400000US42101011200,42101011200,"Census Tract 112, Philadelphia County, Pennsylvania",4921,890,31,32,4843,889,0,10,2,4,0,10,0,10,45,51,17,27,28,43
1400000US42101011300,42101011300,"Census Tract 113, Philadelphia County, Pennsylvania",3016,493,0,10,3007,493,0,10,0,10,0,10,0,10,9,14,0,10,9,14
1400000US42101011400,42101011400,"Census Tract 114, Philadelphia County, Pennsylvania",7503,816,112,90,7144,850,22,36,165,256,21,32,17,28,22,30,0,15,22,30
1400000US42101011500,42101011500,"Census Tract 115, Philadelphia County, Pennsylvania",4681,351,453,105,4055,365,0,10,66,76,0,10,0,10,107,89,0,10,107,89
1400000US42101011700,42101011700,"Census Tract 117, Philadelphia County, Pennsylvania",1948,475,1257,473,508,119,55,65,60,35,0,10,31,39,37,34,12,24,25,23
1400000US42101011800,42101011800,"Census Tract 118, Philadelphia County, Pennsylvania",6197,626,151,164,5550,640,0,15,106,138,0,15,135,149,255,207,12,21,243,206
1400000US42101011900,42101011900,"Census Tract 119, Philadelphia County, Pennsylvania",4909,721,17,18,4600,687,0,15,110,117,0,15,86,126,96,99,0,15,96,99
1400000US42101012000,42101012000,"Census Tract 120, Philadelphia County, Pennsylvania",1916,232,678,176,1044,193,28,36,59,36,0,10,21,23,86,41,26,17,60,36
1400000US42101012100,42101012100,"Census Tract 121, Philadelphia County, Pennsylvania",2869,310,637,216,1986,309,0,10,149,120,25,41,13,22,59,56,9,14,50,51
1400000US42101012201,42101012201,"Census Tract 122.01, Philadelphia County, Pennsylvania",3151,359,1067,251,1131,223,0,10,756,343,0,10,31,38,166,142,0,10,166,142
1400000US42101012203,42101012203,"Census Tract 122.03, Philadelphia County, Pennsylvania",1070,175,489,154,370,98,55,83,93,75,0,10,30,44,33,27,0,10,33,27
1400000US42101012204,42101012204,"Census Tract 122.04, Philadelphia County, Pennsylvania",3291,339,943,183,2092,306,0,10,204,170,0,10,0,10,52,50,0,10,52,50
1400000US42101012500,42101012500,"Census Tract 125, Philadelphia County, Pennsylvania",5197,519,4384,543,307,192,39,49,334,143,0,10,29,33,104,102,0,10,104,102
1400000US42101013100,42101013100,"Census Tract 131, Philadelphia County, Pennsylvania",1500,199,376,120,936,192,0,10,143,73,0,10,10,16,35,32,0,10,35,32
1400000US42101013200,42101013200,"Census Tract 132, Philadelphia County, Pennsylvania",2836,465,251,144,2457,367,3,7,106,104,0,10,15,30,4,8,0,10,4,8
1400000US42101013300,42101013300,"Census Tract 133, Philadelphia County, Pennsylvania",3696,680,1550,307,1717,623,0,10,163,95,0,10,179,211,87,55,10,16,77,53
1400000US42101013401,42101013401,"Census Tract 134.01, Philadelphia County, Pennsylvania",2390,207,2180,238,71,59,36,53,81,93,0,10,22,36,0,10,0,10,0,10
1400000US42101013402,42101013402,"Census Tract 134.02, Philadelphia County, Pennsylvania",2877,348,2279,370,305,213,0,10,211,132,0,10,20,29,62,66,0,10,62,66
1400000US42101013500,42101013500,"Census Tract 135, Philadelphia County, Pennsylvania",3370,348,1709,268,1138,295,0,10,94,64,0,10,395,311,34,29,34,29,0,10
1400000US42101013601,42101013601,"Census Tract 136.01, Philadelphia County, Pennsylvania",2761,321,2130,221,295,181,0,10,273,191,0,10,0,10,63,52,0,10,63,52
1400000US42101013602,42101013602,"Census Tract 136.02, Philadelphia County, Pennsylvania",3957,452,3051,382,642,390,13,21,142,91,0,10,0,10,109,72,26,32,83,54
1400000US42101013700,42101013700,"Census Tract 137, Philadelphia County, Pennsylvania",4412,600,1030,363,3264,583,0,10,39,60,0,10,14,27,65,64,0,10,65,64
1400000US42101013800,42101013800,"Census Tract 138, Philadelphia County, Pennsylvania",2240,405,411,342,1729,339,10,15,0,10,0,10,13,20,77,75,0,10,77,75
1400000US42101013900,42101013900,"Census Tract 139, Philadelphia County, Pennsylvania",3337,708,403,268,2805,546,0,10,26,32,0,10,103,128,0,10,0,10,0,10
1400000US42101014000,42101014000,"Census Tract 140, Philadelphia County, Pennsylvania",2809,420,805,288,1887,271,0,10,30,32,0,10,32,26,55,72,0,10,55,72
1400000US42101014100,42101014100,"Census Tract 141, Philadelphia County, Pennsylvania",2181,376,462,211,1355,368,0,10,72,63,0,10,12,29,280,193,72,120,208,131
1400000US42101014200,42101014200,"Census Tract 142, Philadelphia County, Pennsylvania",3615,331,2768,315,336,124,0,10,134,106,0,10,191,184,186,78,35,31,151,78
1400000US42101014300,42101014300,"Census Tract 143, Philadelphia County, Pennsylvania",1612,176,1329,165,31,24,0,10,142,95,0,10,35,38,75,68,33,45,42,53
1400000US42101014400,42101014400,"Census Tract 144, Philadelphia County, Pennsylvania",3323,529,1750,343,441,253,1,2,122,76,0,10,679,357,330,280,107,86,223,260
1400000US42101014500,42101014500,"Census Tract 145, Philadelphia County, Pennsylvania",1615,257,166,95,1083,204,0,10,25,27,0,10,231,132,110,146,104,146,6,11
1400000US42101014600,42101014600,"Census Tract 146, Philadelphia County, Pennsylvania",3615,474,1325,330,2069,259,0,10,139,77,0,10,22,27,60,65,14,26,46,60
1400000US42101014700,42101014700,"Census Tract 147, Philadelphia County, Pennsylvania",3595,552,1450,425,1742,499,27,41,366,177,0,10,10,13,0,10,0,10,0,10
1400000US42101014800,42101014800,"Census Tract 148, Philadelphia County, Pennsylvania",1014,152,97,121,899,173,0,10,8,14,0,10,0,10,10,12,6,10,4,6
1400000US42101014900,42101014900,"Census Tract 149, Philadelphia County, Pennsylvania",3230,579,106,66,2697,483,0,10,111,114,0,10,0,10,316,411,7,11,309,411
1400000US42101015101,42101015101,"Census Tract 151.01, Philadelphia County, Pennsylvania",2015,395,84,90,1858,403,0,10,0,10,0,10,25,40,48,64,0,10,48,64
1400000US42101015102,42101015102,"Census Tract 151.02, Philadelphia County, Pennsylvania",3530,508,30,38,3297,489,30,35,26,34,0,10,20,31,127,160,96,152,31,51
1400000US42101015200,42101015200,"Census Tract 152, Philadelphia County, Pennsylvania",6098,871,307,258,5560,851,0,15,0,15,0,15,187,175,44,94,0,15,44,94
1400000US42101015300,42101015300,"Census Tract 153, Philadelphia County, Pennsylvania",3860,531,2174,498,1385,295,0,10,161,89,0,10,7,14,133,140,0,10,133,140
1400000US42101015600,42101015600,"Census Tract 156, Philadelphia County, Pennsylvania",1981,311,648,211,304,139,0,10,7,10,0,10,895,314,127,94,40,38,87,94
1400000US42101015700,42101015700,"Census Tract 157, Philadelphia County, Pennsylvania",2668,321,1368,324,96,49,49,48,117,164,33,59,896,325,109,60,49,49,60,44
1400000US42101015800,42101015800,"Census Tract 158, Philadelphia County, Pennsylvania",5872,550,5631,557,99,78,0,15,57,71,0,15,33,54,52,50,0,15,52,50
1400000US42101016000,42101016000,"Census Tract 160, Philadelphia County, Pennsylvania",6435,737,5667,633,124,107,0,15,299,202,0,15,106,91,239,215,121,176,118,96
1400000US42101016100,42101016100,"Census Tract 161, Philadelphia County, Pennsylvania",4791,644,2614,390,415,233,52,74,848,231,0,15,845,522,17,25,0,15,17,25
1400000US42101016200,42101016200,"Census Tract 162, Philadelphia County, Pennsylvania",2206,337,644,294,482,227,0,10,0,10,0,10,979,299,101,76,44,41,57,64
1400000US42101016300,42101016300,"Census Tract 163, Philadelphia County, Pennsylvania",3935,529,1249,489,455,234,24,33,496,268,0,10,1640,525,71,86,7,12,64,87
1400000US42101016400,42101016400,"Census Tract 164, Philadelphia County, Pennsylvania",4543,612,647,208,2578,463,10,16,0,10,0,10,1180,369,128,98,34,33,94,92
1400000US42101016500,42101016500,"Census Tract 165, Philadelphia County, Pennsylvania",2065,359,96,100,1543,257,0,10,0,10,0,10,360,220,66,55,26,44,40,33
1400000US42101016600,42101016600,"Census Tract 166, Philadelphia County, Pennsylvania",1624,232,324,122,1241,224,0,10,9,11,0,10,37,48,13,30,0,10,13,30
1400000US42101016701,42101016701,"Census Tract 167.01, Philadelphia County, Pennsylvania",2932,541,24,27,2859,536,14,23,28,46,0,10,0,10,7,11,0,10,7,11
1400000US42101016702,42101016702,"Census Tract 167.02, Philadelphia County, Pennsylvania",2930,467,239,221,2622,466,42,66,0,10,0,10,0,10,27,43,0,10,27,43
1400000US42101016800,42101016800,"Census Tract 168, Philadelphia County, Pennsylvania",4206,439,174,161,3942,483,16,21,0,10,0,10,0,10,74,94,0,10,74,94
1400000US42101016901,42101016901,"Census Tract 169.01, Philadelphia County, Pennsylvania",3356,493,58,78,3221,474,0,10,7,13,0,10,0,10,70,74,0,10,70,74
1400000US42101016902,42101016902,"Census Tract 169.02, Philadelphia County, Pennsylvania",5798,868,159,174,5629,893,0,15,0,15,0,15,0,15,10,16,0,15,10,16
1400000US42101017000,42101017000,"Census Tract 170, Philadelphia County, Pennsylvania",3050,373,566,162,2325,361,0,10,102,81,0,10,35,32,22,25,9,14,13,22
1400000US42101017100,42101017100,"Census Tract 171, Philadelphia County, Pennsylvania",4078,494,91,102,3854,517,30,28,0,10,0,10,37,55,66,66,34,51,32,39
1400000US42101017201,42101017201,"Census Tract 172.01, Philadelphia County, Pennsylvania",3375,417,70,55,3205,401,0,10,0,10,0,10,5,25,95,108,0,10,95,108
1400000US42101017202,42101017202,"Census Tract 172.02, Philadelphia County, Pennsylvania",3341,538,158,207,3122,488,0,10,48,74,0,10,0,10,13,23,0,10,13,23
1400000US42101017300,42101017300,"Census Tract 173, Philadelphia County, Pennsylvania",3178,455,66,46,3073,437,0,10,6,12,0,10,15,28,18,23,0,10,18,23
1400000US42101017400,42101017400,"Census Tract 174, Philadelphia County, Pennsylvania",2268,338,30,26,2117,351,28,43,0,10,0,10,93,110,0,10,0,10,0,10
1400000US42101017500,42101017500,"Census Tract 175, Philadelphia County, Pennsylvania",7214,959,1693,580,2491,813,0,15,0,15,0,15,2866,923,164,186,0,15,164,186
1400000US42101017601,42101017601,"Census Tract 176.01, Philadelphia County, Pennsylvania",5922,625,1816,462,721,390,16,18,0,15,0,15,3192,700,177,102,170,101,7,11
1400000US42101017602,42101017602,"Census Tract 176.02, Philadelphia County, Pennsylvania",3906,460,1359,408,546,217,7,8,17,19,0,10,1776,407,201,132,107,103,94,79
1400000US42101017701,42101017701,"Census Tract 177.01, Philadelphia County, Pennsylvania",3937,677,1032,358,1236,461,0,10,54,77,0,10,1403,572,212,120,92,76,120,91
1400000US42101017702,42101017702,"Census Tract 177.02, Philadelphia County, Pennsylvania",6371,884,1885,483,1481,586,0,15,67,79,0,15,2493,759,445,253,172,99,273,230
1400000US42101017800,42101017800,"Census Tract 178, Philadelphia County, Pennsylvania",6775,794,1985,629,1766,619,30,47,441,288,0,15,2296,722,257,182,88,111,169,144
1400000US42101017900,42101017900,"Census Tract 179, Philadelphia County, Pennsylvania",7236,1521,3184,721,2977,1444,91,146,37,62,21,34,615,519,311,174,68,73,243,146
1400000US42101018001,42101018001,"Census Tract 180.01, Philadelphia County, Pennsylvania",2372,364,2216,367,36,55,0,10,31,49,0,10,0,10,89,82,0,10,89,82
1400000US42101018002,42101018002,"Census Tract 180.02, Philadelphia County, Pennsylvania",5502,610,5221,570,1,2,0,15,0,15,0,15,54,85,226,260,218,264,8,36
1400000US42101018300,42101018300,"Census Tract 183, Philadelphia County, Pennsylvania",3792,338,3764,332,15,23,0,10,12,20,0,10,1,3,0,10,0,10,0,10
1400000US42101018400,42101018400,"Census Tract 184, Philadelphia County, Pennsylvania",2497,335,2348,363,2,4,0,10,46,60,0,10,23,37,78,88,0,10,78,88
1400000US42101018800,42101018800,"Census Tract 188, Philadelphia County, Pennsylvania",8698,1111,3850,893,2738,776,43,67,113,121,0,15,1471,747,483,304,208,218,275,211
1400000US42101019000,42101019000,"Census Tract 190, Philadelphia County, Pennsylvania",7996,804,2722,667,1649,410,0,15,371,128,15,23,2440,772,799,518,216,202,583,486
1400000US42101019100,42101019100,"Census Tract 191, Philadelphia County, Pennsylvania",8397,766,3555,545,1167,363,0,15,1058,333,71,109,2453,744,93,115,40,70,53,87
1400000US42101019200,42101019200,"Census Tract 192, Philadelphia County, Pennsylvania",9150,865,2712,772,3444,877,423,435,129,190,14,23,2133,692,295,241,46,78,249,209
1400000US42101019501,42101019501,"Census Tract 195.01, Philadelphia County, Pennsylvania",4554,712,1632,414,610,407,211,193,0,10,11,18,1866,673,224,282,224,282,0,10
1400000US42101019502,42101019502,"Census Tract 195.02, Philadelphia County, Pennsylvania",3767,768,1898,843,684,302,0,10,0,10,0,10,1123,311,62,55,17,19,45,51
1400000US42101019700,42101019700,"Census Tract 197, Philadelphia County, Pennsylvania",6905,777,1264,592,3298,683,16,26,87,130,0,15,2076,728,164,127,83,75,81,95
1400000US42101019800,42101019800,"Census Tract 198, Philadelphia County, Pennsylvania",6577,677,1188,467,2337,471,73,75,181,118,129,199,2200,515,469,339,343,297,126,106
1400000US42101019900,42101019900,"Census Tract 199, Philadelphia County, Pennsylvania",4886,719,1096,352,1894,464,137,205,0,10,0,10,1549,585,210,127,74,82,136,121
1400000US42101020000,42101020000,"Census Tract 200, Philadelphia County, Pennsylvania",1276,261,170,126,991,321,0,10,60,54,0,10,31,51,24,27,0,10,24,27
1400000US42101020101,42101020101,"Census Tract 201.01, Philadelphia County, Pennsylvania",3871,603,41,63,3756,599,0,10,74,119,0,10,0,10,0,10,0,10,0,10
1400000US42101020102,42101020102,"Census Tract 201.02, Philadelphia County, Pennsylvania",3350,588,136,181,3095,552,0,10,0,10,0,10,22,37,97,164,0,10,97,164
1400000US42101020200,42101020200,"Census Tract 202, Philadelphia County, Pennsylvania",4782,639,146,95,4625,639,0,15,0,15,0,15,10,18,1,2,0,15,1,2
1400000US42101020300,42101020300,"Census Tract 203, Philadelphia County, Pennsylvania",2889,425,43,42,2801,417,0,10,0,10,0,10,18,24,27,29,0,10,27,29
1400000US42101020400,42101020400,"Census Tract 204, Philadelphia County, Pennsylvania",2538,420,13,15,2404,438,19,30,1,3,0,10,62,84,39,47,0,10,39,47
1400000US42101020500,42101020500,"Census Tract 205, Philadelphia County, Pennsylvania",2554,251,241,82,2090,277,63,70,61,68,0,10,26,34,73,80,0,10,73,80
1400000US42101020600,42101020600,"Census Tract 206, Philadelphia County, Pennsylvania",1877,384,949,294,659,193,11,17,146,63,0,10,56,56,56,40,0,10,56,40
1400000US42101020700,42101020700,"Census Tract 207, Philadelphia County, Pennsylvania",5787,520,4587,464,749,266,0,15,271,195,7,13,104,80,69,54,0,15,69,54
1400000US42101020800,42101020800,"Census Tract 208, Philadelphia County, Pennsylvania",2177,244,1106,197,711,166,0,10,286,131,0,10,40,64,34,27,0,10,34,27
1400000US42101020900,42101020900,"Census Tract 209, Philadelphia County, Pennsylvania",2962,437,2708,437,94,73,0,10,97,69,0,10,0,10,63,47,0,10,63,47
1400000US42101021000,42101021000,"Census Tract 210, Philadelphia County, Pennsylvania",5085,571,4649,616,288,258,0,15,60,49,0,15,0,15,88,70,32,52,56,47
1400000US42101021100,42101021100,"Census Tract 211, Philadelphia County, Pennsylvania",2409,184,2018,228,162,122,0,10,124,89,0,10,9,15,96,84,0,10,96,84
1400000US42101021200,42101021200,"Census Tract 212, Philadelphia County, Pennsylvania",2586,251,2059,242,188,120,0,10,147,136,0,10,130,184,62,49,0,10,62,49
1400000US42101021300,42101021300,"Census Tract 213, Philadelphia County, Pennsylvania",3436,356,3164,378,140,138,0,10,55,57,0,10,0,10,77,73,0,10,77,73
1400000US42101021400,42101021400,"Census Tract 214, Philadelphia County, Pennsylvania",3985,677,3464,611,501,271,0,10,0,10,0,10,0,10,20,23,13,21,7,11
1400000US42101021500,42101021500,"Census Tract 215, Philadelphia County, Pennsylvania",3873,343,3455,372,82,61,0,10,230,185,0,10,20,24,86,78,0,10,86,78
1400000US42101021600,42101021600,"Census Tract 216, Philadelphia County, Pennsylvania",2129,245,1871,260,102,52,0,10,71,65,0,10,27,30,58,34,0,10,58,34
1400000US42101021700,42101021700,"Census Tract 217, Philadelphia County, Pennsylvania",6578,711,5601,693,689,392,0,15,162,169,0,15,0,15,126,121,0,15,126,121
1400000US42101021800,42101021800,"Census Tract 218, Philadelphia County, Pennsylvania",4278,413,2976,474,622,231,0,10,294,202,22,38,288,321,76,94,0,10,76,94
1400000US42101021900,42101021900,"Census Tract 219, Philadelphia County, Pennsylvania",1578,137,1327,161,165,83,12,19,41,40,0,10,18,28,15,15,0,10,15,15
1400000US42101022000,42101022000,"Census Tract 220, Philadelphia County, Pennsylvania",1777,161,1331,188,286,192,0,10,67,47,0,10,79,129,14,14,0,10,14,14
1400000US42101023100,42101023100,"Census Tract 231, Philadelphia County, Pennsylvania",1269,111,1244,117,0,10,11,18,14,19,0,10,0,10,0,10,0,10,0,10
1400000US42101023500,42101023500,"Census Tract 235, Philadelphia County, Pennsylvania",1276,156,641,164,389,132,0,10,137,89,0,10,9,13,100,52,0,10,100,52
1400000US42101023600,42101023600,"Census Tract 236, Philadelphia County, Pennsylvania",3102,445,2078,375,854,350,11,17,32,31,0,10,119,112,8,13,0,10,8,13
1400000US42101023700,42101023700,"Census Tract 237, Philadelphia County, Pennsylvania",4896,483,1358,245,2914,453,0,10,125,110,0,10,53,53,446,237,16,25,430,235
1400000US42101023800,42101023800,"Census Tract 238, Philadelphia County, Pennsylvania",4460,587,1166,332,2994,509,10,19,78,86,0,10,20,32,192,160,0,10,192,160
1400000US42101023900,42101023900,"Census Tract 239, Philadelphia County, Pennsylvania",1260,190,341,132,809,210,0,10,17,19,0,10,44,45,49,52,0,10,49,52
1400000US42101024000,42101024000,"Census Tract 240, Philadelphia County, Pennsylvania",3711,617,1137,290,2127,528,0,10,145,102,0,10,142,173,160,118,0,10,160,118
1400000US42101024100,42101024100,"Census Tract 241, Philadelphia County, Pennsylvania",1301,249,345,151,905,223,9,10,0,10,0,10,6,12,36,32,14,23,22,22
1400000US42101024200,42101024200,"Census Tract 242, Philadelphia County, Pennsylvania",3795,558,481,247,3080,509,0,10,0,10,0,10,109,149,125,121,0,10,125,121
1400000US42101024300,42101024300,"Census Tract 243, Philadelphia County, Pennsylvania",3984,737,505,238,3414,724,0,10,15,24,11,21,5,12,34,39,0,10,34,39
1400000US42101024400,42101024400,"Census Tract 244, Philadelphia County, Pennsylvania",2715,530,140,119,2538,513,26,41,0,10,0,10,0,10,11,18,0,10,11,18
1400000US42101024500,42101024500,"Census Tract 245, Philadelphia County, Pennsylvania",3624,468,180,102,3343,476,23,25,15,19,0,10,35,53,28,33,13,21,15,25
1400000US42101024600,42101024600,"Census Tract 246, Philadelphia County, Pennsylvania",2947,391,296,153,2536,375,10,15,0,10,0,10,49,72,56,69,0,10,56,69
1400000US42101024700,42101024700,"Census Tract 247, Philadelphia County, Pennsylvania",4832,726,337,157,4266,736,0,10,5,10,4,8,16,27,204,202,39,60,165,185
1400000US42101024800,42101024800,"Census Tract 248, Philadelphia County, Pennsylvania",2101,231,28,25,1954,237,73,90,0,10,0,10,0,10,46,50,0,10,46,50
1400000US42101024900,42101024900,"Census Tract 249, Philadelphia County, Pennsylvania",2886,534,24,27,2787,553,0,10,0,10,0,10,67,102,8,12,0,10,8,12
1400000US42101025200,42101025200,"Census Tract 252, Philadelphia County, Pennsylvania",7316,941,569,226,6689,884,28,40,0,15,0,15,0,15,30,48,0,15,30,48
1400000US42101025300,42101025300,"Census Tract 253, Philadelphia County, Pennsylvania",3905,430,226,97,3375,439,0,10,56,85,0,10,54,86,194,220,0,10,194,220
1400000US42101025400,42101025400,"Census Tract 254, Philadelphia County, Pennsylvania",4242,362,444,139,3438,370,37,58,30,33,0,10,58,55,235,104,0,10,235,104
1400000US42101025500,42101025500,"Census Tract 255, Philadelphia County, Pennsylvania",2923,301,751,123,1925,310,0,10,14,30,0,10,26,40,207,173,0,10,207,173
1400000US42101025600,42101025600,"Census Tract 256, Philadelphia County, Pennsylvania",2927,246,1526,244,1250,179,12,18,13,13,0,10,54,67,72,68,19,27,53,61
1400000US42101025700,42101025700,"Census Tract 257, Philadelphia County, Pennsylvania",3611,335,2207,254,1075,234,0,10,119,87,0,10,0,10,210,149,0,10,210,149
1400000US42101025800,42101025800,"Census Tract 258, Philadelphia County, Pennsylvania",1564,223,29,28,1531,228,4,6,0,10,0,10,0,10,0,10,0,10,0,10
1400000US42101025900,42101025900,"Census Tract 259, Philadelphia County, Pennsylvania",5125,651,58,62,4901,722,0,10,68,80,0,10,0,10,98,86,16,29,82,80
1400000US42101026000,42101026000,"Census Tract 260, Philadelphia County, Pennsylvania",2996,309,160,95,2760,349,0,10,0,10,0,10,20,25,56,70,0,10,56,70
1400000US42101026100,42101026100,"Census Tract 261, Philadelphia County, Pennsylvania",3340,408,88,76,3252,392,0,10,0,10,0,10,0,10,0,10,0,10,0,10
1400000US42101026200,42101026200,"Census Tract 262, Philadelphia County, Pennsylvania",4592,403,79,57,4461,414,0,10,0,10,0,10,9,16,43,38,0,10,43,38
1400000US42101026301,42101026301,"Census Tract 263.01, Philadelphia County, Pennsylvania",4335,543,40,33,4212,546,0,10,0,10,0,10,0,10,83,72,0,10,83,72
1400000US42101026302,42101026302,"Census Tract 263.02, Philadelphia County, Pennsylvania",5978,774,214,135,5536,753,0,15,142,160,0,15,0,15,86,109,0,15,86,109
1400000US42101026400,42101026400,"Census Tract 264, Philadelphia County, Pennsylvania",5605,852,71,89,5373,881,0,15,15,23,0,15,1,2,145,139,0,15,145,139
1400000US42101026500,42101026500,"Census Tract 265, Philadelphia County, Pennsylvania",4965,661,81,62,4799,666,0,10,0,10,0,10,0,10,85,82,0,10,85,82
1400000US42101026600,42101026600,"Census Tract 266, Philadelphia County, Pennsylvania",6464,694,21,31,6267,728,13,22,0,15,0,15,0,15,163,113,0,15,163,113
1400000US42101026700,42101026700,"Census Tract 267, Philadelphia County, Pennsylvania",6456,675,154,233,6287,662,0,15,0,15,0,15,0,15,15,24,0,15,15,24
1400000US42101026800,42101026800,"Census Tract 268, Philadelphia County, Pennsylvania",5091,575,226,144,4382,575,0,15,410,223,0,15,0,15,73,59,14,24,59,55
1400000US42101026900,42101026900,"Census Tract 269, Philadelphia County, Pennsylvania",2255,269,468,118,1622,252,0,10,34,31,0,10,76,90,55,39,18,27,37,28
1400000US42101027000,42101027000,"Census Tract 270, Philadelphia County, Pennsylvania",2662,372,304,118,1952,244,0,10,394,379,0,10,12,18,0,10,0,10,0,10
1400000US42101027100,42101027100,"Census Tract 271, Philadelphia County, Pennsylvania",2942,294,208,99,1884,297,0,10,640,136,0,10,155,134,55,59,5,8,50,58
1400000US42101027200,42101027200,"Census Tract 272, Philadelphia County, Pennsylvania",4719,340,321,137,3854,352,0,10,461,192,0,10,14,23,69,46,47,44,22,26
1400000US42101027300,42101027300,"Census Tract 273, Philadelphia County, Pennsylvania",7424,670,828,370,4039,606,12,20,2164,480,0,15,331,272,50,51,14,25,36,44
1400000US42101027401,42101027401,"Census Tract 274.01, Philadelphia County, Pennsylvania",3351,378,299,171,1740,307,9,15,1024,199,0,10,86,98,193,200,0,10,193,200
1400000US42101027402,42101027402,"Census Tract 274.02, Philadelphia County, Pennsylvania",7393,617,555,238,3868,485,0,15,1386,444,698,699,790,466,96,85,26,41,70,71
1400000US42101027500,42101027500,"Census Tract 275, Philadelphia County, Pennsylvania",4990,524,534,148,3309,427,0,10,768,279,0,10,296,328,83,128,0,10,83,128
1400000US42101027600,42101027600,"Census Tract 276, Philadelphia County, Pennsylvania",3711,369,58,55,3461,346,0,10,0,10,0,10,0,10,192,186,0,10,192,186
1400000US42101027700,42101027700,"Census Tract 277, Philadelphia County, Pennsylvania",4891,669,76,120,4488,694,0,10,219,90,0,10,0,10,108,112,0,10,108,112
1400000US42101027800,42101027800,"Census Tract 278, Philadelphia County, Pennsylvania",4435,624,320,188,4097,580,0,10,0,10,0,10,0,10,18,29,18,29,0,10
1400000US42101027901,42101027901,"Census Tract 279.01, Philadelphia County, Pennsylvania",4642,970,94,85,3767,593,22,28,88,119,0,10,644,1053,27,33,0,10,27,33
1400000US42101027902,42101027902,"Census Tract 279.02, Philadelphia County, Pennsylvania",4723,490,1967,497,2320,309,0,10,116,77,8,14,214,184,98,89,9,13,89,88
1400000US42101028000,42101028000,"Census Tract 280, Philadelphia County, Pennsylvania",4298,437,49,46,4218,445,0,10,9,14,0,10,0,10,22,35,0,10,22,35
1400000US42101028100,42101028100,"Census Tract 281, Philadelphia County, Pennsylvania",3908,362,194,105,3665,373,0,10,39,42,0,10,9,15,1,2,0,10,1,2
1400000US42101028200,42101028200,"Census Tract 282, Philadelphia County, Pennsylvania",4848,581,285,128,4170,526,19,25,282,198,0,15,12,23,80,76,16,24,64,73
1400000US42101028300,42101028300,"Census Tract 283, Philadelphia County, Pennsylvania",6110,881,366,244,5212,804,0,15,328,330,0,15,0,15,204,180,141,173,63,56
1400000US42101028400,42101028400,"Census Tract 284, Philadelphia County, Pennsylvania",4966,738,463,293,3713,704,44,74,85,96,0,10,509,349,152,105,0,10,152,105
1400000US42101028500,42101028500,"Census Tract 285, Philadelphia County, Pennsylvania",2994,340,616,318,1324,266,274,225,313,203,0,10,445,216,22,21,0,10,22,21
1400000US42101028600,42101028600,"Census Tract 286, Philadelphia County, Pennsylvania",7975,872,911,448,4400,652,63,103,620,430,0,15,1631,698,350,417,350,417,0,15
1400000US42101028700,42101028700,"Census Tract 287, Philadelphia County, Pennsylvania",2685,283,649,214,661,192,52,44,63,97,0,10,1016,287,244,177,107,99,137,136
1400000US42101028800,42101028800,"Census Tract 288, Philadelphia County, Pennsylvania",4443,450,1276,438,825,243,0,10,693,301,0,10,1541,502,108,103,0,10,108,103
1400000US42101028901,42101028901,"Census Tract 289.01, Philadelphia County, Pennsylvania",4427,568,608,233,1019,261,36,55,293,177,0,10,2166,489,305,311,53,84,252,301
1400000US42101028902,42101028902,"Census Tract 289.02, Philadelphia County, Pennsylvania",7328,786,1488,558,2295,568,58,78,585,342,78,108,2504,776,320,286,35,46,285,284
1400000US42101029000,42101029000,"Census Tract 290, Philadelphia County, Pennsylvania",7009,613,933,409,2655,539,189,251,1290,272,0,15,1654,568,288,209,0,15,288,209
1400000US42101029100,42101029100,"Census Tract 291, Philadelphia County, Pennsylvania",3860,451,788,308,1579,319,0,10,878,239,0,10,467,283,148,103,80,84,68,65
1400000US42101029200,42101029200,"Census Tract 292, Philadelphia County, Pennsylvania",3903,424,1211,267,1580,290,0,10,310,183,0,10,495,250,307,206,39,38,268,203
1400000US42101029300,42101029300,"Census Tract 293, Philadelphia County, Pennsylvania",3165,565,986,388,1329,295,45,73,7,11,0,10,700,395,98,87,0,10,98,87
1400000US42101029400,42101029400,"Census Tract 294, Philadelphia County, Pennsylvania",2816,437,948,320,1427,386,0,10,0,10,8,18,398,314,35,36,0,10,35,36
1400000US42101029800,42101029800,"Census Tract 298, Philadelphia County, Pennsylvania",5167,492,2479,326,1616,321,0,10,135,111,0,10,742,403,195,177,0,10,195,177
1400000US42101029900,42101029900,"Census Tract 299, Philadelphia County, Pennsylvania",4034,365,1299,317,2266,332,44,54,28,33,0,10,319,146,78,77,58,70,20,31
1400000US42101030000,42101030000,"Census Tract 300, Philadelphia County, Pennsylvania",7511,865,1810,510,4523,777,117,191,141,174,0,15,498,286,422,224,14,21,408,224
1400000US42101030100,42101030100,"Census Tract 301, Philadelphia County, Pennsylvania",5087,715,2033,436,2605,684,0,15,24,32,0,15,180,143,245,215,63,116,182,178
1400000US42101030200,42101030200,"Census Tract 302, Philadelphia County, Pennsylvania",6676,701,2034,447,2992,608,0,15,275,222,0,15,865,488,510,317,112,110,398,307
1400000US42101030501,42101030501,"Census Tract 305.01, Philadelphia County, Pennsylvania",5657,618,1395,378,3065,627,7,12,165,173,0,15,938,404,87,55,19,32,68,53
1400000US42101030502,42101030502,"Census Tract 305.02, Philadelphia County, Pennsylvania",6477,758,1208,292,3343,655,71,119,554,251,0,15,1126,381,175,143,0,15,175,143
1400000US42101030600,42101030600,"Census Tract 306, Philadelphia County, Pennsylvania",8074,903,3421,493,2055,471,55,80,1035,577,0,15,1271,486,237,197,151,176,86,85
1400000US42101030700,42101030700,"Census Tract 307, Philadelphia County, Pennsylvania",4151,593,2105,384,1629,515,8,14,146,163,0,10,130,117,133,110,14,23,119,113
1400000US42101030800,42101030800,"Census Tract 308, Philadelphia County, Pennsylvania",4910,499,3225,429,387,248,0,15,800,450,0,15,248,187,250,255,7,12,243,255
1400000US42101030900,42101030900,"Census Tract 309, Philadelphia County, Pennsylvania",4512,581,1392,360,1626,329,34,51,727,257,0,10,497,273,236,187,48,61,188,173
1400000US42101031000,42101031000,"Census Tract 310, Philadelphia County, Pennsylvania",8625,786,3599,744,2282,504,29,45,1597,396,0,15,846,546,272,234,93,133,179,198
1400000US42101031101,42101031101,"Census Tract 311.01, Philadelphia County, Pennsylvania",5520,544,1952,484,2115,447,14,22,602,118,0,15,712,333,125,175,0,15,125,175
1400000US42101031102,42101031102,"Census Tract 311.02, Philadelphia County, Pennsylvania",4186,442,855,216,2475,402,28,40,389,118,0,10,367,174,72,63,0,10,72,63
1400000US42101031200,42101031200,"Census Tract 312, Philadelphia County, Pennsylvania",5004,536,1326,346,2414,388,0,10,552,366,0,10,657,253,55,47,0,10,55,47
1400000US42101031300,42101031300,"Census Tract 313, Philadelphia County, Pennsylvania",5953,819,2718,614,1545,532,0,15,1222,435,0,15,92,122,376,259,0,15,376,259
1400000US42101031401,42101031401,"Census Tract 314.01, Philadelphia County, Pennsylvania",7386,870,2515,487,1605,444,13,19,1747,482,14,22,839,495,653,475,238,365,415,293
1400000US42101031402,42101031402,"Census Tract 314.02, Philadelphia County, Pennsylvania",5698,517,3025,497,996,274,0,15,1575,274,0,15,26,31,76,89,34,62,42,64
1400000US42101031501,42101031501,"Census Tract 315.01, Philadelphia County, Pennsylvania",6172,570,4825,759,224,158,0,15,581,293,0,15,438,389,104,121,0,15,104,121
1400000US42101031502,42101031502,"Census Tract 315.02, Philadelphia County, Pennsylvania",3620,414,2870,427,224,151,13,22,372,128,0,10,98,71,43,55,0,10,43,55
1400000US42101031600,42101031600,"Census Tract 316, Philadelphia County, Pennsylvania",6063,606,4284,543,722,497,0,15,395,306,0,15,489,455,173,147,11,22,162,142
1400000US42101031700,42101031700,"Census Tract 317, Philadelphia County, Pennsylvania",6281,609,3357,381,1525,282,60,99,610,373,0,15,413,330,316,248,159,149,157,158
1400000US42101031800,42101031800,"Census Tract 318, Philadelphia County, Pennsylvania",4160,436,1434,286,1916,392,31,47,359,223,0,10,361,253,59,51,7,12,52,48
1400000US42101031900,42101031900,"Census Tract 319, Philadelphia County, Pennsylvania",4187,467,2503,462,1071,420,0,10,149,119,42,61,304,213,118,96,60,69,58,68
1400000US42101032000,42101032000,"Census Tract 320, Philadelphia County, Pennsylvania",7039,742,5187,648,989,467,0,15,388,255,0,15,323,234,152,132,20,32,132,128
1400000US42101032100,42101032100,"Census Tract 321, Philadelphia County, Pennsylvania",3942,504,2305,378,1232,349,0,10,41,45,0,10,234,156,130,164,17,26,113,164
1400000US42101032300,42101032300,"Census Tract 323, Philadelphia County, Pennsylvania",3333,448,2252,304,747,254,29,46,51,79,0,10,152,140,102,128,0,10,102,128
1400000US42101032500,42101032500,"Census Tract 325, Philadelphia County, Pennsylvania",5868,899,3714,473,1208,649,0,15,52,61,0,15,703,474,191,193,0,15,191,193
1400000US42101032600,42101032600,"Census Tract 326, Philadelphia County, Pennsylvania",6328,603,4181,615,1244,378,53,61,154,133,0,15,648,467,48,56,48,56,0,15
1400000US42101032900,42101032900,"Census Tract 329, Philadelphia County, Pennsylvania",3477,541,2308,427,586,206,0,10,198,176,0,10,72,105,313,269,78,95,235,244
1400000US42101033000,42101033000,"Census Tract 330, Philadelphia County, Pennsylvania",7635,845,6363,840,926,516,0,15,0,15,0,15,148,172,198,131,19,31,179,125
1400000US42101033101,42101033101,"Census Tract 331.01, Philadelphia County, Pennsylvania",4801,416,4406,415,159,145,0,10,86,107,0,10,98,154,52,68,0,10,52,68
1400000US42101033102,42101033102,"Census Tract 331.02, Philadelphia County, Pennsylvania",3562,385,3270,363,120,81,0,10,121,126,0,10,29,35,22,29,15,27,7,12
1400000US42101033200,42101033200,"Census Tract 332, Philadelphia County, Pennsylvania",2673,201,2486,225,8,12,0,10,155,105,0,10,24,40,0,10,0,10,0,10
1400000US42101033300,42101033300,"Census Tract 333, Philadelphia County, Pennsylvania",4310,405,3272,424,716,259,0,10,136,90,0,10,127,139,59,64,0,10,59,64
1400000US42101033400,42101033400,"Census Tract 334, Philadelphia County, Pennsylvania",5386,545,3173,391,1085,432,99,163,784,212,0,15,207,267,38,42,0,15,38,42
1400000US42101033500,42101033500,"Census Tract 335, Philadelphia County, Pennsylvania",3938,398,2174,370,676,284,0,10,460,139,0,10,538,326,90,62,65,51,25,31
1400000US42101033600,42101033600,"Census Tract 336, Philadelphia County, Pennsylvania",7228,610,5339,635,563,215,0,15,610,353,0,15,442,297,274,169,17,24,257,162
1400000US42101033701,42101033701,"Census Tract 337.01, Philadelphia County, Pennsylvania",4864,635,4227,647,220,161,11,17,378,249,0,10,28,43,0,10,0,10,0,10
1400000US42101033702,42101033702,"Census Tract 337.02, Philadelphia County, Pennsylvania",5294,423,3711,394,291,193,0,15,878,140,0,15,135,150,279,153,0,15,279,153
1400000US42101033800,42101033800,"Census Tract 338, Philadelphia County, Pennsylvania",6402,654,4639,480,785,350,18,30,428,166,0,15,150,171,382,295,68,87,314,243
1400000US42101033900,42101033900,"Census Tract 339, Philadelphia County, Pennsylvania",3049,372,2300,281,449,329,0,10,69,57,0,10,92,92,139,107,21,41,118,98
1400000US42101034000,42101034000,"Census Tract 340, Philadelphia County, Pennsylvania",3001,236,2221,283,233,150,0,10,258,140,0,10,166,216,123,129,9,14,114,121
1400000US42101034100,42101034100,"Census Tract 341, Philadelphia County, Pennsylvania",5738,492,5245,552,342,206,0,15,99,129,11,24,0,15,41,53,0,15,41,53
1400000US42101034200,42101034200,"Census Tract 342, Philadelphia County, Pennsylvania",3676,284,2769,317,457,210,0,10,356,223,0,10,54,73,40,35,0,10,40,35
1400000US42101034400,42101034400,"Census Tract 344, Philadelphia County, Pennsylvania",8027,440,6458,473,361,211,0,15,903,259,0,15,266,138,39,46,20,35,19,30
1400000US42101034501,42101034501,"Census Tract 345.01, Philadelphia County, Pennsylvania",3619,588,2630,559,290,186,0,10,583,93,0,10,116,136,0,10,0,10,0,10
1400000US42101034502,42101034502,"Census Tract 345.02, Philadelphia County, Pennsylvania",4519,736,3084,387,408,194,0,15,455,362,0,15,348,537,224,323,50,85,174,240
1400000US42101034600,42101034600,"Census Tract 346, Philadelphia County, Pennsylvania",2713,286,1491,262,704,219,0,10,396,188,0,10,83,97,39,38,0,10,39,38
1400000US42101034701,42101034701,"Census Tract 347.01, Philadelphia County, Pennsylvania",6582,648,4186,517,494,204,0,15,1176,486,0,15,234,202,492,406,400,402,92,85
1400000US42101034702,42101034702,"Census Tract 347.02, Philadelphia County, Pennsylvania",4132,325,3403,425,332,249,0,10,259,166,0,10,49,60,89,84,27,38,62,73
1400000US42101034801,42101034801,"Census Tract 348.01, Philadelphia County, Pennsylvania",4429,331,3732,335,406,272,0,10,131,126,0,10,27,28,133,133,52,57,81,116
1400000US42101034802,42101034802,"Census Tract 348.02, Philadelphia County, Pennsylvania",5561,476,3884,476,1434,255,0,15,43,68,0,15,14,22,186,145,0,15,186,145
1400000US42101034803,42101034803,"Census Tract 348.03, Philadelphia County, Pennsylvania",4513,394,4039,391,282,169,14,22,164,154,0,10,0,10,14,21,0,10,14,21
1400000US42101034900,42101034900,"Census Tract 349, Philadelphia County, Pennsylvania",4978,581,4006,518,702,231,0,15,110,122,0,15,91,104,69,77,0,15,69,77
1400000US42101035100,42101035100,"Census Tract 351, Philadelphia County, Pennsylvania",3669,387,3482,411,117,84,0,10,24,55,0,10,22,37,24,72,0,10,24,72
1400000US42101035200,42101035200,"Census Tract 352, Philadelphia County, Pennsylvania",4224,374,3701,393,68,77,0,10,422,208,0,10,25,34,8,14,0,10,8,14
1400000US42101035301,42101035301,"Census Tract 353.01, Philadelphia County, Pennsylvania",5524,328,4977,279,149,112,33,52,262,177,0,15,64,103,39,53,0,15,39,53
1400000US42101035302,42101035302,"Census Tract 353.02, Philadelphia County, Pennsylvania",4279,343,3803,354,357,196,0,10,94,82,0,10,8,13,17,20,7,12,10,15
1400000US42101035500,42101035500,"Census Tract 355, Philadelphia County, Pennsylvania",7131,443,5914,483,170,127,85,99,767,135,0,15,129,174,66,83,45,74,21,34
1400000US42101035601,42101035601,"Census Tract 356.01, Philadelphia County, Pennsylvania",5612,509,4929,485,112,93,0,15,402,134,0,15,87,108,82,53,0,15,82,53
1400000US42101035602,42101035602,"Census Tract 356.02, Philadelphia County, Pennsylvania",3244,301,2136,276,148,119,42,71,843,189,0,10,62,65,13,20,0,10,13,20
1400000US42101035701,42101035701,"Census Tract 357.01, Philadelphia County, Pennsylvania",4545,441,2791,400,414,232,20,33,1183,298,0,10,90,93,47,69,47,69,0,10
1400000US42101035702,42101035702,"Census Tract 357.02, Philadelphia County, Pennsylvania",4034,363,3514,374,67,62,0,10,397,263,0,10,0,10,56,89,0,10,56,89
1400000US42101035800,42101035800,"Census Tract 358, Philadelphia County, Pennsylvania",6741,736,5643,600,594,631,15,23,471,203,0,15,0,15,18,33,0,15,18,33
1400000US42101035900,42101035900,"Census Tract 359, Philadelphia County, Pennsylvania",5115,403,4267,374,238,156,0,10,561,111,0,10,12,21,37,66,0,10,37,66
1400000US42101036000,42101036000,"Census Tract 360, Philadelphia County, Pennsylvania",3075,377,1962,368,358,156,0,10,706,157,0,10,0,10,49,45,13,20,36,52
1400000US42101036100,42101036100,"Census Tract 361, Philadelphia County, Pennsylvania",3991,363,2947,363,819,438,0,10,67,64,0,10,148,166,10,38,0,10,10,38
1400000US42101036201,42101036201,"Census Tract 362.01, Philadelphia County, Pennsylvania",5009,430,4471,436,451,318,0,15,44,43,0,15,0,15,43,48,0,15,43,48
1400000US42101036202,42101036202,"Census Tract 362.02, Philadelphia County, Pennsylvania",6252,501,5026,537,539,321,0,15,359,222,0,15,101,95,227,205,0,15,227,205
1400000US42101036203,42101036203,"Census Tract 362.03, Philadelphia County, Pennsylvania",5289,356,4930,358,23,37,0,10,190,125,0,10,69,96,77,68,30,49,47,52
1400000US42101036301,42101036301,"Census Tract 363.01, Philadelphia County, Pennsylvania",3477,313,2795,263,114,83,0,10,435,102,0,10,69,89,64,92,55,91,9,14
1400000US42101036302,42101036302,"Census Tract 363.02, Philadelphia County, Pennsylvania",3319,377,2487,364,573,144,0,10,136,95,47,78,40,43,36,43,36,43,0,10
1400000US42101036303,42101036303,"Census Tract 363.03, Philadelphia County, Pennsylvania",6197,374,5838,415,0,15,0,15,341,229,18,32,0,15,0,15,0,15,0,15
1400000US42101036400,42101036400,"Census Tract 364, Philadelphia County, Pennsylvania",613,222,343,161,183,120,8,12,41,17,0,10,28,35,10,15,0,10,10,15
1400000US42101036501,42101036501,"Census Tract 365.01, Philadelphia County, Pennsylvania",5603,432,4493,519,816,311,0,15,252,181,0,15,0,15,42,45,22,31,20,32
1400000US42101036502,42101036502,"Census Tract 365.02, Philadelphia County, Pennsylvania",4031,330,3908,336,4,9,11,18,104,98,0,10,0,10,4,8,0,10,4,8
1400000US42101036600,42101036600,"Census Tract 366, Philadelphia County, Pennsylvania",1727,229,1287,234,112,98,16,19,296,124,0,10,8,15,8,13,0,10,8,13
1400000US42101036700,42101036700,"Census Tract 367, Philadelphia County, Pennsylvania",2590,263,1989,247,488,129,5,7,65,40,0,10,36,43,7,10,0,10,7,10
1400000US42101036900,42101036900,"Census Tract 369, Philadelphia County, Pennsylvania",5125,955,2862,502,423,121,0,15,1468,627,64,89,204,315,104,121,72,118,32,26
1400000US42101037200,42101037200,"Census Tract 372, Philadelphia County, Pennsylvania",4208,379,3228,364,173,160,0,10,760,153,0,10,19,15,28,31,0,10,28,31
1400000US42101037300,42101037300,"Census Tract 373, Philadelphia County, Pennsylvania",5160,419,4382,462,309,159,0,15,439,210,0,15,4,8,26,21,0,15,26,21
1400000US42101037500,42101037500,"Census Tract 375, Philadelphia County, Pennsylvania",4144,389,2219,377,1614,213,0,10,219,104,3,6,35,42,54,56,0,10,54,56
1400000US42101037600,42101037600,"Census Tract 376, Philadelphia County, Pennsylvania",2666,382,1281,358,678,228,10,17,541,93,0,10,69,78,87,56,0,10,87,56
1400000US42101037700,42101037700,"Census Tract 377, Philadelphia County, Pennsylvania",5137,707,1971,471,2177,355,6,10,365,274,26,40,514,290,78,62,8,16,70,63
1400000US42101037800,42101037800,"Census Tract 378, Philadelphia County, Pennsylvania",2088,276,1746,327,272,165,12,21,30,34,0,10,10,15,18,22,0,10,18,22
1400000US42101037900,42101037900,"Census Tract 379, Philadelphia County, Pennsylvania",5039,423,4835,447,153,166,0,15,51,74,0,15,0,15,0,15,0,15,0,15
1400000US42101038000,42101038000,"Census Tract 380, Philadelphia County, Pennsylvania",2401,258,1982,315,100,98,0,10,41,57,18,33,230,178,30,29,12,19,18,21
1400000US42101038100,42101038100,"Census Tract 381, Philadelphia County, Pennsylvania",1228,195,660,159,523,138,0,10,14,18,0,10,9,9,22,29,0,10,22,29
1400000US42101038200,42101038200,"Census Tract 382, Philadelphia County, Pennsylvania",2303,247,1402,221,397,170,0,10,24,35,0,10,315,202,165,161,0,10,165,161
1400000US42101038300,42101038300,"Census Tract 383, Philadelphia County, Pennsylvania",3820,607,1027,310,1157,362,201,186,0,10,0,10,1263,490,172,146,15,22,157,144
1400000US42101038400,42101038400,"Census Tract 384, Philadelphia County, Pennsylvania",2456,201,2082,191,206,92,0,10,59,49,0,10,32,29,77,76,0,10,77,76
1400000US42101038500,42101038500,"Census Tract 385, Philadelphia County, Pennsylvania",1934,150,1660,159,122,108,0,10,109,72,0,10,2,4,41,44,27,40,14,22
1400000US42101038600,42101038600,"Census Tract 386, Philadelphia County, Pennsylvania",1384,78,1166,97,168,72,0,10,14,16,0,10,0,10,36,32,0,10,36,32
1400000US42101038700,42101038700,"Census Tract 387, Philadelphia County, Pennsylvania",2358,226,1844,201,295,115,10,17,104,66,0,10,16,22,89,66,0,10,89,66
1400000US42101038800,42101038800,"Census Tract 388, Philadelphia County, Pennsylvania",3763,314,2059,208,1408,263,0,10,153,101,0,10,35,37,108,78,0,10,108,78
1400000US42101038900,42101038900,"Census Tract 389, Philadelphia County, Pennsylvania",3346,421,295,149,3006,432,9,15,20,23,0,10,4,7,12,13,0,10,12,13
1400000US42101039000,42101039000,"Census Tract 390, Philadelphia County, Pennsylvania",7946,837,2008,580,4741,765,0,15,186,176,0,15,788,441,223,206,0,15,223,206
1400000US42101980000,42101980000,"Census Tract 9800, Philadelphia County, Pennsylvania",1217,533,765,367,120,101,0,10,185,195,0,10,67,64,80,72,0,10,80,72
1400000US42101980100,42101980100,"Census Tract 9801, Philadelphia County, Pennsylvania",61,30,61,30,0,10,0,10,0,10,0,10,0,10,0,10,0,10,0,10
1400000US42101980200,42101980200,"Census Tract 9802, Philadelphia County, Pennsylvania",354,146,248,142,89,68,0,10,0,10,4,7,0,10,13,25,0,10,13,25
1400000US42101980300,42101980300,"Census Tract 9803, Philadelphia County, Pennsylvania",0,10,0,10,0,10,0,10,0,10,0,10,0,10,0,10,0,10,0,10
1400000US42101980400,42101980400,"Census Tract 9804, Philadelphia County, Pennsylvania",0,10,0,10,0,10,0,10,0,10,0,10,0,10,0,10,0,10,0,10
1400000US42101980500,42101980500,"Census Tract 9805, Philadelphia County, Pennsylvania",0,10,0,10,0,10,0,10,0,10,0,10,0,10,0,10,0,10,0,10
1400000US42101980600,42101980600,"Census Tract 9806, Philadelphia County, Pennsylvania",0,10,0,10,0,10,0,10,0,10,0,10,0,10,0,10,0,10,0,10
1400000US42101980700,42101980700,"Census Tract 9807, Philadelphia County, Pennsylvania",0,10,0,10,0,10,0,10,0,10,0,10,0,10,0,10,0,10,0,10
1400000US42101980800,42101980800,"Census Tract 9808, Philadelphia County, Pennsylvania",0,10,0,10,0,10,0,10,0,10,0,10,0,10,0,10,0,10,0,10
1400000US42101980900,42101980900,"Census Tract 9809, Philadelphia County, Pennsylvania",5,7,5,7,0,10,0,10,0,10,0,10,0,10,0,10,0,10,0,10
1400000US42101989100,42101989100,"Census Tract 9891, Philadelphia County, Pennsylvania",3744,625,847,252,2661,510,10,10,28,32,0,10,154,119,44,35,9,14,35,32
